time,X_ref,dX_ref,D_ref
0.0,2.0,0.1,0.35
0.01,2.0,0.1,0.35
0.02,2.0,0.1,0.35
0.03,2.0,0.1,0.35
0.04,2.0,0.1,0.35
0.05,2.0,0.1,0.35
0.06,2.01,0.1,0.35
0.07,2.01,0.1,0.35
0.08,2.01,0.1,0.35
0.09,2.01,0.1,0.35
0.1,2.01,0.1,0.35
0.11,2.01,0.1,0.35
0.12,2.01,0.1,0.35
0.13,2.01,0.1,0.35
0.14,2.01,0.1,0.35
0.15,2.01,0.1,0.35
0.16,2.02,0.1,0.35
0.17,2.02,0.1,0.35
0.18,2.02,0.1,0.35
0.19,2.02,0.1,0.35
0.2,2.02,0.1,0.35
0.21,2.02,0.1,0.35
0.22,2.02,0.1,0.35
0.23,2.02,0.1,0.35
0.24,2.02,0.1,0.35
0.25,2.02,0.1,0.35
0.26,2.03,0.1,0.35
0.27,2.03,0.1,0.35
0.28,2.03,0.1,0.35
0.29,2.03,0.1,0.35
0.3,2.03,0.1,0.35
0.31,2.03,0.1,0.35
0.32,2.03,0.1,0.35
0.33,2.03,0.1,0.35
0.34,2.03,0.1,0.35
0.35,2.03,0.1,0.35
0.36,2.04,0.1,0.35
0.37,2.04,0.1,0.35
0.38,2.04,0.1,0.35
0.39,2.04,0.1,0.35
0.4,2.04,0.1,0.35
0.41,2.04,0.1,0.35
0.42,2.04,0.1,0.35
0.43,2.04,0.1,0.35
0.44,2.04,0.1,0.35
0.45,2.04,0.1,0.35
0.46,2.05,0.1,0.35
0.47,2.05,0.1,0.35
0.48,2.05,0.1,0.35
0.49,2.05,0.1,0.35
0.5,2.05,0.1,0.35
0.51,2.05,0.1,0.35
0.52,2.05,0.1,0.35
0.53,2.05,0.1,0.35
0.54,2.05,0.1,0.35
0.55,2.05,0.1,0.35
0.56,2.06,0.1,0.35
0.57,2.06,0.1,0.35
0.58,2.06,0.1,0.35
0.59,2.06,0.1,0.35
0.6,2.06,0.1,0.35
0.61,2.06,0.1,0.35
0.62,2.06,0.1,0.35
0.63,2.06,0.1,0.35
0.64,2.06,0.1,0.35
0.65,2.06,0.1,0.35
0.66,2.07,0.1,0.35
0.67,2.07,0.1,0.35
0.68,2.07,0.1,0.35
0.69,2.07,0.1,0.35
0.7,2.07,0.1,0.35
0.71,2.07,0.1,0.35
0.72,2.07,0.1,0.35
0.73,2.07,0.1,0.35
0.74,2.07,0.1,0.35
0.75,2.07,0.1,0.35
0.76,2.08,0.1,0.35
0.77,2.08,0.1,0.35
0.78,2.08,0.1,0.35
0.79,2.08,0.1,0.35
0.8,2.08,0.1,0.35
0.81,2.08,0.1,0.35
0.82,2.08,0.1,0.35
0.83,2.08,0.1,0.35
0.84,2.08,0.1,0.35
0.85,2.08,0.1,0.35
0.86,2.09,0.1,0.35
0.87,2.09,0.1,0.35
0.88,2.09,0.1,0.35
0.89,2.09,0.1,0.35
0.9,2.09,0.1,0.35
0.91,2.09,0.1,0.35
0.92,2.09,0.1,0.35
0.93,2.09,0.1,0.35
0.94,2.09,0.1,0.35
0.95,2.09,0.1,0.35
0.96,2.1,0.1,0.35
0.97,2.1,0.1,0.35
0.98,2.1,0.1,0.35
0.99,2.1,0.1,0.35
1.0,2.1,0.1,0.35
1.01,2.1,0.1,0.35
1.02,2.1,0.1,0.35
1.03,2.1,0.1,0.35
1.04,2.1,0.1,0.35
1.05,2.1,0.1,0.35
1.06,2.11,0.1,0.35
1.07,2.11,0.1,0.35
1.08,2.11,0.1,0.35
1.09,2.11,0.1,0.35
1.1,2.11,0.1,0.35
1.11,2.11,0.1,0.35
1.12,2.11,0.1,0.35
1.13,2.11,0.1,0.35
1.14,2.11,0.1,0.35
1.15,2.11,0.1,0.35
1.16,2.11,0.1,0.35
1.17,2.12,0.1,0.35
1.18,2.12,0.1,0.35
1.19,2.12,0.1,0.35
1.2,2.12,0.1,0.35
1.21,2.12,0.1,0.35
1.22,2.12,0.1,0.35
1.23,2.12,0.1,0.35
1.24,2.12,0.1,0.35
1.25,2.12,0.1,0.35
1.26,2.12,0.1,0.35
1.27,2.13,0.1,0.35
1.28,2.13,0.1,0.35
1.29,2.13,0.1,0.35
1.3,2.13,0.1,0.35
1.31,2.13,0.1,0.35
1.32,2.13,0.1,0.35
1.33,2.13,0.1,0.35
1.34,2.13,0.1,0.35
1.35,2.13,0.1,0.35
1.36,2.13,0.1,0.35
1.37,2.14,0.1,0.35
1.38,2.14,0.1,0.35
1.39,2.14,0.1,0.35
1.4,2.14,0.1,0.35
1.41,2.14,0.1,0.35
1.42,2.14,0.1,0.35
1.43,2.14,0.1,0.35
1.44,2.14,0.1,0.35
1.45,2.14,0.1,0.35
1.46,2.14,0.1,0.35
1.47,2.14,0.1,0.35
1.48,2.15,0.1,0.35
1.49,2.15,0.1,0.35
1.5,2.15,0.1,0.35
1.51,2.15,0.1,0.35
1.52,2.15,0.1,0.35
1.53,2.15,0.1,0.35
1.54,2.15,0.1,0.35
1.55,2.15,0.1,0.35
1.56,2.15,0.1,0.35
1.57,2.15,0.1,0.35
1.58,2.16,0.1,0.35
1.59,2.16,0.09,0.35
1.6,2.16,0.09,0.35
1.61,2.16,0.09,0.35
1.62,2.16,0.09,0.35
1.63,2.16,0.09,0.35
1.64,2.16,0.09,0.35
1.65,2.16,0.09,0.35
1.66,2.16,0.09,0.35
1.67,2.16,0.09,0.35
1.68,2.16,0.09,0.35
1.69,2.17,0.09,0.35
1.7,2.17,0.09,0.35
1.71,2.17,0.09,0.35
1.72,2.17,0.09,0.35
1.73,2.17,0.09,0.35
1.74,2.17,0.09,0.35
1.75,2.17,0.09,0.35
1.76,2.17,0.09,0.35
1.77,2.17,0.09,0.35
1.78,2.17,0.09,0.35
1.79,2.18,0.09,0.35
1.8,2.18,0.09,0.36
1.81,2.18,0.09,0.36
1.82,2.18,0.09,0.36
1.83,2.18,0.09,0.36
1.84,2.18,0.09,0.36
1.85,2.18,0.09,0.36
1.86,2.18,0.09,0.36
1.87,2.18,0.09,0.36
1.88,2.18,0.09,0.36
1.89,2.18,0.09,0.36
1.9,2.19,0.09,0.36
1.91,2.19,0.09,0.36
1.92,2.19,0.09,0.36
1.93,2.19,0.09,0.36
1.94,2.19,0.09,0.36
1.95,2.19,0.09,0.36
1.96,2.19,0.09,0.36
1.97,2.19,0.09,0.36
1.98,2.19,0.09,0.36
1.99,2.19,0.09,0.36
2.0,2.19,0.09,0.36
2.01,2.2,0.09,0.36
2.02,2.2,0.09,0.36
2.03,2.2,0.09,0.36
2.04,2.2,0.09,0.36
2.05,2.2,0.09,0.36
2.06,2.2,0.09,0.36
2.07,2.2,0.09,0.36
2.08,2.2,0.09,0.36
2.09,2.2,0.09,0.36
2.1,2.2,0.09,0.36
2.11,2.2,0.09,0.36
2.12,2.21,0.09,0.36
2.13,2.21,0.09,0.36
2.14,2.21,0.09,0.36
2.15,2.21,0.09,0.36
2.16,2.21,0.09,0.36
2.17,2.21,0.09,0.36
2.18,2.21,0.09,0.36
2.19,2.21,0.09,0.36
2.2,2.21,0.09,0.36
2.21,2.21,0.09,0.36
2.22,2.21,0.09,0.36
2.23,2.22,0.09,0.36
2.24,2.22,0.09,0.36
2.25,2.22,0.09,0.36
2.26,2.22,0.09,0.36
2.27,2.22,0.09,0.36
2.28,2.22,0.09,0.36
2.29,2.22,0.09,0.36
2.3,2.22,0.09,0.36
2.31,2.22,0.09,0.36
2.32,2.22,0.09,0.36
2.33,2.22,0.09,0.36
2.34,2.23,0.09,0.36
2.35,2.23,0.09,0.36
2.36,2.23,0.09,0.36
2.37,2.23,0.09,0.36
2.38,2.23,0.09,0.36
2.39,2.23,0.09,0.36
2.4,2.23,0.09,0.36
2.41,2.23,0.09,0.36
2.42,2.23,0.09,0.36
2.43,2.23,0.09,0.36
2.44,2.23,0.09,0.36
2.45,2.24,0.09,0.36
2.46,2.24,0.09,0.36
2.47,2.24,0.09,0.36
2.48,2.24,0.09,0.36
2.49,2.24,0.09,0.36
2.5,2.24,0.09,0.36
2.51,2.24,0.09,0.36
2.52,2.24,0.09,0.36
2.53,2.24,0.09,0.36
2.54,2.24,0.09,0.36
2.55,2.24,0.09,0.36
2.56,2.24,0.09,0.36
2.57,2.25,0.09,0.36
2.58,2.25,0.09,0.36
2.59,2.25,0.09,0.36
2.6,2.25,0.09,0.36
2.61,2.25,0.09,0.36
2.62,2.25,0.09,0.36
2.63,2.25,0.09,0.36
2.64,2.25,0.09,0.36
2.65,2.25,0.09,0.36
2.66,2.25,0.09,0.36
2.67,2.25,0.09,0.36
2.68,2.26,0.09,0.36
2.69,2.26,0.09,0.36
2.7,2.26,0.09,0.36
2.71,2.26,0.09,0.36
2.72,2.26,0.09,0.36
2.73,2.26,0.09,0.36
2.74,2.26,0.09,0.36
2.75,2.26,0.09,0.36
2.76,2.26,0.09,0.36
2.77,2.26,0.09,0.36
2.78,2.26,0.08,0.36
2.79,2.26,0.08,0.36
2.8,2.27,0.08,0.36
2.81,2.27,0.08,0.36
2.82,2.27,0.08,0.36
2.83,2.27,0.08,0.36
2.84,2.27,0.08,0.36
2.85,2.27,0.08,0.36
2.86,2.27,0.08,0.36
2.87,2.27,0.08,0.36
2.88,2.27,0.08,0.36
2.89,2.27,0.08,0.36
2.9,2.27,0.08,0.36
2.91,2.27,0.08,0.36
2.92,2.28,0.08,0.36
2.93,2.28,0.08,0.36
2.94,2.28,0.08,0.36
2.95,2.28,0.08,0.36
2.96,2.28,0.08,0.36
2.97,2.28,0.08,0.36
2.98,2.28,0.08,0.36
2.99,2.28,0.08,0.36
3.0,2.28,0.08,0.36
3.01,2.28,0.08,0.36
3.02,2.28,0.08,0.36
3.03,2.28,0.08,0.36
3.04,2.29,0.08,0.36
3.05,2.29,0.08,0.36
3.06,2.29,0.08,0.36
3.07,2.29,0.08,0.36
3.08,2.29,0.08,0.36
3.09,2.29,0.08,0.36
3.1,2.29,0.08,0.36
3.11,2.29,0.08,0.36
3.12,2.29,0.08,0.36
3.13,2.29,0.08,0.36
3.14,2.29,0.08,0.36
3.15,2.29,0.08,0.36
3.16,2.3,0.08,0.36
3.17,2.3,0.08,0.36
3.18,2.3,0.08,0.36
3.19,2.3,0.08,0.36
3.2,2.3,0.08,0.36
3.21,2.3,0.08,0.36
3.22,2.3,0.08,0.36
3.23,2.3,0.08,0.36
3.24,2.3,0.08,0.36
3.25,2.3,0.08,0.36
3.26,2.3,0.08,0.36
3.27,2.3,0.08,0.36
3.28,2.3,0.08,0.36
3.29,2.31,0.08,0.36
3.3,2.31,0.08,0.36
3.31,2.31,0.08,0.36
3.32,2.31,0.08,0.36
3.33,2.31,0.08,0.36
3.34,2.31,0.08,0.36
3.35,2.31,0.08,0.36
3.36,2.31,0.08,0.36
3.37,2.31,0.08,0.36
3.38,2.31,0.08,0.36
3.39,2.31,0.08,0.36
3.4,2.31,0.08,0.36
3.41,2.32,0.08,0.36
3.42,2.32,0.08,0.36
3.43,2.32,0.08,0.36
3.44,2.32,0.08,0.36
3.45,2.32,0.08,0.36
3.46,2.32,0.08,0.36
3.47,2.32,0.08,0.36
3.48,2.32,0.08,0.36
3.49,2.32,0.08,0.37
3.5,2.32,0.08,0.37
3.51,2.32,0.08,0.37
3.52,2.32,0.08,0.37
3.53,2.32,0.08,0.37
3.54,2.33,0.08,0.37
3.55,2.33,0.08,0.37
3.56,2.33,0.08,0.37
3.57,2.33,0.08,0.37
3.58,2.33,0.08,0.37
3.59,2.33,0.08,0.37
3.6,2.33,0.08,0.37
3.61,2.33,0.08,0.37
3.62,2.33,0.07,0.37
3.63,2.33,0.07,0.37
3.64,2.33,0.07,0.37
3.65,2.33,0.07,0.37
3.66,2.33,0.07,0.37
3.67,2.33,0.07,0.37
3.68,2.34,0.07,0.37
3.69,2.34,0.07,0.37
3.7,2.34,0.07,0.37
3.71,2.34,0.07,0.37
3.72,2.34,0.07,0.37
3.73,2.34,0.07,0.37
3.74,2.34,0.07,0.37
3.75,2.34,0.07,0.37
3.76,2.34,0.07,0.37
3.77,2.34,0.07,0.37
3.78,2.34,0.07,0.37
3.79,2.34,0.07,0.37
3.8,2.34,0.07,0.37
3.81,2.35,0.07,0.37
3.82,2.35,0.07,0.37
3.83,2.35,0.07,0.37
3.84,2.35,0.07,0.37
3.85,2.35,0.07,0.37
3.86,2.35,0.07,0.37
3.87,2.35,0.07,0.37
3.88,2.35,0.07,0.37
3.89,2.35,0.07,0.37
3.9,2.35,0.07,0.37
3.91,2.35,0.07,0.37
3.92,2.35,0.07,0.37
3.93,2.35,0.07,0.37
3.94,2.35,0.07,0.37
3.95,2.36,0.07,0.37
3.96,2.36,0.07,0.37
3.97,2.36,0.07,0.37
3.98,2.36,0.07,0.37
3.99,2.36,0.07,0.37
4.0,2.36,0.07,0.37
4.01,2.36,0.07,0.37
4.02,2.36,0.07,0.37
4.03,2.36,0.07,0.37
4.04,2.36,0.07,0.37
4.05,2.36,0.07,0.37
4.06,2.36,0.07,0.37
4.07,2.36,0.07,0.37
4.08,2.36,0.07,0.37
4.09,2.36,0.07,0.37
4.1,2.37,0.07,0.37
4.11,2.37,0.07,0.37
4.12,2.37,0.07,0.37
4.13,2.37,0.07,0.37
4.14,2.37,0.07,0.37
4.15,2.37,0.07,0.37
4.16,2.37,0.07,0.37
4.17,2.37,0.07,0.37
4.18,2.37,0.07,0.37
4.19,2.37,0.07,0.37
4.2,2.37,0.07,0.37
4.21,2.37,0.07,0.37
4.22,2.37,0.07,0.37
4.23,2.37,0.07,0.37
4.24,2.37,0.07,0.37
4.25,2.38,0.07,0.37
4.26,2.38,0.07,0.37
4.27,2.38,0.07,0.37
4.28,2.38,0.07,0.37
4.29,2.38,0.07,0.37
4.3,2.38,0.07,0.37
4.31,2.38,0.07,0.37
4.32,2.38,0.06,0.37
4.33,2.38,0.06,0.37
4.34,2.38,0.06,0.37
4.35,2.38,0.06,0.37
4.36,2.38,0.06,0.37
4.37,2.38,0.06,0.37
4.38,2.38,0.06,0.37
4.39,2.38,0.06,0.37
4.4,2.39,0.06,0.37
4.41,2.39,0.06,0.37
4.42,2.39,0.06,0.37
4.43,2.39,0.06,0.37
4.44,2.39,0.06,0.37
4.45,2.39,0.06,0.37
4.46,2.39,0.06,0.37
4.47,2.39,0.06,0.37
4.48,2.39,0.06,0.37
4.49,2.39,0.06,0.37
4.5,2.39,0.06,0.37
4.51,2.39,0.06,0.37
4.52,2.39,0.06,0.37
4.53,2.39,0.06,0.37
4.54,2.39,0.06,0.37
4.55,2.39,0.06,0.37
4.56,2.4,0.06,0.37
4.57,2.4,0.06,0.37
4.58,2.4,0.06,0.37
4.59,2.4,0.06,0.37
4.6,2.4,0.06,0.37
4.61,2.4,0.06,0.37
4.62,2.4,0.06,0.37
4.63,2.4,0.06,0.37
4.64,2.4,0.06,0.37
4.65,2.4,0.06,0.37
4.66,2.4,0.06,0.37
4.67,2.4,0.06,0.37
4.68,2.4,0.06,0.37
4.69,2.4,0.06,0.37
4.7,2.4,0.06,0.37
4.71,2.4,0.06,0.37
4.72,2.4,0.06,0.37
4.73,2.41,0.06,0.37
4.74,2.41,0.06,0.37
4.75,2.41,0.06,0.37
4.76,2.41,0.06,0.37
4.77,2.41,0.06,0.37
4.78,2.41,0.06,0.37
4.79,2.41,0.06,0.37
4.8,2.41,0.06,0.37
4.81,2.41,0.06,0.37
4.82,2.41,0.06,0.37
4.83,2.41,0.06,0.37
4.84,2.41,0.06,0.37
4.85,2.41,0.06,0.37
4.86,2.41,0.06,0.37
4.87,2.41,0.06,0.37
4.88,2.41,0.06,0.37
4.89,2.41,0.06,0.37
4.9,2.42,0.06,0.37
4.91,2.42,0.06,0.38
4.92,2.42,0.06,0.38
4.93,2.42,0.06,0.38
4.94,2.42,0.06,0.38
4.95,2.42,0.05,0.38
4.96,2.42,0.05,0.38
4.97,2.42,0.05,0.38
4.98,2.42,0.05,0.38
4.99,2.42,0.05,0.38
5.0,2.42,0.05,0.38
5.01,2.42,0.05,0.38
5.02,2.42,0.05,0.38
5.03,2.42,0.05,0.38
5.04,2.42,0.05,0.38
5.05,2.42,0.05,0.38
5.06,2.42,0.05,0.38
5.07,2.42,0.05,0.38
5.08,2.43,0.05,0.38
5.09,2.43,0.05,0.38
5.1,2.43,0.05,0.38
5.11,2.43,0.05,0.38
5.12,2.43,0.05,0.38
5.13,2.43,0.05,0.38
5.14,2.43,0.05,0.38
5.15,2.43,0.05,0.38
5.16,2.43,0.05,0.38
5.17,2.43,0.05,0.38
5.18,2.43,0.05,0.38
5.19,2.43,0.05,0.38
5.2,2.43,0.05,0.38
5.21,2.43,0.05,0.38
5.22,2.43,0.05,0.38
5.23,2.43,0.05,0.38
5.24,2.43,0.05,0.38
5.25,2.43,0.05,0.38
5.26,2.43,0.05,0.38
5.27,2.43,0.05,0.38
5.28,2.44,0.05,0.38
5.29,2.44,0.05,0.38
5.3,2.44,0.05,0.38
5.31,2.44,0.05,0.38
5.32,2.44,0.05,0.38
5.33,2.44,0.05,0.38
5.34,2.44,0.05,0.38
5.35,2.44,0.05,0.38
5.36,2.44,0.05,0.38
5.37,2.44,0.05,0.38
5.38,2.44,0.05,0.38
5.39,2.44,0.05,0.38
5.4,2.44,0.05,0.38
5.41,2.44,0.05,0.38
5.42,2.44,0.05,0.38
5.43,2.44,0.05,0.38
5.44,2.44,0.05,0.38
5.45,2.44,0.05,0.38
5.46,2.44,0.05,0.38
5.47,2.44,0.05,0.38
5.48,2.44,0.05,0.38
5.49,2.45,0.05,0.38
5.5,2.45,0.05,0.38
5.51,2.45,0.05,0.38
5.52,2.45,0.05,0.38
5.53,2.45,0.04,0.38
5.54,2.45,0.04,0.38
5.55,2.45,0.04,0.38
5.56,2.45,0.04,0.38
5.57,2.45,0.04,0.38
5.58,2.45,0.04,0.38
5.59,2.45,0.04,0.38
5.6,2.45,0.04,0.38
5.61,2.45,0.04,0.38
5.62,2.45,0.04,0.38
5.63,2.45,0.04,0.38
5.64,2.45,0.04,0.38
5.65,2.45,0.04,0.38
5.66,2.45,0.04,0.38
5.67,2.45,0.04,0.38
5.68,2.45,0.04,0.38
5.69,2.45,0.04,0.38
5.7,2.45,0.04,0.38
5.71,2.45,0.04,0.38
5.72,2.46,0.04,0.38
5.73,2.46,0.04,0.38
5.74,2.46,0.04,0.38
5.75,2.46,0.04,0.38
5.76,2.46,0.04,0.38
5.77,2.46,0.04,0.38
5.78,2.46,0.04,0.38
5.79,2.46,0.04,0.38
5.8,2.46,0.04,0.38
5.81,2.46,0.04,0.38
5.82,2.46,0.04,0.38
5.83,2.46,0.04,0.38
5.84,2.46,0.04,0.38
5.85,2.46,0.04,0.38
5.86,2.46,0.04,0.38
5.87,2.46,0.04,0.38
5.88,2.46,0.04,0.38
5.89,2.46,0.04,0.38
5.9,2.46,0.04,0.38
5.91,2.46,0.04,0.38
5.92,2.46,0.04,0.38
5.93,2.46,0.04,0.38
5.94,2.46,0.04,0.38
5.95,2.46,0.04,0.38
5.96,2.46,0.04,0.38
5.97,2.46,0.04,0.38
5.98,2.47,0.04,0.38
5.99,2.47,0.04,0.38
6.0,2.47,0.04,0.38
6.01,2.47,0.04,0.38
6.02,2.47,0.04,0.38
6.03,2.47,0.04,0.38
6.04,2.47,0.04,0.38
6.05,2.47,0.04,0.38
6.06,2.47,0.04,0.38
6.07,2.47,0.03,0.38
6.08,2.47,0.03,0.38
6.09,2.47,0.03,0.38
6.1,2.47,0.03,0.38
6.11,2.47,0.03,0.38
6.12,2.47,0.03,0.38
6.13,2.47,0.03,0.38
6.14,2.47,0.03,0.38
6.15,2.47,0.03,0.38
6.16,2.47,0.03,0.38
6.17,2.47,0.03,0.38
6.18,2.47,0.03,0.38
6.19,2.47,0.03,0.38
6.2,2.47,0.03,0.38
6.21,2.47,0.03,0.38
6.22,2.47,0.03,0.39
6.23,2.47,0.03,0.39
6.24,2.47,0.03,0.39
6.25,2.47,0.03,0.39
6.26,2.47,0.03,0.39
6.27,2.48,0.03,0.39
6.28,2.48,0.03,0.39
6.29,2.48,0.03,0.39
6.3,2.48,0.03,0.39
6.31,2.48,0.03,0.39
6.32,2.48,0.03,0.39
6.33,2.48,0.03,0.39
6.34,2.48,0.03,0.39
6.35,2.48,0.03,0.39
6.36,2.48,0.03,0.39
6.37,2.48,0.03,0.39
6.38,2.48,0.03,0.39
6.39,2.48,0.03,0.39
6.4,2.48,0.03,0.39
6.41,2.48,0.03,0.39
6.42,2.48,0.03,0.39
6.43,2.48,0.03,0.39
6.44,2.48,0.03,0.39
6.45,2.48,0.03,0.39
6.46,2.48,0.03,0.39
6.47,2.48,0.03,0.39
6.48,2.48,0.03,0.39
6.49,2.48,0.03,0.39
6.5,2.48,0.03,0.39
6.51,2.48,0.03,0.39
6.52,2.48,0.03,0.39
6.53,2.48,0.03,0.39
6.54,2.48,0.03,0.39
6.55,2.48,0.03,0.39
6.56,2.48,0.03,0.39
6.57,2.48,0.03,0.39
6.58,2.48,0.03,0.39
6.59,2.48,0.03,0.39
6.6,2.48,0.02,0.39
6.61,2.48,0.02,0.39
6.62,2.48,0.02,0.39
6.63,2.49,0.02,0.39
6.64,2.49,0.02,0.39
6.65,2.49,0.02,0.39
6.66,2.49,0.02,0.39
6.67,2.49,0.02,0.39
6.68,2.49,0.02,0.39
6.69,2.49,0.02,0.39
6.7,2.49,0.02,0.39
6.71,2.49,0.02,0.39
6.72,2.49,0.02,0.39
6.73,2.49,0.02,0.39
6.74,2.49,0.02,0.39
6.75,2.49,0.02,0.39
6.76,2.49,0.02,0.39
6.77,2.49,0.02,0.39
6.78,2.49,0.02,0.39
6.79,2.49,0.02,0.39
6.8,2.49,0.02,0.39
6.81,2.49,0.02,0.39
6.82,2.49,0.02,0.39
6.83,2.49,0.02,0.39
6.84,2.49,0.02,0.39
6.85,2.49,0.02,0.39
6.86,2.49,0.02,0.39
6.87,2.49,0.02,0.39
6.88,2.49,0.02,0.39
6.89,2.49,0.02,0.39
6.9,2.49,0.02,0.39
6.91,2.49,0.02,0.39
6.92,2.49,0.02,0.39
6.93,2.49,0.02,0.39
6.94,2.49,0.02,0.39
6.95,2.49,0.02,0.39
6.96,2.49,0.02,0.39
6.97,2.49,0.02,0.39
6.98,2.49,0.02,0.39
6.99,2.49,0.02,0.39
7.0,2.49,0.02,0.39
7.01,2.49,0.02,0.39
7.02,2.49,0.02,0.39
7.03,2.49,0.02,0.39
7.04,2.49,0.02,0.39
7.05,2.49,0.02,0.39
7.06,2.49,0.02,0.39
7.07,2.49,0.02,0.39
7.08,2.49,0.02,0.39
7.09,2.49,0.02,0.39
7.1,2.49,0.02,0.39
7.11,2.49,0.01,0.39
7.12,2.49,0.01,0.39
7.13,2.49,0.01,0.39
7.14,2.49,0.01,0.39
7.15,2.5,0.01,0.39
7.16,2.5,0.01,0.39
7.17,2.5,0.01,0.39
7.18,2.5,0.01,0.39
7.19,2.5,0.01,0.39
7.2,2.5,0.01,0.39
7.21,2.5,0.01,0.39
7.22,2.5,0.01,0.39
7.23,2.5,0.01,0.39
7.24,2.5,0.01,0.39
7.25,2.5,0.01,0.39
7.26,2.5,0.01,0.39
7.27,2.5,0.01,0.39
7.28,2.5,0.01,0.39
7.29,2.5,0.01,0.39
7.3,2.5,0.01,0.39
7.31,2.5,0.01,0.39
7.32,2.5,0.01,0.39
7.33,2.5,0.01,0.39
7.34,2.5,0.01,0.39
7.35,2.5,0.01,0.39
7.36,2.5,0.01,0.39
7.37,2.5,0.01,0.39
7.38,2.5,0.01,0.39
7.39,2.5,0.01,0.39
7.4,2.5,0.01,0.39
7.41,2.5,0.01,0.39
7.42,2.5,0.01,0.39
7.43,2.5,0.01,0.39
7.44,2.5,0.01,0.39
7.45,2.5,0.01,0.39
7.46,2.5,0.01,0.39
7.47,2.5,0.01,0.39
7.48,2.5,0.01,0.4
7.49,2.5,0.01,0.4
7.5,2.5,0.01,0.4
7.51,2.5,0.01,0.4
7.52,2.5,0.01,0.4
7.53,2.5,0.01,0.4
7.54,2.5,0.01,0.4
7.55,2.5,0.01,0.4
7.56,2.5,0.01,0.4
7.57,2.5,0.01,0.4
7.58,2.5,0.01,0.4
7.59,2.5,0.01,0.4
7.6,2.5,0.01,0.4
7.61,2.5,0.0,0.4
7.62,2.5,0.0,0.4
7.63,2.5,0.0,0.4
7.64,2.5,0.0,0.4
7.65,2.5,0.0,0.4
7.66,2.5,0.0,0.4
7.67,2.5,0.0,0.4
7.68,2.5,0.0,0.4
7.69,2.5,0.0,0.4
7.7,2.5,0.0,0.4
7.71,2.5,0.0,0.4
7.72,2.5,0.0,0.4
7.73,2.5,0.0,0.4
7.74,2.5,0.0,0.4
7.75,2.5,0.0,0.4
7.76,2.5,0.0,0.4
7.77,2.5,0.0,0.4
7.78,2.5,0.0,0.4
7.79,2.5,0.0,0.4
7.8,2.5,0.0,0.4
7.81,2.5,0.0,0.4
7.82,2.5,0.0,0.4
7.83,2.5,0.0,0.4
7.84,2.5,0.0,0.4
7.85,2.5,0.0,0.4
7.86,2.5,-0.0,0.4
7.87,2.5,-0.0,0.4
7.88,2.5,-0.0,0.4
7.89,2.5,-0.0,0.4
7.9,2.5,-0.0,0.4
7.91,2.5,-0.0,0.4
7.92,2.5,-0.0,0.4
7.93,2.5,-0.0,0.4
7.94,2.5,-0.0,0.4
7.95,2.5,-0.0,0.4
7.96,2.5,-0.0,0.4
7.97,2.5,-0.0,0.4
7.98,2.5,-0.0,0.4
7.99,2.5,-0.0,0.4
8.0,2.5,-0.0,0.4
8.01,2.5,-0.0,0.4
8.02,2.5,-0.0,0.4
8.03,2.5,-0.0,0.4
8.04,2.5,-0.0,0.4
8.05,2.5,-0.0,0.4
8.06,2.5,-0.0,0.4
8.07,2.5,-0.0,0.4
8.08,2.5,-0.0,0.4
8.09,2.5,-0.0,0.4
8.1,2.5,-0.0,0.4
8.11,2.5,-0.01,0.4
8.12,2.5,-0.01,0.4
8.13,2.5,-0.01,0.4
8.14,2.5,-0.01,0.4
8.15,2.5,-0.01,0.4
8.16,2.5,-0.01,0.4
8.17,2.5,-0.01,0.4
8.18,2.5,-0.01,0.4
8.19,2.5,-0.01,0.4
8.2,2.5,-0.01,0.4
8.21,2.5,-0.01,0.4
8.22,2.5,-0.01,0.4
8.23,2.5,-0.01,0.4
8.24,2.5,-0.01,0.4
8.25,2.5,-0.01,0.4
8.26,2.5,-0.01,0.4
8.27,2.5,-0.01,0.4
8.28,2.5,-0.01,0.4
8.29,2.5,-0.01,0.4
8.3,2.5,-0.01,0.4
8.31,2.5,-0.01,0.4
8.32,2.5,-0.01,0.4
8.33,2.5,-0.01,0.4
8.34,2.5,-0.01,0.4
8.35,2.5,-0.01,0.4
8.36,2.5,-0.01,0.4
8.37,2.5,-0.01,0.4
8.38,2.5,-0.01,0.4
8.39,2.5,-0.01,0.4
8.4,2.5,-0.01,0.4
8.41,2.5,-0.01,0.4
8.42,2.5,-0.01,0.4
8.43,2.5,-0.01,0.4
8.44,2.5,-0.01,0.4
8.45,2.5,-0.01,0.4
8.46,2.5,-0.01,0.4
8.47,2.5,-0.01,0.4
8.48,2.5,-0.01,0.4
8.49,2.5,-0.01,0.4
8.5,2.5,-0.01,0.4
8.51,2.5,-0.01,0.4
8.52,2.5,-0.01,0.4
8.53,2.5,-0.01,0.4
8.54,2.5,-0.01,0.4
8.55,2.5,-0.01,0.4
8.56,2.5,-0.01,0.4
8.57,2.49,-0.01,0.4
8.58,2.49,-0.01,0.4
8.59,2.49,-0.01,0.4
8.6,2.49,-0.01,0.4
8.61,2.49,-0.02,0.4
8.62,2.49,-0.02,0.4
8.63,2.49,-0.02,0.4
8.64,2.49,-0.02,0.4
8.65,2.49,-0.02,0.4
8.66,2.49,-0.02,0.4
8.67,2.49,-0.02,0.4
8.68,2.49,-0.02,0.4
8.69,2.49,-0.02,0.4
8.7,2.49,-0.02,0.4
8.71,2.49,-0.02,0.4
8.72,2.49,-0.02,0.4
8.73,2.49,-0.02,0.41
8.74,2.49,-0.02,0.41
8.75,2.49,-0.02,0.41
8.76,2.49,-0.02,0.41
8.77,2.49,-0.02,0.41
8.78,2.49,-0.02,0.41
8.79,2.49,-0.02,0.41
8.8,2.49,-0.02,0.41
8.81,2.49,-0.02,0.41
8.82,2.49,-0.02,0.41
8.83,2.49,-0.02,0.41
8.84,2.49,-0.02,0.41
8.85,2.49,-0.02,0.41
8.86,2.49,-0.02,0.41
8.87,2.49,-0.02,0.41
8.88,2.49,-0.02,0.41
8.89,2.49,-0.02,0.41
8.9,2.49,-0.02,0.41
8.91,2.49,-0.02,0.41
8.92,2.49,-0.02,0.41
8.93,2.49,-0.02,0.41
8.94,2.49,-0.02,0.41
8.95,2.49,-0.02,0.41
8.96,2.49,-0.02,0.41
8.97,2.49,-0.02,0.41
8.98,2.49,-0.02,0.41
8.99,2.49,-0.02,0.41
9.0,2.49,-0.02,0.41
9.01,2.49,-0.02,0.41
9.02,2.49,-0.02,0.41
9.03,2.49,-0.02,0.41
9.04,2.49,-0.02,0.41
9.05,2.49,-0.02,0.41
9.06,2.49,-0.02,0.41
9.07,2.49,-0.02,0.41
9.08,2.49,-0.02,0.41
9.09,2.48,-0.02,0.41
9.1,2.48,-0.02,0.41
9.11,2.48,-0.02,0.41
9.12,2.48,-0.03,0.41
9.13,2.48,-0.03,0.41
9.14,2.48,-0.03,0.41
9.15,2.48,-0.03,0.41
9.16,2.48,-0.03,0.41
9.17,2.48,-0.03,0.41
9.18,2.48,-0.03,0.41
9.19,2.48,-0.03,0.41
9.2,2.48,-0.03,0.41
9.21,2.48,-0.03,0.41
9.22,2.48,-0.03,0.41
9.23,2.48,-0.03,0.41
9.24,2.48,-0.03,0.41
9.25,2.48,-0.03,0.41
9.26,2.48,-0.03,0.41
9.27,2.48,-0.03,0.41
9.28,2.48,-0.03,0.41
9.29,2.48,-0.03,0.41
9.3,2.48,-0.03,0.41
9.31,2.48,-0.03,0.41
9.32,2.48,-0.03,0.41
9.33,2.48,-0.03,0.41
9.34,2.48,-0.03,0.41
9.35,2.48,-0.03,0.41
9.36,2.48,-0.03,0.41
9.37,2.48,-0.03,0.41
9.38,2.48,-0.03,0.41
9.39,2.48,-0.03,0.41
9.4,2.48,-0.03,0.41
9.41,2.48,-0.03,0.41
9.42,2.48,-0.03,0.41
9.43,2.48,-0.03,0.41
9.44,2.48,-0.03,0.41
9.45,2.47,-0.03,0.41
9.46,2.47,-0.03,0.41
9.47,2.47,-0.03,0.41
9.48,2.47,-0.03,0.41
9.49,2.47,-0.03,0.41
9.5,2.47,-0.03,0.41
9.51,2.47,-0.03,0.41
9.52,2.47,-0.03,0.41
9.53,2.47,-0.03,0.41
9.54,2.47,-0.03,0.41
9.55,2.47,-0.03,0.41
9.56,2.47,-0.03,0.41
9.57,2.47,-0.03,0.41
9.58,2.47,-0.03,0.41
9.59,2.47,-0.03,0.41
9.6,2.47,-0.03,0.41
9.61,2.47,-0.03,0.41
9.62,2.47,-0.03,0.41
9.63,2.47,-0.03,0.41
9.64,2.47,-0.03,0.41
9.65,2.47,-0.04,0.41
9.66,2.47,-0.04,0.41
9.67,2.47,-0.04,0.41
9.68,2.47,-0.04,0.41
9.69,2.47,-0.04,0.41
9.7,2.47,-0.04,0.41
9.71,2.47,-0.04,0.41
9.72,2.47,-0.04,0.41
9.73,2.47,-0.04,0.41
9.74,2.46,-0.04,0.41
9.75,2.46,-0.04,0.41
9.76,2.46,-0.04,0.41
9.77,2.46,-0.04,0.41
9.78,2.46,-0.04,0.41
9.79,2.46,-0.04,0.41
9.8,2.46,-0.04,0.41
9.81,2.46,-0.04,0.41
9.82,2.46,-0.04,0.41
9.83,2.46,-0.04,0.41
9.84,2.46,-0.04,0.41
9.85,2.46,-0.04,0.41
9.86,2.46,-0.04,0.41
9.87,2.46,-0.04,0.41
9.88,2.46,-0.04,0.41
9.89,2.46,-0.04,0.41
9.9,2.46,-0.04,0.41
9.91,2.46,-0.04,0.41
9.92,2.46,-0.04,0.41
9.93,2.46,-0.04,0.41
9.94,2.46,-0.04,0.41
9.95,2.46,-0.04,0.41
9.96,2.46,-0.04,0.41
9.97,2.46,-0.04,0.41
9.98,2.46,-0.04,0.41
9.99,2.46,-0.04,0.41
10.0,2.45,-0.04,0.41
10.01,2.45,-0.04,0.42
10.02,2.45,-0.04,0.42
10.03,2.45,-0.04,0.42
10.04,2.45,-0.04,0.42
10.05,2.45,-0.04,0.42
10.06,2.45,-0.04,0.42
10.07,2.45,-0.04,0.42
10.08,2.45,-0.04,0.42
10.09,2.45,-0.04,0.42
10.1,2.45,-0.04,0.42
10.11,2.45,-0.04,0.42
10.12,2.45,-0.04,0.42
10.13,2.45,-0.04,0.42
10.14,2.45,-0.04,0.42
10.15,2.45,-0.04,0.42
10.16,2.45,-0.04,0.42
10.17,2.45,-0.04,0.42
10.18,2.45,-0.04,0.42
10.19,2.45,-0.05,0.42
10.2,2.45,-0.05,0.42
10.21,2.45,-0.05,0.42
10.22,2.45,-0.05,0.42
10.23,2.44,-0.05,0.42
10.24,2.44,-0.05,0.42
10.25,2.44,-0.05,0.42
10.26,2.44,-0.05,0.42
10.27,2.44,-0.05,0.42
10.28,2.44,-0.05,0.42
10.29,2.44,-0.05,0.42
10.3,2.44,-0.05,0.42
10.31,2.44,-0.05,0.42
10.32,2.44,-0.05,0.42
10.33,2.44,-0.05,0.42
10.34,2.44,-0.05,0.42
10.35,2.44,-0.05,0.42
10.36,2.44,-0.05,0.42
10.37,2.44,-0.05,0.42
10.38,2.44,-0.05,0.42
10.39,2.44,-0.05,0.42
10.4,2.44,-0.05,0.42
10.41,2.44,-0.05,0.42
10.42,2.44,-0.05,0.42
10.43,2.44,-0.05,0.42
10.44,2.43,-0.05,0.42
10.45,2.43,-0.05,0.42
10.46,2.43,-0.05,0.42
10.47,2.43,-0.05,0.42
10.48,2.43,-0.05,0.42
10.49,2.43,-0.05,0.42
10.5,2.43,-0.05,0.42
10.51,2.43,-0.05,0.42
10.52,2.43,-0.05,0.42
10.53,2.43,-0.05,0.42
10.54,2.43,-0.05,0.42
10.55,2.43,-0.05,0.42
10.56,2.43,-0.05,0.42
10.57,2.43,-0.05,0.42
10.58,2.43,-0.05,0.42
10.59,2.43,-0.05,0.42
10.6,2.43,-0.05,0.42
10.61,2.43,-0.05,0.42
10.62,2.43,-0.05,0.42
10.63,2.42,-0.05,0.42
10.64,2.42,-0.05,0.42
10.65,2.42,-0.05,0.42
10.66,2.42,-0.05,0.42
10.67,2.42,-0.05,0.42
10.68,2.42,-0.05,0.42
10.69,2.42,-0.05,0.42
10.7,2.42,-0.05,0.42
10.71,2.42,-0.05,0.42
10.72,2.42,-0.05,0.42
10.73,2.42,-0.05,0.42
10.74,2.42,-0.05,0.42
10.75,2.42,-0.05,0.42
10.76,2.42,-0.05,0.42
10.77,2.42,-0.06,0.42
10.78,2.42,-0.06,0.42
10.79,2.42,-0.06,0.42
10.8,2.42,-0.06,0.42
10.81,2.42,-0.06,0.42
10.82,2.41,-0.06,0.42
10.83,2.41,-0.06,0.42
10.84,2.41,-0.06,0.42
10.85,2.41,-0.06,0.42
10.86,2.41,-0.06,0.42
10.87,2.41,-0.06,0.42
10.88,2.41,-0.06,0.42
10.89,2.41,-0.06,0.42
10.9,2.41,-0.06,0.42
10.91,2.41,-0.06,0.42
10.92,2.41,-0.06,0.42
10.93,2.41,-0.06,0.42
10.94,2.41,-0.06,0.42
10.95,2.41,-0.06,0.42
10.96,2.41,-0.06,0.42
10.97,2.41,-0.06,0.42
10.98,2.41,-0.06,0.42
10.99,2.4,-0.06,0.42
11.0,2.4,-0.06,0.42
11.01,2.4,-0.06,0.42
11.02,2.4,-0.06,0.42
11.03,2.4,-0.06,0.42
11.04,2.4,-0.06,0.42
11.05,2.4,-0.06,0.42
11.06,2.4,-0.06,0.42
11.07,2.4,-0.06,0.42
11.08,2.4,-0.06,0.42
11.09,2.4,-0.06,0.42
11.1,2.4,-0.06,0.42
11.11,2.4,-0.06,0.42
11.12,2.4,-0.06,0.42
11.13,2.4,-0.06,0.42
11.14,2.4,-0.06,0.42
11.15,2.4,-0.06,0.42
11.16,2.39,-0.06,0.42
11.17,2.39,-0.06,0.42
11.18,2.39,-0.06,0.42
11.19,2.39,-0.06,0.42
11.2,2.39,-0.06,0.42
11.21,2.39,-0.06,0.42
11.22,2.39,-0.06,0.42
11.23,2.39,-0.06,0.42
11.24,2.39,-0.06,0.42
11.25,2.39,-0.06,0.42
11.26,2.39,-0.06,0.42
11.27,2.39,-0.06,0.42
11.28,2.39,-0.06,0.42
11.29,2.39,-0.06,0.42
11.3,2.39,-0.06,0.42
11.31,2.39,-0.06,0.42
11.32,2.38,-0.06,0.42
11.33,2.38,-0.06,0.42
11.34,2.38,-0.06,0.42
11.35,2.38,-0.06,0.43
11.36,2.38,-0.06,0.43
11.37,2.38,-0.06,0.43
11.38,2.38,-0.06,0.43
11.39,2.38,-0.06,0.43
11.4,2.38,-0.07,0.43
11.41,2.38,-0.07,0.43
11.42,2.38,-0.07,0.43
11.43,2.38,-0.07,0.43
11.44,2.38,-0.07,0.43
11.45,2.38,-0.07,0.43
11.46,2.38,-0.07,0.43
11.47,2.37,-0.07,0.43
11.48,2.37,-0.07,0.43
11.49,2.37,-0.07,0.43
11.5,2.37,-0.07,0.43
11.51,2.37,-0.07,0.43
11.52,2.37,-0.07,0.43
11.53,2.37,-0.07,0.43
11.54,2.37,-0.07,0.43
11.55,2.37,-0.07,0.43
11.56,2.37,-0.07,0.43
11.57,2.37,-0.07,0.43
11.58,2.37,-0.07,0.43
11.59,2.37,-0.07,0.43
11.6,2.37,-0.07,0.43
11.61,2.37,-0.07,0.43
11.62,2.36,-0.07,0.43
11.63,2.36,-0.07,0.43
11.64,2.36,-0.07,0.43
11.65,2.36,-0.07,0.43
11.66,2.36,-0.07,0.43
11.67,2.36,-0.07,0.43
11.68,2.36,-0.07,0.43
11.69,2.36,-0.07,0.43
11.7,2.36,-0.07,0.43
11.71,2.36,-0.07,0.43
11.72,2.36,-0.07,0.43
11.73,2.36,-0.07,0.43
11.74,2.36,-0.07,0.43
11.75,2.36,-0.07,0.43
11.76,2.36,-0.07,0.43
11.77,2.35,-0.07,0.43
11.78,2.35,-0.07,0.43
11.79,2.35,-0.07,0.43
11.8,2.35,-0.07,0.43
11.81,2.35,-0.07,0.43
11.82,2.35,-0.07,0.43
11.83,2.35,-0.07,0.43
11.84,2.35,-0.07,0.43
11.85,2.35,-0.07,0.43
11.86,2.35,-0.07,0.43
11.87,2.35,-0.07,0.43
11.88,2.35,-0.07,0.43
11.89,2.35,-0.07,0.43
11.9,2.35,-0.07,0.43
11.91,2.34,-0.07,0.43
11.92,2.34,-0.07,0.43
11.93,2.34,-0.07,0.43
11.94,2.34,-0.07,0.43
11.95,2.34,-0.07,0.43
11.96,2.34,-0.07,0.43
11.97,2.34,-0.07,0.43
11.98,2.34,-0.07,0.43
11.99,2.34,-0.07,0.43
12.0,2.34,-0.07,0.43
12.01,2.34,-0.07,0.43
12.02,2.34,-0.07,0.43
12.03,2.34,-0.07,0.43
12.04,2.33,-0.07,0.43
12.05,2.33,-0.07,0.43
12.06,2.33,-0.07,0.43
12.07,2.33,-0.07,0.43
12.08,2.33,-0.07,0.43
12.09,2.33,-0.07,0.43
12.1,2.33,-0.08,0.43
12.11,2.33,-0.08,0.43
12.12,2.33,-0.08,0.43
12.13,2.33,-0.08,0.43
12.14,2.33,-0.08,0.43
12.15,2.33,-0.08,0.43
12.16,2.33,-0.08,0.43
12.17,2.33,-0.08,0.43
12.18,2.32,-0.08,0.43
12.19,2.32,-0.08,0.43
12.2,2.32,-0.08,0.43
12.21,2.32,-0.08,0.43
12.22,2.32,-0.08,0.43
12.23,2.32,-0.08,0.43
12.24,2.32,-0.08,0.43
12.25,2.32,-0.08,0.43
12.26,2.32,-0.08,0.43
12.27,2.32,-0.08,0.43
12.28,2.32,-0.08,0.43
12.29,2.32,-0.08,0.43
12.3,2.32,-0.08,0.43
12.31,2.31,-0.08,0.43
12.32,2.31,-0.08,0.43
12.33,2.31,-0.08,0.43
12.34,2.31,-0.08,0.43
12.35,2.31,-0.08,0.43
12.36,2.31,-0.08,0.43
12.37,2.31,-0.08,0.43
12.38,2.31,-0.08,0.43
12.39,2.31,-0.08,0.43
12.4,2.31,-0.08,0.43
12.41,2.31,-0.08,0.43
12.42,2.31,-0.08,0.43
12.43,2.3,-0.08,0.43
12.44,2.3,-0.08,0.43
12.45,2.3,-0.08,0.43
12.46,2.3,-0.08,0.43
12.47,2.3,-0.08,0.43
12.48,2.3,-0.08,0.43
12.49,2.3,-0.08,0.43
12.5,2.3,-0.08,0.43
12.51,2.3,-0.08,0.43
12.52,2.3,-0.08,0.43
12.53,2.3,-0.08,0.43
12.54,2.3,-0.08,0.43
12.55,2.3,-0.08,0.43
12.56,2.29,-0.08,0.43
12.57,2.29,-0.08,0.43
12.58,2.29,-0.08,0.43
12.59,2.29,-0.08,0.43
12.6,2.29,-0.08,0.43
12.61,2.29,-0.08,0.43
12.62,2.29,-0.08,0.43
12.63,2.29,-0.08,0.43
12.64,2.29,-0.08,0.43
12.65,2.29,-0.08,0.43
12.66,2.29,-0.08,0.43
12.67,2.29,-0.08,0.43
12.68,2.28,-0.08,0.43
12.69,2.28,-0.08,0.43
12.7,2.28,-0.08,0.43
12.71,2.28,-0.08,0.43
12.72,2.28,-0.08,0.43
12.73,2.28,-0.08,0.43
12.74,2.28,-0.08,0.43
12.75,2.28,-0.08,0.43
12.76,2.28,-0.08,0.43
12.77,2.28,-0.08,0.43
12.78,2.28,-0.08,0.43
12.79,2.28,-0.08,0.43
12.8,2.27,-0.08,0.43
12.81,2.27,-0.08,0.43
12.82,2.27,-0.08,0.43
12.83,2.27,-0.08,0.43
12.84,2.27,-0.08,0.43
12.85,2.27,-0.08,0.44
12.86,2.27,-0.08,0.44
12.87,2.27,-0.08,0.44
12.88,2.27,-0.08,0.44
12.89,2.27,-0.08,0.44
12.9,2.27,-0.08,0.44
12.91,2.27,-0.08,0.44
12.92,2.26,-0.08,0.44
12.93,2.26,-0.08,0.44
12.94,2.26,-0.09,0.44
12.95,2.26,-0.09,0.44
12.96,2.26,-0.09,0.44
12.97,2.26,-0.09,0.44
12.98,2.26,-0.09,0.44
12.99,2.26,-0.09,0.44
13.0,2.26,-0.09,0.44
13.01,2.26,-0.09,0.44
13.02,2.26,-0.09,0.44
13.03,2.26,-0.09,0.44
13.04,2.25,-0.09,0.44
13.05,2.25,-0.09,0.44
13.06,2.25,-0.09,0.44
13.07,2.25,-0.09,0.44
13.08,2.25,-0.09,0.44
13.09,2.25,-0.09,0.44
13.1,2.25,-0.09,0.44
13.11,2.25,-0.09,0.44
13.12,2.25,-0.09,0.44
13.13,2.25,-0.09,0.44
13.14,2.25,-0.09,0.44
13.15,2.24,-0.09,0.44
13.16,2.24,-0.09,0.44
13.17,2.24,-0.09,0.44
13.18,2.24,-0.09,0.44
13.19,2.24,-0.09,0.44
13.2,2.24,-0.09,0.44
13.21,2.24,-0.09,0.44
13.22,2.24,-0.09,0.44
13.23,2.24,-0.09,0.44
13.24,2.24,-0.09,0.44
13.25,2.24,-0.09,0.44
13.26,2.24,-0.09,0.44
13.27,2.23,-0.09,0.44
13.28,2.23,-0.09,0.44
13.29,2.23,-0.09,0.44
13.3,2.23,-0.09,0.44
13.31,2.23,-0.09,0.44
13.32,2.23,-0.09,0.44
13.33,2.23,-0.09,0.44
13.34,2.23,-0.09,0.44
13.35,2.23,-0.09,0.44
13.36,2.23,-0.09,0.44
13.37,2.23,-0.09,0.44
13.38,2.22,-0.09,0.44
13.39,2.22,-0.09,0.44
13.4,2.22,-0.09,0.44
13.41,2.22,-0.09,0.44
13.42,2.22,-0.09,0.44
13.43,2.22,-0.09,0.44
13.44,2.22,-0.09,0.44
13.45,2.22,-0.09,0.44
13.46,2.22,-0.09,0.44
13.47,2.22,-0.09,0.44
13.48,2.22,-0.09,0.44
13.49,2.21,-0.09,0.44
13.5,2.21,-0.09,0.44
13.51,2.21,-0.09,0.44
13.52,2.21,-0.09,0.44
13.53,2.21,-0.09,0.44
13.54,2.21,-0.09,0.44
13.55,2.21,-0.09,0.44
13.56,2.21,-0.09,0.44
13.57,2.21,-0.09,0.44
13.58,2.21,-0.09,0.44
13.59,2.21,-0.09,0.44
13.6,2.2,-0.09,0.44
13.61,2.2,-0.09,0.44
13.62,2.2,-0.09,0.44
13.63,2.2,-0.09,0.44
13.64,2.2,-0.09,0.44
13.65,2.2,-0.09,0.44
13.66,2.2,-0.09,0.44
13.67,2.2,-0.09,0.44
13.68,2.2,-0.09,0.44
13.69,2.2,-0.09,0.44
13.7,2.2,-0.09,0.44
13.71,2.19,-0.09,0.44
13.72,2.19,-0.09,0.44
13.73,2.19,-0.09,0.44
13.74,2.19,-0.09,0.44
13.75,2.19,-0.09,0.44
13.76,2.19,-0.09,0.44
13.77,2.19,-0.09,0.44
13.78,2.19,-0.09,0.44
13.79,2.19,-0.09,0.44
13.8,2.19,-0.09,0.44
13.81,2.19,-0.09,0.44
13.82,2.18,-0.09,0.44
13.83,2.18,-0.09,0.44
13.84,2.18,-0.09,0.44
13.85,2.18,-0.09,0.44
13.86,2.18,-0.09,0.44
13.87,2.18,-0.09,0.44
13.88,2.18,-0.09,0.44
13.89,2.18,-0.09,0.44
13.9,2.18,-0.09,0.44
13.91,2.18,-0.09,0.44
13.92,2.18,-0.09,0.44
13.93,2.17,-0.09,0.44
13.94,2.17,-0.09,0.44
13.95,2.17,-0.09,0.44
13.96,2.17,-0.09,0.44
13.97,2.17,-0.09,0.44
13.98,2.17,-0.09,0.44
13.99,2.17,-0.09,0.44
14.0,2.17,-0.09,0.44
14.01,2.17,-0.09,0.44
14.02,2.17,-0.09,0.44
14.03,2.16,-0.09,0.44
14.04,2.16,-0.09,0.44
14.05,2.16,-0.09,0.44
14.06,2.16,-0.09,0.44
14.07,2.16,-0.09,0.44
14.08,2.16,-0.09,0.44
14.09,2.16,-0.09,0.44
14.1,2.16,-0.09,0.44
14.11,2.16,-0.09,0.44
14.12,2.16,-0.09,0.44
14.13,2.16,-0.1,0.44
14.14,2.15,-0.1,0.44
14.15,2.15,-0.1,0.44
14.16,2.15,-0.1,0.44
14.17,2.15,-0.1,0.44
14.18,2.15,-0.1,0.44
14.19,2.15,-0.1,0.44
14.2,2.15,-0.1,0.44
14.21,2.15,-0.1,0.44
14.22,2.15,-0.1,0.44
14.23,2.15,-0.1,0.44
14.24,2.14,-0.1,0.44
14.25,2.14,-0.1,0.44
14.26,2.14,-0.1,0.44
14.27,2.14,-0.1,0.44
14.28,2.14,-0.1,0.44
14.29,2.14,-0.1,0.44
14.3,2.14,-0.1,0.44
14.31,2.14,-0.1,0.44
14.32,2.14,-0.1,0.44
14.33,2.14,-0.1,0.44
14.34,2.14,-0.1,0.44
14.35,2.13,-0.1,0.44
14.36,2.13,-0.1,0.44
14.37,2.13,-0.1,0.44
14.38,2.13,-0.1,0.44
14.39,2.13,-0.1,0.44
14.4,2.13,-0.1,0.44
14.41,2.13,-0.1,0.44
14.42,2.13,-0.1,0.44
14.43,2.13,-0.1,0.44
14.44,2.13,-0.1,0.44
14.45,2.12,-0.1,0.44
14.46,2.12,-0.1,0.44
14.47,2.12,-0.1,0.44
14.48,2.12,-0.1,0.44
14.49,2.12,-0.1,0.44
14.5,2.12,-0.1,0.44
14.51,2.12,-0.1,0.44
14.52,2.12,-0.1,0.44
14.53,2.12,-0.1,0.44
14.54,2.12,-0.1,0.44
14.55,2.11,-0.1,0.44
14.56,2.11,-0.1,0.44
14.57,2.11,-0.1,0.44
14.58,2.11,-0.1,0.44
14.59,2.11,-0.1,0.44
14.6,2.11,-0.1,0.44
14.61,2.11,-0.1,0.44
14.62,2.11,-0.1,0.44
14.63,2.11,-0.1,0.44
14.64,2.11,-0.1,0.44
14.65,2.11,-0.1,0.44
14.66,2.1,-0.1,0.44
14.67,2.1,-0.1,0.44
14.68,2.1,-0.1,0.44
14.69,2.1,-0.1,0.44
14.7,2.1,-0.1,0.44
14.71,2.1,-0.1,0.44
14.72,2.1,-0.1,0.44
14.73,2.1,-0.1,0.44
14.74,2.1,-0.1,0.44
14.75,2.1,-0.1,0.44
14.76,2.09,-0.1,0.44
14.77,2.09,-0.1,0.44
14.78,2.09,-0.1,0.44
14.79,2.09,-0.1,0.45
14.8,2.09,-0.1,0.45
14.81,2.09,-0.1,0.45
14.82,2.09,-0.1,0.45
14.83,2.09,-0.1,0.45
14.84,2.09,-0.1,0.45
14.85,2.09,-0.1,0.45
14.86,2.08,-0.1,0.45
14.87,2.08,-0.1,0.45
14.88,2.08,-0.1,0.45
14.89,2.08,-0.1,0.45
14.9,2.08,-0.1,0.45
14.91,2.08,-0.1,0.45
14.92,2.08,-0.1,0.45
14.93,2.08,-0.1,0.45
14.94,2.08,-0.1,0.45
14.95,2.08,-0.1,0.45
14.96,2.07,-0.1,0.45
14.97,2.07,-0.1,0.45
14.98,2.07,-0.1,0.45
14.99,2.07,-0.1,0.45
15.0,2.07,-0.1,0.45
15.01,2.07,-0.1,0.45
15.02,2.07,-0.1,0.45
15.03,2.07,-0.1,0.45
15.04,2.07,-0.1,0.45
15.05,2.07,-0.1,0.45
15.06,2.06,-0.1,0.45
15.07,2.06,-0.1,0.45
15.08,2.06,-0.1,0.45
15.09,2.06,-0.1,0.45
15.1,2.06,-0.1,0.45
15.11,2.06,-0.1,0.45
15.12,2.06,-0.1,0.45
15.13,2.06,-0.1,0.45
15.14,2.06,-0.1,0.45
15.15,2.06,-0.1,0.45
15.16,2.05,-0.1,0.45
15.17,2.05,-0.1,0.45
15.18,2.05,-0.1,0.45
15.19,2.05,-0.1,0.45
15.2,2.05,-0.1,0.45
15.21,2.05,-0.1,0.45
15.22,2.05,-0.1,0.45
15.23,2.05,-0.1,0.45
15.24,2.05,-0.1,0.45
15.25,2.05,-0.1,0.45
15.26,2.04,-0.1,0.45
15.27,2.04,-0.1,0.45
15.28,2.04,-0.1,0.45
15.29,2.04,-0.1,0.45
15.3,2.04,-0.1,0.45
15.31,2.04,-0.1,0.45
15.32,2.04,-0.1,0.45
15.33,2.04,-0.1,0.45
15.34,2.04,-0.1,0.45
15.35,2.04,-0.1,0.45
15.36,2.03,-0.1,0.45
15.37,2.03,-0.1,0.45
15.38,2.03,-0.1,0.45
15.39,2.03,-0.1,0.45
15.4,2.03,-0.1,0.45
15.41,2.03,-0.1,0.45
15.42,2.03,-0.1,0.45
15.43,2.03,-0.1,0.45
15.44,2.03,-0.1,0.45
15.45,2.03,-0.1,0.45
15.46,2.02,-0.1,0.45
15.47,2.02,-0.1,0.45
15.48,2.02,-0.1,0.45
15.49,2.02,-0.1,0.45
15.5,2.02,-0.1,0.45
15.51,2.02,-0.1,0.45
15.52,2.02,-0.1,0.45
15.53,2.02,-0.1,0.45
15.54,2.02,-0.1,0.45
15.55,2.02,-0.1,0.45
15.56,2.01,-0.1,0.45
15.57,2.01,-0.1,0.45
15.58,2.01,-0.1,0.45
15.59,2.01,-0.1,0.45
15.6,2.01,-0.1,0.45
15.61,2.01,-0.1,0.45
15.62,2.01,-0.1,0.45
15.63,2.01,-0.1,0.45
15.64,2.01,-0.1,0.45
15.65,2.01,-0.1,0.45
15.66,2.0,-0.1,0.45
15.67,2.0,-0.1,0.45
15.68,2.0,-0.1,0.45
15.69,2.0,-0.1,0.45
15.7,2.0,-0.1,0.45
15.71,2.0,-0.1,0.45
15.72,2.0,-0.1,0.45
15.73,2.0,-0.1,0.45
15.74,2.0,-0.1,0.45
15.75,2.0,-0.1,0.45
15.76,1.99,-0.1,0.45
15.77,1.99,-0.1,0.45
15.78,1.99,-0.1,0.45
15.79,1.99,-0.1,0.45
15.8,1.99,-0.1,0.45
15.81,1.99,-0.1,0.45
15.82,1.99,-0.1,0.45
15.83,1.99,-0.1,0.45
15.84,1.99,-0.1,0.45
15.85,1.99,-0.1,0.45
15.86,1.98,-0.1,0.45
15.87,1.98,-0.1,0.45
15.88,1.98,-0.1,0.45
15.89,1.98,-0.1,0.45
15.9,1.98,-0.1,0.45
15.91,1.98,-0.1,0.45
15.92,1.98,-0.1,0.45
15.93,1.98,-0.1,0.45
15.94,1.98,-0.1,0.45
15.95,1.98,-0.1,0.45
15.96,1.97,-0.1,0.45
15.97,1.97,-0.1,0.45
15.98,1.97,-0.1,0.45
15.99,1.97,-0.1,0.45
16.0,1.97,-0.1,0.45
16.01,1.97,-0.1,0.45
16.02,1.97,-0.1,0.45
16.03,1.97,-0.1,0.45
16.04,1.97,-0.1,0.45
16.05,1.97,-0.1,0.45
16.06,1.96,-0.1,0.45
16.07,1.96,-0.1,0.45
16.08,1.96,-0.1,0.45
16.09,1.96,-0.1,0.45
16.1,1.96,-0.1,0.45
16.11,1.96,-0.1,0.45
16.12,1.96,-0.1,0.45
16.13,1.96,-0.1,0.45
16.14,1.96,-0.1,0.45
16.15,1.96,-0.1,0.45
16.16,1.95,-0.1,0.45
16.17,1.95,-0.1,0.45
16.18,1.95,-0.1,0.45
16.19,1.95,-0.1,0.45
16.2,1.95,-0.1,0.45
16.21,1.95,-0.1,0.45
16.22,1.95,-0.1,0.45
16.23,1.95,-0.1,0.45
16.24,1.95,-0.1,0.45
16.25,1.95,-0.1,0.45
16.26,1.94,-0.1,0.45
16.27,1.94,-0.1,0.45
16.28,1.94,-0.1,0.45
16.29,1.94,-0.1,0.45
16.3,1.94,-0.1,0.45
16.31,1.94,-0.1,0.45
16.32,1.94,-0.1,0.45
16.33,1.94,-0.1,0.45
16.34,1.94,-0.1,0.45
16.35,1.94,-0.1,0.45
16.36,1.93,-0.1,0.45
16.37,1.93,-0.1,0.45
16.38,1.93,-0.1,0.45
16.39,1.93,-0.1,0.45
16.4,1.93,-0.1,0.45
16.41,1.93,-0.1,0.45
16.42,1.93,-0.1,0.45
16.43,1.93,-0.1,0.45
16.44,1.93,-0.1,0.45
16.45,1.93,-0.1,0.45
16.46,1.93,-0.1,0.45
16.47,1.92,-0.1,0.45
16.48,1.92,-0.1,0.45
16.49,1.92,-0.1,0.45
16.5,1.92,-0.1,0.45
16.51,1.92,-0.1,0.45
16.52,1.92,-0.1,0.45
16.53,1.92,-0.1,0.45
16.54,1.92,-0.1,0.45
16.55,1.92,-0.1,0.45
16.56,1.92,-0.1,0.45
16.57,1.91,-0.1,0.45
16.58,1.91,-0.1,0.45
16.59,1.91,-0.1,0.45
16.6,1.91,-0.1,0.45
16.61,1.91,-0.1,0.45
16.62,1.91,-0.1,0.45
16.63,1.91,-0.1,0.45
16.64,1.91,-0.1,0.45
16.65,1.91,-0.1,0.45
16.66,1.91,-0.1,0.45
16.67,1.9,-0.1,0.45
16.68,1.9,-0.1,0.45
16.69,1.9,-0.1,0.45
16.7,1.9,-0.1,0.45
16.71,1.9,-0.1,0.45
16.72,1.9,-0.1,0.45
16.73,1.9,-0.1,0.45
16.74,1.9,-0.1,0.45
16.75,1.9,-0.1,0.45
16.76,1.9,-0.1,0.45
16.77,1.89,-0.1,0.45
16.78,1.89,-0.1,0.45
16.79,1.89,-0.1,0.45
16.8,1.89,-0.1,0.45
16.81,1.89,-0.1,0.45
16.82,1.89,-0.1,0.45
16.83,1.89,-0.1,0.45
16.84,1.89,-0.1,0.45
16.85,1.89,-0.1,0.45
16.86,1.89,-0.1,0.45
16.87,1.88,-0.1,0.45
16.88,1.88,-0.1,0.45
16.89,1.88,-0.1,0.45
16.9,1.88,-0.1,0.45
16.91,1.88,-0.1,0.45
16.92,1.88,-0.1,0.45
16.93,1.88,-0.1,0.45
16.94,1.88,-0.1,0.45
16.95,1.88,-0.1,0.45
16.96,1.88,-0.1,0.45
16.97,1.88,-0.1,0.45
16.98,1.87,-0.1,0.45
16.99,1.87,-0.1,0.45
17.0,1.87,-0.1,0.45
17.01,1.87,-0.1,0.45
17.02,1.87,-0.1,0.45
17.03,1.87,-0.1,0.45
17.04,1.87,-0.1,0.45
17.05,1.87,-0.1,0.45
17.06,1.87,-0.1,0.45
17.07,1.87,-0.1,0.45
17.08,1.86,-0.1,0.45
17.09,1.86,-0.1,0.45
17.1,1.86,-0.1,0.45
17.11,1.86,-0.1,0.45
17.12,1.86,-0.1,0.45
17.13,1.86,-0.1,0.45
17.14,1.86,-0.1,0.45
17.15,1.86,-0.1,0.45
17.16,1.86,-0.1,0.45
17.17,1.86,-0.1,0.45
17.18,1.85,-0.1,0.45
17.19,1.85,-0.1,0.45
17.2,1.85,-0.1,0.45
17.21,1.85,-0.1,0.45
17.22,1.85,-0.1,0.45
17.23,1.85,-0.1,0.45
17.24,1.85,-0.1,0.45
17.25,1.85,-0.1,0.45
17.26,1.85,-0.1,0.45
17.27,1.85,-0.1,0.45
17.28,1.85,-0.1,0.45
17.29,1.84,-0.1,0.45
17.3,1.84,-0.09,0.45
17.31,1.84,-0.09,0.45
17.32,1.84,-0.09,0.45
17.33,1.84,-0.09,0.45
17.34,1.84,-0.09,0.45
17.35,1.84,-0.09,0.45
17.36,1.84,-0.09,0.45
17.37,1.84,-0.09,0.45
17.38,1.84,-0.09,0.45
17.39,1.83,-0.09,0.45
17.4,1.83,-0.09,0.45
17.41,1.83,-0.09,0.45
17.42,1.83,-0.09,0.45
17.43,1.83,-0.09,0.45
17.44,1.83,-0.09,0.45
17.45,1.83,-0.09,0.45
17.46,1.83,-0.09,0.45
17.47,1.83,-0.09,0.45
17.48,1.83,-0.09,0.45
17.49,1.83,-0.09,0.45
17.5,1.82,-0.09,0.45
17.51,1.82,-0.09,0.45
17.52,1.82,-0.09,0.45
17.53,1.82,-0.09,0.45
17.54,1.82,-0.09,0.45
17.55,1.82,-0.09,0.45
17.56,1.82,-0.09,0.45
17.57,1.82,-0.09,0.45
17.58,1.82,-0.09,0.45
17.59,1.82,-0.09,0.45
17.6,1.82,-0.09,0.45
17.61,1.81,-0.09,0.45
17.62,1.81,-0.09,0.45
17.63,1.81,-0.09,0.45
17.64,1.81,-0.09,0.45
17.65,1.81,-0.09,0.45
17.66,1.81,-0.09,0.45
17.67,1.81,-0.09,0.45
17.68,1.81,-0.09,0.45
17.69,1.81,-0.09,0.45
17.7,1.81,-0.09,0.45
17.71,1.81,-0.09,0.45
17.72,1.8,-0.09,0.45
17.73,1.8,-0.09,0.45
17.74,1.8,-0.09,0.45
17.75,1.8,-0.09,0.45
17.76,1.8,-0.09,0.45
17.77,1.8,-0.09,0.45
17.78,1.8,-0.09,0.45
17.79,1.8,-0.09,0.45
17.8,1.8,-0.09,0.45
17.81,1.8,-0.09,0.45
17.82,1.8,-0.09,0.45
17.83,1.79,-0.09,0.45
17.84,1.79,-0.09,0.45
17.85,1.79,-0.09,0.45
17.86,1.79,-0.09,0.45
17.87,1.79,-0.09,0.45
17.88,1.79,-0.09,0.45
17.89,1.79,-0.09,0.45
17.9,1.79,-0.09,0.45
17.91,1.79,-0.09,0.45
17.92,1.79,-0.09,0.45
17.93,1.79,-0.09,0.45
17.94,1.78,-0.09,0.45
17.95,1.78,-0.09,0.45
17.96,1.78,-0.09,0.45
17.97,1.78,-0.09,0.45
17.98,1.78,-0.09,0.45
17.99,1.78,-0.09,0.45
18.0,1.78,-0.09,0.45
18.01,1.78,-0.09,0.45
18.02,1.78,-0.09,0.45
18.03,1.78,-0.09,0.45
18.04,1.78,-0.09,0.45
18.05,1.77,-0.09,0.45
18.06,1.77,-0.09,0.45
18.07,1.77,-0.09,0.45
18.08,1.77,-0.09,0.45
18.09,1.77,-0.09,0.45
18.1,1.77,-0.09,0.45
18.11,1.77,-0.09,0.45
18.12,1.77,-0.09,0.45
18.13,1.77,-0.09,0.45
18.14,1.77,-0.09,0.45
18.15,1.77,-0.09,0.45
18.16,1.76,-0.09,0.45
18.17,1.76,-0.09,0.45
18.18,1.76,-0.09,0.45
18.19,1.76,-0.09,0.45
18.2,1.76,-0.09,0.45
18.21,1.76,-0.09,0.45
18.22,1.76,-0.09,0.45
18.23,1.76,-0.09,0.45
18.24,1.76,-0.09,0.45
18.25,1.76,-0.09,0.45
18.26,1.76,-0.09,0.45
18.27,1.75,-0.09,0.45
18.28,1.75,-0.09,0.45
18.29,1.75,-0.09,0.45
18.3,1.75,-0.09,0.45
18.31,1.75,-0.09,0.45
18.32,1.75,-0.09,0.45
18.33,1.75,-0.09,0.45
18.34,1.75,-0.09,0.45
18.35,1.75,-0.09,0.45
18.36,1.75,-0.09,0.45
18.37,1.75,-0.09,0.45
18.38,1.75,-0.09,0.45
18.39,1.74,-0.09,0.45
18.4,1.74,-0.09,0.45
18.41,1.74,-0.09,0.45
18.42,1.74,-0.09,0.45
18.43,1.74,-0.09,0.45
18.44,1.74,-0.09,0.45
18.45,1.74,-0.09,0.45
18.46,1.74,-0.09,0.45
18.47,1.74,-0.09,0.45
18.48,1.74,-0.09,0.45
18.49,1.74,-0.08,0.45
18.5,1.74,-0.08,0.45
18.51,1.73,-0.08,0.45
18.52,1.73,-0.08,0.45
18.53,1.73,-0.08,0.45
18.54,1.73,-0.08,0.45
18.55,1.73,-0.08,0.45
18.56,1.73,-0.08,0.45
18.57,1.73,-0.08,0.45
18.58,1.73,-0.08,0.45
18.59,1.73,-0.08,0.45
18.6,1.73,-0.08,0.45
18.61,1.73,-0.08,0.45
18.62,1.72,-0.08,0.45
18.63,1.72,-0.08,0.45
18.64,1.72,-0.08,0.45
18.65,1.72,-0.08,0.45
18.66,1.72,-0.08,0.45
18.67,1.72,-0.08,0.45
18.68,1.72,-0.08,0.45
18.69,1.72,-0.08,0.45
18.7,1.72,-0.08,0.45
18.71,1.72,-0.08,0.45
18.72,1.72,-0.08,0.45
18.73,1.72,-0.08,0.45
18.74,1.72,-0.08,0.45
18.75,1.71,-0.08,0.45
18.76,1.71,-0.08,0.45
18.77,1.71,-0.08,0.45
18.78,1.71,-0.08,0.45
18.79,1.71,-0.08,0.45
18.8,1.71,-0.08,0.45
18.81,1.71,-0.08,0.45
18.82,1.71,-0.08,0.45
18.83,1.71,-0.08,0.45
18.84,1.71,-0.08,0.45
18.85,1.71,-0.08,0.45
18.86,1.71,-0.08,0.45
18.87,1.7,-0.08,0.45
18.88,1.7,-0.08,0.45
18.89,1.7,-0.08,0.45
18.9,1.7,-0.08,0.45
18.91,1.7,-0.08,0.45
18.92,1.7,-0.08,0.45
18.93,1.7,-0.08,0.45
18.94,1.7,-0.08,0.44
18.95,1.7,-0.08,0.44
18.96,1.7,-0.08,0.44
18.97,1.7,-0.08,0.44
18.98,1.7,-0.08,0.44
18.99,1.69,-0.08,0.44
19.0,1.69,-0.08,0.44
19.01,1.69,-0.08,0.44
19.02,1.69,-0.08,0.44
19.03,1.69,-0.08,0.44
19.04,1.69,-0.08,0.44
19.05,1.69,-0.08,0.44
19.06,1.69,-0.08,0.44
19.07,1.69,-0.08,0.44
19.08,1.69,-0.08,0.44
19.09,1.69,-0.08,0.44
19.1,1.69,-0.08,0.44
19.11,1.69,-0.08,0.44
19.12,1.68,-0.08,0.44
19.13,1.68,-0.08,0.44
19.14,1.68,-0.08,0.44
19.15,1.68,-0.08,0.44
19.16,1.68,-0.08,0.44
19.17,1.68,-0.08,0.44
19.18,1.68,-0.08,0.44
19.19,1.68,-0.08,0.44
19.2,1.68,-0.08,0.44
19.21,1.68,-0.08,0.44
19.22,1.68,-0.08,0.44
19.23,1.68,-0.08,0.44
19.24,1.68,-0.08,0.44
19.25,1.67,-0.08,0.44
19.26,1.67,-0.08,0.44
19.27,1.67,-0.08,0.44
19.28,1.67,-0.08,0.44
19.29,1.67,-0.08,0.44
19.3,1.67,-0.08,0.44
19.31,1.67,-0.08,0.44
19.32,1.67,-0.08,0.44
19.33,1.67,-0.07,0.44
19.34,1.67,-0.07,0.44
19.35,1.67,-0.07,0.44
19.36,1.67,-0.07,0.44
19.37,1.67,-0.07,0.44
19.38,1.66,-0.07,0.44
19.39,1.66,-0.07,0.44
19.4,1.66,-0.07,0.44
19.41,1.66,-0.07,0.44
19.42,1.66,-0.07,0.44
19.43,1.66,-0.07,0.44
19.44,1.66,-0.07,0.44
19.45,1.66,-0.07,0.44
19.46,1.66,-0.07,0.44
19.47,1.66,-0.07,0.44
19.48,1.66,-0.07,0.44
19.49,1.66,-0.07,0.44
19.5,1.66,-0.07,0.44
19.51,1.66,-0.07,0.44
19.52,1.65,-0.07,0.44
19.53,1.65,-0.07,0.44
19.54,1.65,-0.07,0.44
19.55,1.65,-0.07,0.44
19.56,1.65,-0.07,0.44
19.57,1.65,-0.07,0.44
19.58,1.65,-0.07,0.44
19.59,1.65,-0.07,0.44
19.6,1.65,-0.07,0.44
19.61,1.65,-0.07,0.44
19.62,1.65,-0.07,0.44
19.63,1.65,-0.07,0.44
19.64,1.65,-0.07,0.44
19.65,1.65,-0.07,0.44
19.66,1.64,-0.07,0.44
19.67,1.64,-0.07,0.44
19.68,1.64,-0.07,0.44
19.69,1.64,-0.07,0.44
19.7,1.64,-0.07,0.44
19.71,1.64,-0.07,0.44
19.72,1.64,-0.07,0.44
19.73,1.64,-0.07,0.44
19.74,1.64,-0.07,0.44
19.75,1.64,-0.07,0.44
19.76,1.64,-0.07,0.44
19.77,1.64,-0.07,0.44
19.78,1.64,-0.07,0.44
19.79,1.64,-0.07,0.44
19.8,1.63,-0.07,0.44
19.81,1.63,-0.07,0.44
19.82,1.63,-0.07,0.44
19.83,1.63,-0.07,0.44
19.84,1.63,-0.07,0.44
19.85,1.63,-0.07,0.44
19.86,1.63,-0.07,0.44
19.87,1.63,-0.07,0.44
19.88,1.63,-0.07,0.44
19.89,1.63,-0.07,0.44
19.9,1.63,-0.07,0.44
19.91,1.63,-0.07,0.44
19.92,1.63,-0.07,0.44
19.93,1.63,-0.07,0.44
19.94,1.63,-0.07,0.44
19.95,1.62,-0.07,0.44
19.96,1.62,-0.07,0.44
19.97,1.62,-0.07,0.44
19.98,1.62,-0.07,0.44
19.99,1.62,-0.07,0.44
20.0,1.62,-0.07,0.44
20.01,1.62,-0.07,0.44
20.02,1.62,-0.07,0.44
20.03,1.62,-0.06,0.44
20.04,1.62,-0.06,0.44
20.05,1.62,-0.06,0.44
20.06,1.62,-0.06,0.44
20.07,1.62,-0.06,0.44
20.08,1.62,-0.06,0.44
20.09,1.62,-0.06,0.44
20.1,1.62,-0.06,0.44
20.11,1.61,-0.06,0.44
20.12,1.61,-0.06,0.44
20.13,1.61,-0.06,0.44
20.14,1.61,-0.06,0.44
20.15,1.61,-0.06,0.44
20.16,1.61,-0.06,0.44
20.17,1.61,-0.06,0.44
20.18,1.61,-0.06,0.44
20.19,1.61,-0.06,0.44
20.2,1.61,-0.06,0.44
20.21,1.61,-0.06,0.44
20.22,1.61,-0.06,0.44
20.23,1.61,-0.06,0.44
20.24,1.61,-0.06,0.44
20.25,1.61,-0.06,0.44
20.26,1.61,-0.06,0.44
20.27,1.6,-0.06,0.44
20.28,1.6,-0.06,0.44
20.29,1.6,-0.06,0.44
20.3,1.6,-0.06,0.44
20.31,1.6,-0.06,0.44
20.32,1.6,-0.06,0.44
20.33,1.6,-0.06,0.44
20.34,1.6,-0.06,0.44
20.35,1.6,-0.06,0.44
20.36,1.6,-0.06,0.44
20.37,1.6,-0.06,0.44
20.38,1.6,-0.06,0.44
20.39,1.6,-0.06,0.44
20.4,1.6,-0.06,0.44
20.41,1.6,-0.06,0.43
20.42,1.6,-0.06,0.43
20.43,1.59,-0.06,0.43
20.44,1.59,-0.06,0.43
20.45,1.59,-0.06,0.43
20.46,1.59,-0.06,0.43
20.47,1.59,-0.06,0.43
20.48,1.59,-0.06,0.43
20.49,1.59,-0.06,0.43
20.5,1.59,-0.06,0.43
20.51,1.59,-0.06,0.43
20.52,1.59,-0.06,0.43
20.53,1.59,-0.06,0.43
20.54,1.59,-0.06,0.43
20.55,1.59,-0.06,0.43
20.56,1.59,-0.06,0.43
20.57,1.59,-0.06,0.43
20.58,1.59,-0.06,0.43
20.59,1.59,-0.06,0.43
20.6,1.59,-0.06,0.43
20.61,1.58,-0.06,0.43
20.62,1.58,-0.06,0.43
20.63,1.58,-0.06,0.43
20.64,1.58,-0.06,0.43
20.65,1.58,-0.06,0.43
20.66,1.58,-0.05,0.43
20.67,1.58,-0.05,0.43
20.68,1.58,-0.05,0.43
20.69,1.58,-0.05,0.43
20.7,1.58,-0.05,0.43
20.71,1.58,-0.05,0.43
20.72,1.58,-0.05,0.43
20.73,1.58,-0.05,0.43
20.74,1.58,-0.05,0.43
20.75,1.58,-0.05,0.43
20.76,1.58,-0.05,0.43
20.77,1.58,-0.05,0.43
20.78,1.58,-0.05,0.43
20.79,1.57,-0.05,0.43
20.8,1.57,-0.05,0.43
20.81,1.57,-0.05,0.43
20.82,1.57,-0.05,0.43
20.83,1.57,-0.05,0.43
20.84,1.57,-0.05,0.43
20.85,1.57,-0.05,0.43
20.86,1.57,-0.05,0.43
20.87,1.57,-0.05,0.43
20.88,1.57,-0.05,0.43
20.89,1.57,-0.05,0.43
20.9,1.57,-0.05,0.43
20.91,1.57,-0.05,0.43
20.92,1.57,-0.05,0.43
20.93,1.57,-0.05,0.43
20.94,1.57,-0.05,0.43
20.95,1.57,-0.05,0.43
20.96,1.57,-0.05,0.43
20.97,1.57,-0.05,0.43
20.98,1.57,-0.05,0.43
20.99,1.56,-0.05,0.43
21.0,1.56,-0.05,0.43
21.01,1.56,-0.05,0.43
21.02,1.56,-0.05,0.43
21.03,1.56,-0.05,0.43
21.04,1.56,-0.05,0.43
21.05,1.56,-0.05,0.43
21.06,1.56,-0.05,0.43
21.07,1.56,-0.05,0.43
21.08,1.56,-0.05,0.43
21.09,1.56,-0.05,0.43
21.1,1.56,-0.05,0.43
21.11,1.56,-0.05,0.43
21.12,1.56,-0.05,0.43
21.13,1.56,-0.05,0.43
21.14,1.56,-0.05,0.43
21.15,1.56,-0.05,0.43
21.16,1.56,-0.05,0.43
21.17,1.56,-0.05,0.43
21.18,1.56,-0.05,0.43
21.19,1.56,-0.05,0.43
21.2,1.55,-0.05,0.43
21.21,1.55,-0.05,0.43
21.22,1.55,-0.05,0.43
21.23,1.55,-0.04,0.43
21.24,1.55,-0.04,0.43
21.25,1.55,-0.04,0.43
21.26,1.55,-0.04,0.43
21.27,1.55,-0.04,0.43
21.28,1.55,-0.04,0.43
21.29,1.55,-0.04,0.43
21.3,1.55,-0.04,0.43
21.31,1.55,-0.04,0.43
21.32,1.55,-0.04,0.43
21.33,1.55,-0.04,0.43
21.34,1.55,-0.04,0.43
21.35,1.55,-0.04,0.43
21.36,1.55,-0.04,0.43
21.37,1.55,-0.04,0.43
21.38,1.55,-0.04,0.43
21.39,1.55,-0.04,0.43
21.4,1.55,-0.04,0.43
21.41,1.55,-0.04,0.43
21.42,1.55,-0.04,0.42
21.43,1.54,-0.04,0.42
21.44,1.54,-0.04,0.42
21.45,1.54,-0.04,0.42
21.46,1.54,-0.04,0.42
21.47,1.54,-0.04,0.42
21.48,1.54,-0.04,0.42
21.49,1.54,-0.04,0.42
21.5,1.54,-0.04,0.42
21.51,1.54,-0.04,0.42
21.52,1.54,-0.04,0.42
21.53,1.54,-0.04,0.42
21.54,1.54,-0.04,0.42
21.55,1.54,-0.04,0.42
21.56,1.54,-0.04,0.42
21.57,1.54,-0.04,0.42
21.58,1.54,-0.04,0.42
21.59,1.54,-0.04,0.42
21.6,1.54,-0.04,0.42
21.61,1.54,-0.04,0.42
21.62,1.54,-0.04,0.42
21.63,1.54,-0.04,0.42
21.64,1.54,-0.04,0.42
21.65,1.54,-0.04,0.42
21.66,1.54,-0.04,0.42
21.67,1.54,-0.04,0.42
21.68,1.54,-0.04,0.42
21.69,1.53,-0.04,0.42
21.7,1.53,-0.04,0.42
21.71,1.53,-0.04,0.42
21.72,1.53,-0.04,0.42
21.73,1.53,-0.04,0.42
21.74,1.53,-0.04,0.42
21.75,1.53,-0.04,0.42
21.76,1.53,-0.04,0.42
21.77,1.53,-0.04,0.42
21.78,1.53,-0.03,0.42
21.79,1.53,-0.03,0.42
21.8,1.53,-0.03,0.42
21.81,1.53,-0.03,0.42
21.82,1.53,-0.03,0.42
21.83,1.53,-0.03,0.42
21.84,1.53,-0.03,0.42
21.85,1.53,-0.03,0.42
21.86,1.53,-0.03,0.42
21.87,1.53,-0.03,0.42
21.88,1.53,-0.03,0.42
21.89,1.53,-0.03,0.42
21.9,1.53,-0.03,0.42
21.91,1.53,-0.03,0.42
21.92,1.53,-0.03,0.42
21.93,1.53,-0.03,0.42
21.94,1.53,-0.03,0.42
21.95,1.53,-0.03,0.42
21.96,1.53,-0.03,0.42
21.97,1.53,-0.03,0.42
21.98,1.52,-0.03,0.42
21.99,1.52,-0.03,0.42
22.0,1.52,-0.03,0.42
22.01,1.52,-0.03,0.42
22.02,1.52,-0.03,0.42
22.03,1.52,-0.03,0.42
22.04,1.52,-0.03,0.42
22.05,1.52,-0.03,0.42
22.06,1.52,-0.03,0.42
22.07,1.52,-0.03,0.42
22.08,1.52,-0.03,0.42
22.09,1.52,-0.03,0.42
22.1,1.52,-0.03,0.42
22.11,1.52,-0.03,0.42
22.12,1.52,-0.03,0.42
22.13,1.52,-0.03,0.42
22.14,1.52,-0.03,0.42
22.15,1.52,-0.03,0.42
22.16,1.52,-0.03,0.42
22.17,1.52,-0.03,0.42
22.18,1.52,-0.03,0.42
22.19,1.52,-0.03,0.42
22.2,1.52,-0.03,0.42
22.21,1.52,-0.03,0.42
22.22,1.52,-0.03,0.42
22.23,1.52,-0.03,0.42
22.24,1.52,-0.03,0.42
22.25,1.52,-0.03,0.42
22.26,1.52,-0.03,0.41
22.27,1.52,-0.03,0.41
22.28,1.52,-0.03,0.41
22.29,1.52,-0.03,0.41
22.3,1.52,-0.02,0.41
22.31,1.52,-0.02,0.41
22.32,1.52,-0.02,0.41
22.33,1.52,-0.02,0.41
22.34,1.51,-0.02,0.41
22.35,1.51,-0.02,0.41
22.36,1.51,-0.02,0.41
22.37,1.51,-0.02,0.41
22.38,1.51,-0.02,0.41
22.39,1.51,-0.02,0.41
22.4,1.51,-0.02,0.41
22.41,1.51,-0.02,0.41
22.42,1.51,-0.02,0.41
22.43,1.51,-0.02,0.41
22.44,1.51,-0.02,0.41
22.45,1.51,-0.02,0.41
22.46,1.51,-0.02,0.41
22.47,1.51,-0.02,0.41
22.48,1.51,-0.02,0.41
22.49,1.51,-0.02,0.41
22.5,1.51,-0.02,0.41
22.51,1.51,-0.02,0.41
22.52,1.51,-0.02,0.41
22.53,1.51,-0.02,0.41
22.54,1.51,-0.02,0.41
22.55,1.51,-0.02,0.41
22.56,1.51,-0.02,0.41
22.57,1.51,-0.02,0.41
22.58,1.51,-0.02,0.41
22.59,1.51,-0.02,0.41
22.6,1.51,-0.02,0.41
22.61,1.51,-0.02,0.41
22.62,1.51,-0.02,0.41
22.63,1.51,-0.02,0.41
22.64,1.51,-0.02,0.41
22.65,1.51,-0.02,0.41
22.66,1.51,-0.02,0.41
22.67,1.51,-0.02,0.41
22.68,1.51,-0.02,0.41
22.69,1.51,-0.02,0.41
22.7,1.51,-0.02,0.41
22.71,1.51,-0.02,0.41
22.72,1.51,-0.02,0.41
22.73,1.51,-0.02,0.41
22.74,1.51,-0.02,0.41
22.75,1.51,-0.02,0.41
22.76,1.51,-0.02,0.41
22.77,1.51,-0.02,0.41
22.78,1.51,-0.02,0.41
22.79,1.51,-0.02,0.41
22.8,1.51,-0.02,0.41
22.81,1.51,-0.01,0.41
22.82,1.51,-0.01,0.41
22.83,1.51,-0.01,0.41
22.84,1.51,-0.01,0.41
22.85,1.51,-0.01,0.41
22.86,1.5,-0.01,0.41
22.87,1.5,-0.01,0.41
22.88,1.5,-0.01,0.41
22.89,1.5,-0.01,0.41
22.9,1.5,-0.01,0.41
22.91,1.5,-0.01,0.41
22.92,1.5,-0.01,0.41
22.93,1.5,-0.01,0.41
22.94,1.5,-0.01,0.41
22.95,1.5,-0.01,0.41
22.96,1.5,-0.01,0.41
22.97,1.5,-0.01,0.41
22.98,1.5,-0.01,0.41
22.99,1.5,-0.01,0.41
23.0,1.5,-0.01,0.41
23.01,1.5,-0.01,0.41
23.02,1.5,-0.01,0.41
23.03,1.5,-0.01,0.41
23.04,1.5,-0.01,0.4
23.05,1.5,-0.01,0.4
23.06,1.5,-0.01,0.4
23.07,1.5,-0.01,0.4
23.08,1.5,-0.01,0.4
23.09,1.5,-0.01,0.4
23.1,1.5,-0.01,0.4
23.11,1.5,-0.01,0.4
23.12,1.5,-0.01,0.4
23.13,1.5,-0.01,0.4
23.14,1.5,-0.01,0.4
23.15,1.5,-0.01,0.4
23.16,1.5,-0.01,0.4
23.17,1.5,-0.01,0.4
23.18,1.5,-0.01,0.4
23.19,1.5,-0.01,0.4
23.2,1.5,-0.01,0.4
23.21,1.5,-0.01,0.4
23.22,1.5,-0.01,0.4
23.23,1.5,-0.01,0.4
23.24,1.5,-0.01,0.4
23.25,1.5,-0.01,0.4
23.26,1.5,-0.01,0.4
23.27,1.5,-0.01,0.4
23.28,1.5,-0.01,0.4
23.29,1.5,-0.01,0.4
23.3,1.5,-0.01,0.4
23.31,1.5,-0.01,0.4
23.32,1.5,-0.0,0.4
23.33,1.5,-0.0,0.4
23.34,1.5,-0.0,0.4
23.35,1.5,-0.0,0.4
23.36,1.5,-0.0,0.4
23.37,1.5,-0.0,0.4
23.38,1.5,-0.0,0.4
23.39,1.5,-0.0,0.4
23.4,1.5,-0.0,0.4
23.41,1.5,-0.0,0.4
23.42,1.5,-0.0,0.4
23.43,1.5,-0.0,0.4
23.44,1.5,-0.0,0.4
23.45,1.5,-0.0,0.4
23.46,1.5,-0.0,0.4
23.47,1.5,-0.0,0.4
23.48,1.5,-0.0,0.4
23.49,1.5,-0.0,0.4
23.5,1.5,-0.0,0.4
23.51,1.5,-0.0,0.4
23.52,1.5,-0.0,0.4
23.53,1.5,-0.0,0.4
23.54,1.5,-0.0,0.4
23.55,1.5,-0.0,0.4
23.56,1.5,-0.0,0.4
23.57,1.5,0.0,0.4
23.58,1.5,0.0,0.4
23.59,1.5,0.0,0.4
23.6,1.5,0.0,0.4
23.61,1.5,0.0,0.4
23.62,1.5,0.0,0.4
23.63,1.5,0.0,0.4
23.64,1.5,0.0,0.4
23.65,1.5,0.0,0.4
23.66,1.5,0.0,0.4
23.67,1.5,0.0,0.4
23.68,1.5,0.0,0.4
23.69,1.5,0.0,0.4
23.7,1.5,0.0,0.4
23.71,1.5,0.0,0.4
23.72,1.5,0.0,0.4
23.73,1.5,0.0,0.4
23.74,1.5,0.0,0.4
23.75,1.5,0.0,0.4
23.76,1.5,0.0,0.4
23.77,1.5,0.0,0.4
23.78,1.5,0.0,0.4
23.79,1.5,0.0,0.39
23.8,1.5,0.0,0.39
23.81,1.5,0.0,0.39
23.82,1.5,0.01,0.39
23.83,1.5,0.01,0.39
23.84,1.5,0.01,0.39
23.85,1.5,0.01,0.39
23.86,1.5,0.01,0.39
23.87,1.5,0.01,0.39
23.88,1.5,0.01,0.39
23.89,1.5,0.01,0.39
23.9,1.5,0.01,0.39
23.91,1.5,0.01,0.39
23.92,1.5,0.01,0.39
23.93,1.5,0.01,0.39
23.94,1.5,0.01,0.39
23.95,1.5,0.01,0.39
23.96,1.5,0.01,0.39
23.97,1.5,0.01,0.39
23.98,1.5,0.01,0.39
23.99,1.5,0.01,0.39
24.0,1.5,0.01,0.39
24.01,1.5,0.01,0.39
24.02,1.5,0.01,0.39
24.03,1.5,0.01,0.39
24.04,1.5,0.01,0.39
24.05,1.5,0.01,0.39
24.06,1.5,0.01,0.39
24.07,1.5,0.01,0.39
24.08,1.5,0.01,0.39
24.09,1.5,0.01,0.39
24.1,1.5,0.01,0.39
24.11,1.5,0.01,0.39
24.12,1.5,0.01,0.39
24.13,1.5,0.01,0.39
24.14,1.5,0.01,0.39
24.15,1.5,0.01,0.39
24.16,1.5,0.01,0.39
24.17,1.5,0.01,0.39
24.18,1.5,0.01,0.39
24.19,1.5,0.01,0.39
24.2,1.5,0.01,0.39
24.21,1.5,0.01,0.39
24.22,1.5,0.01,0.39
24.23,1.5,0.01,0.39
24.24,1.5,0.01,0.39
24.25,1.5,0.01,0.39
24.26,1.5,0.01,0.39
24.27,1.51,0.01,0.39
24.28,1.51,0.01,0.39
24.29,1.51,0.01,0.39
24.3,1.51,0.01,0.39
24.31,1.51,0.01,0.39
24.32,1.51,0.02,0.39
24.33,1.51,0.02,0.39
24.34,1.51,0.02,0.39
24.35,1.51,0.02,0.39
24.36,1.51,0.02,0.39
24.37,1.51,0.02,0.39
24.38,1.51,0.02,0.39
24.39,1.51,0.02,0.39
24.4,1.51,0.02,0.39
24.41,1.51,0.02,0.39
24.42,1.51,0.02,0.39
24.43,1.51,0.02,0.39
24.44,1.51,0.02,0.39
24.45,1.51,0.02,0.39
24.46,1.51,0.02,0.39
24.47,1.51,0.02,0.39
24.48,1.51,0.02,0.39
24.49,1.51,0.02,0.39
24.5,1.51,0.02,0.39
24.51,1.51,0.02,0.39
24.52,1.51,0.02,0.39
24.53,1.51,0.02,0.39
24.54,1.51,0.02,0.39
24.55,1.51,0.02,0.39
24.56,1.51,0.02,0.38
24.57,1.51,0.02,0.38
24.58,1.51,0.02,0.38
24.59,1.51,0.02,0.38
24.6,1.51,0.02,0.38
24.61,1.51,0.02,0.38
24.62,1.51,0.02,0.38
24.63,1.51,0.02,0.38
24.64,1.51,0.02,0.38
24.65,1.51,0.02,0.38
24.66,1.51,0.02,0.38
24.67,1.51,0.02,0.38
24.68,1.51,0.02,0.38
24.69,1.51,0.02,0.38
24.7,1.51,0.02,0.38
24.71,1.51,0.02,0.38
24.72,1.51,0.02,0.38
24.73,1.51,0.02,0.38
24.74,1.51,0.02,0.38
24.75,1.51,0.02,0.38
24.76,1.51,0.02,0.38
24.77,1.51,0.02,0.38
24.78,1.51,0.02,0.38
24.79,1.52,0.02,0.38
24.8,1.52,0.02,0.38
24.81,1.52,0.02,0.38
24.82,1.52,0.02,0.38
24.83,1.52,0.03,0.38
24.84,1.52,0.03,0.38
24.85,1.52,0.03,0.38
24.86,1.52,0.03,0.38
24.87,1.52,0.03,0.38
24.88,1.52,0.03,0.38
24.89,1.52,0.03,0.38
24.9,1.52,0.03,0.38
24.91,1.52,0.03,0.38
24.92,1.52,0.03,0.38
24.93,1.52,0.03,0.38
24.94,1.52,0.03,0.38
24.95,1.52,0.03,0.38
24.96,1.52,0.03,0.38
24.97,1.52,0.03,0.38
24.98,1.52,0.03,0.38
24.99,1.52,0.03,0.38
25.0,1.52,0.03,0.38
25.01,1.52,0.03,0.38
25.02,1.52,0.03,0.38
25.03,1.52,0.03,0.38
25.04,1.52,0.03,0.38
25.05,1.52,0.03,0.38
25.06,1.52,0.03,0.38
25.07,1.52,0.03,0.38
25.08,1.52,0.03,0.38
25.09,1.52,0.03,0.38
25.1,1.52,0.03,0.38
25.11,1.52,0.03,0.38
25.12,1.52,0.03,0.38
25.13,1.52,0.03,0.38
25.14,1.52,0.03,0.38
25.15,1.53,0.03,0.38
25.16,1.53,0.03,0.38
25.17,1.53,0.03,0.38
25.18,1.53,0.03,0.38
25.19,1.53,0.03,0.38
25.2,1.53,0.03,0.38
25.21,1.53,0.03,0.38
25.22,1.53,0.03,0.38
25.23,1.53,0.03,0.38
25.24,1.53,0.03,0.38
25.25,1.53,0.03,0.38
25.26,1.53,0.03,0.38
25.27,1.53,0.03,0.38
25.28,1.53,0.03,0.38
25.29,1.53,0.03,0.38
25.3,1.53,0.03,0.38
25.31,1.53,0.03,0.38
25.32,1.53,0.03,0.38
25.33,1.53,0.03,0.38
25.34,1.53,0.03,0.38
25.35,1.53,0.04,0.38
25.36,1.53,0.04,0.38
25.37,1.53,0.04,0.37
25.38,1.53,0.04,0.37
25.39,1.53,0.04,0.37
25.4,1.53,0.04,0.37
25.41,1.53,0.04,0.37
25.42,1.53,0.04,0.37
25.43,1.53,0.04,0.37
25.44,1.53,0.04,0.37
25.45,1.54,0.04,0.37
25.46,1.54,0.04,0.37
25.47,1.54,0.04,0.37
25.48,1.54,0.04,0.37
25.49,1.54,0.04,0.37
25.5,1.54,0.04,0.37
25.51,1.54,0.04,0.37
25.52,1.54,0.04,0.37
25.53,1.54,0.04,0.37
25.54,1.54,0.04,0.37
25.55,1.54,0.04,0.37
25.56,1.54,0.04,0.37
25.57,1.54,0.04,0.37
25.58,1.54,0.04,0.37
25.59,1.54,0.04,0.37
25.6,1.54,0.04,0.37
25.61,1.54,0.04,0.37
25.62,1.54,0.04,0.37
25.63,1.54,0.04,0.37
25.64,1.54,0.04,0.37
25.65,1.54,0.04,0.37
25.66,1.54,0.04,0.37
25.67,1.54,0.04,0.37
25.68,1.54,0.04,0.37
25.69,1.54,0.04,0.37
25.7,1.55,0.04,0.37
25.71,1.55,0.04,0.37
25.72,1.55,0.04,0.37
25.73,1.55,0.04,0.37
25.74,1.55,0.04,0.37
25.75,1.55,0.04,0.37
25.76,1.55,0.04,0.37
25.77,1.55,0.04,0.37
25.78,1.55,0.04,0.37
25.79,1.55,0.04,0.37
25.8,1.55,0.04,0.37
25.81,1.55,0.04,0.37
25.82,1.55,0.04,0.37
25.83,1.55,0.04,0.37
25.84,1.55,0.04,0.37
25.85,1.55,0.04,0.37
25.86,1.55,0.04,0.37
25.87,1.55,0.04,0.37
25.88,1.55,0.04,0.37
25.89,1.55,0.04,0.37
25.9,1.55,0.05,0.37
25.91,1.55,0.05,0.37
25.92,1.55,0.05,0.37
25.93,1.56,0.05,0.37
25.94,1.56,0.05,0.37
25.95,1.56,0.05,0.37
25.96,1.56,0.05,0.37
25.97,1.56,0.05,0.37
25.98,1.56,0.05,0.37
25.99,1.56,0.05,0.37
26.0,1.56,0.05,0.37
26.01,1.56,0.05,0.37
26.02,1.56,0.05,0.37
26.03,1.56,0.05,0.37
26.04,1.56,0.05,0.37
26.05,1.56,0.05,0.37
26.06,1.56,0.05,0.37
26.07,1.56,0.05,0.37
26.08,1.56,0.05,0.37
26.09,1.56,0.05,0.37
26.1,1.56,0.05,0.37
26.11,1.56,0.05,0.37
26.12,1.56,0.05,0.37
26.13,1.56,0.05,0.37
26.14,1.57,0.05,0.37
26.15,1.57,0.05,0.37
26.16,1.57,0.05,0.37
26.17,1.57,0.05,0.37
26.18,1.57,0.05,0.37
26.19,1.57,0.05,0.37
26.2,1.57,0.05,0.37
26.21,1.57,0.05,0.37
26.22,1.57,0.05,0.37
26.23,1.57,0.05,0.37
26.24,1.57,0.05,0.37
26.25,1.57,0.05,0.37
26.26,1.57,0.05,0.37
26.27,1.57,0.05,0.37
26.28,1.57,0.05,0.37
26.29,1.57,0.05,0.37
26.3,1.57,0.05,0.36
26.31,1.57,0.05,0.36
26.32,1.57,0.05,0.36
26.33,1.57,0.05,0.36
26.34,1.58,0.05,0.36
26.35,1.58,0.05,0.36
26.36,1.58,0.05,0.36
26.37,1.58,0.05,0.36
26.38,1.58,0.05,0.36
26.39,1.58,0.05,0.36
26.4,1.58,0.05,0.36
26.41,1.58,0.05,0.36
26.42,1.58,0.05,0.36
26.43,1.58,0.05,0.36
26.44,1.58,0.05,0.36
26.45,1.58,0.05,0.36
26.46,1.58,0.05,0.36
26.47,1.58,0.05,0.36
26.48,1.58,0.06,0.36
26.49,1.58,0.06,0.36
26.5,1.58,0.06,0.36
26.51,1.58,0.06,0.36
26.52,1.58,0.06,0.36
26.53,1.59,0.06,0.36
26.54,1.59,0.06,0.36
26.55,1.59,0.06,0.36
26.56,1.59,0.06,0.36
26.57,1.59,0.06,0.36
26.58,1.59,0.06,0.36
26.59,1.59,0.06,0.36
26.6,1.59,0.06,0.36
26.61,1.59,0.06,0.36
26.62,1.59,0.06,0.36
26.63,1.59,0.06,0.36
26.64,1.59,0.06,0.36
26.65,1.59,0.06,0.36
26.66,1.59,0.06,0.36
26.67,1.59,0.06,0.36
26.68,1.59,0.06,0.36
26.69,1.59,0.06,0.36
26.7,1.6,0.06,0.36
26.71,1.6,0.06,0.36
26.72,1.6,0.06,0.36
26.73,1.6,0.06,0.36
26.74,1.6,0.06,0.36
26.75,1.6,0.06,0.36
26.76,1.6,0.06,0.36
26.77,1.6,0.06,0.36
26.78,1.6,0.06,0.36
26.79,1.6,0.06,0.36
26.8,1.6,0.06,0.36
26.81,1.6,0.06,0.36
26.82,1.6,0.06,0.36
26.83,1.6,0.06,0.36
26.84,1.6,0.06,0.36
26.85,1.6,0.06,0.36
26.86,1.6,0.06,0.36
26.87,1.61,0.06,0.36
26.88,1.61,0.06,0.36
26.89,1.61,0.06,0.36
26.9,1.61,0.06,0.36
26.91,1.61,0.06,0.36
26.92,1.61,0.06,0.36
26.93,1.61,0.06,0.36
26.94,1.61,0.06,0.36
26.95,1.61,0.06,0.36
26.96,1.61,0.06,0.36
26.97,1.61,0.06,0.36
26.98,1.61,0.06,0.36
26.99,1.61,0.06,0.36
27.0,1.61,0.06,0.36
27.01,1.61,0.06,0.36
27.02,1.61,0.06,0.36
27.03,1.62,0.06,0.36
27.04,1.62,0.06,0.36
27.05,1.62,0.06,0.36
27.06,1.62,0.06,0.36
27.07,1.62,0.06,0.36
27.08,1.62,0.06,0.36
27.09,1.62,0.06,0.36
27.1,1.62,0.07,0.36
27.11,1.62,0.07,0.36
27.12,1.62,0.07,0.36
27.13,1.62,0.07,0.36
27.14,1.62,0.07,0.36
27.15,1.62,0.07,0.36
27.16,1.62,0.07,0.36
27.17,1.62,0.07,0.36
27.18,1.63,0.07,0.36
27.19,1.63,0.07,0.36
27.2,1.63,0.07,0.36
27.21,1.63,0.07,0.36
27.22,1.63,0.07,0.36
27.23,1.63,0.07,0.36
27.24,1.63,0.07,0.36
27.25,1.63,0.07,0.36
27.26,1.63,0.07,0.36
27.27,1.63,0.07,0.36
27.28,1.63,0.07,0.36
27.29,1.63,0.07,0.36
27.3,1.63,0.07,0.36
27.31,1.63,0.07,0.36
27.32,1.63,0.07,0.36
27.33,1.64,0.07,0.36
27.34,1.64,0.07,0.36
27.35,1.64,0.07,0.36
27.36,1.64,0.07,0.36
27.37,1.64,0.07,0.36
27.38,1.64,0.07,0.36
27.39,1.64,0.07,0.36
27.4,1.64,0.07,0.36
27.41,1.64,0.07,0.36
27.42,1.64,0.07,0.36
27.43,1.64,0.07,0.36
27.44,1.64,0.07,0.36
27.45,1.64,0.07,0.36
27.46,1.64,0.07,0.36
27.47,1.65,0.07,0.36
27.48,1.65,0.07,0.36
27.49,1.65,0.07,0.36
27.5,1.65,0.07,0.35
27.51,1.65,0.07,0.35
27.52,1.65,0.07,0.35
27.53,1.65,0.07,0.35
27.54,1.65,0.07,0.35
27.55,1.65,0.07,0.35
27.56,1.65,0.07,0.35
27.57,1.65,0.07,0.35
27.58,1.65,0.07,0.35
27.59,1.65,0.07,0.35
27.6,1.65,0.07,0.35
27.61,1.66,0.07,0.35
27.62,1.66,0.07,0.35
27.63,1.66,0.07,0.35
27.64,1.66,0.07,0.35
27.65,1.66,0.07,0.35
27.66,1.66,0.07,0.35
27.67,1.66,0.07,0.35
27.68,1.66,0.07,0.35
27.69,1.66,0.07,0.35
27.7,1.66,0.07,0.35
27.71,1.66,0.07,0.35
27.72,1.66,0.07,0.35
27.73,1.66,0.07,0.35
27.74,1.66,0.07,0.35
27.75,1.67,0.07,0.35
27.76,1.67,0.07,0.35
27.77,1.67,0.07,0.35
27.78,1.67,0.07,0.35
27.79,1.67,0.07,0.35
27.8,1.67,0.07,0.35
27.81,1.67,0.08,0.35
27.82,1.67,0.08,0.35
27.83,1.67,0.08,0.35
27.84,1.67,0.08,0.35
27.85,1.67,0.08,0.35
27.86,1.67,0.08,0.35
27.87,1.67,0.08,0.35
27.88,1.68,0.08,0.35
27.89,1.68,0.08,0.35
27.9,1.68,0.08,0.35
27.91,1.68,0.08,0.35
27.92,1.68,0.08,0.35
27.93,1.68,0.08,0.35
27.94,1.68,0.08,0.35
27.95,1.68,0.08,0.35
27.96,1.68,0.08,0.35
27.97,1.68,0.08,0.35
27.98,1.68,0.08,0.35
27.99,1.68,0.08,0.35
28.0,1.68,0.08,0.35
28.01,1.69,0.08,0.35
28.02,1.69,0.08,0.35
28.03,1.69,0.08,0.35
28.04,1.69,0.08,0.35
28.05,1.69,0.08,0.35
28.06,1.69,0.08,0.35
28.07,1.69,0.08,0.35
28.08,1.69,0.08,0.35
28.09,1.69,0.08,0.35
28.1,1.69,0.08,0.35
28.11,1.69,0.08,0.35
28.12,1.69,0.08,0.35
28.13,1.69,0.08,0.35
28.14,1.7,0.08,0.35
28.15,1.7,0.08,0.35
28.16,1.7,0.08,0.35
28.17,1.7,0.08,0.35
28.18,1.7,0.08,0.35
28.19,1.7,0.08,0.35
28.2,1.7,0.08,0.35
28.21,1.7,0.08,0.35
28.22,1.7,0.08,0.35
28.23,1.7,0.08,0.35
28.24,1.7,0.08,0.35
28.25,1.7,0.08,0.35
28.26,1.7,0.08,0.35
28.27,1.71,0.08,0.35
28.28,1.71,0.08,0.35
28.29,1.71,0.08,0.35
28.3,1.71,0.08,0.35
28.31,1.71,0.08,0.35
28.32,1.71,0.08,0.35
28.33,1.71,0.08,0.35
28.34,1.71,0.08,0.35
28.35,1.71,0.08,0.35
28.36,1.71,0.08,0.35
28.37,1.71,0.08,0.35
28.38,1.71,0.08,0.35
28.39,1.72,0.08,0.35
28.4,1.72,0.08,0.35
28.41,1.72,0.08,0.35
28.42,1.72,0.08,0.35
28.43,1.72,0.08,0.35
28.44,1.72,0.08,0.35
28.45,1.72,0.08,0.35
28.46,1.72,0.08,0.35
28.47,1.72,0.08,0.35
28.48,1.72,0.08,0.35
28.49,1.72,0.08,0.35
28.5,1.72,0.08,0.35
28.51,1.73,0.08,0.35
28.52,1.73,0.08,0.35
28.53,1.73,0.08,0.35
28.54,1.73,0.08,0.35
28.55,1.73,0.08,0.35
28.56,1.73,0.08,0.35
28.57,1.73,0.08,0.35
28.58,1.73,0.08,0.35
28.59,1.73,0.08,0.35
28.6,1.73,0.08,0.35
28.61,1.73,0.08,0.35
28.62,1.73,0.08,0.35
28.63,1.74,0.08,0.35
28.64,1.74,0.08,0.35
28.65,1.74,0.09,0.35
28.66,1.74,0.09,0.35
28.67,1.74,0.09,0.35
28.68,1.74,0.09,0.35
28.69,1.74,0.09,0.35
28.7,1.74,0.09,0.35
28.71,1.74,0.09,0.35
28.72,1.74,0.09,0.35
28.73,1.74,0.09,0.35
28.74,1.74,0.09,0.35
28.75,1.75,0.09,0.35
28.76,1.75,0.09,0.35
28.77,1.75,0.09,0.35
28.78,1.75,0.09,0.35
28.79,1.75,0.09,0.35
28.8,1.75,0.09,0.35
28.81,1.75,0.09,0.35
28.82,1.75,0.09,0.35
28.83,1.75,0.09,0.35
28.84,1.75,0.09,0.35
28.85,1.75,0.09,0.35
28.86,1.76,0.09,0.35
28.87,1.76,0.09,0.35
28.88,1.76,0.09,0.35
28.89,1.76,0.09,0.35
28.9,1.76,0.09,0.35
28.91,1.76,0.09,0.35
28.92,1.76,0.09,0.35
28.93,1.76,0.09,0.35
28.94,1.76,0.09,0.35
28.95,1.76,0.09,0.35
28.96,1.76,0.09,0.35
28.97,1.77,0.09,0.35
28.98,1.77,0.09,0.35
28.99,1.77,0.09,0.35
29.0,1.77,0.09,0.35
29.01,1.77,0.09,0.35
29.02,1.77,0.09,0.35
29.03,1.77,0.09,0.35
29.04,1.77,0.09,0.35
29.05,1.77,0.09,0.35
29.06,1.77,0.09,0.35
29.07,1.77,0.09,0.35
29.08,1.77,0.09,0.35
29.09,1.78,0.09,0.35
29.1,1.78,0.09,0.35
29.11,1.78,0.09,0.35
29.12,1.78,0.09,0.35
29.13,1.78,0.09,0.35
29.14,1.78,0.09,0.35
29.15,1.78,0.09,0.35
29.16,1.78,0.09,0.35
29.17,1.78,0.09,0.35
29.18,1.78,0.09,0.35
29.19,1.78,0.09,0.35
29.2,1.79,0.09,0.35
29.21,1.79,0.09,0.35
29.22,1.79,0.09,0.35
29.23,1.79,0.09,0.35
29.24,1.79,0.09,0.35
29.25,1.79,0.09,0.35
29.26,1.79,0.09,0.35
29.27,1.79,0.09,0.35
29.28,1.79,0.09,0.35
29.29,1.79,0.09,0.35
29.3,1.79,0.09,0.35
29.31,1.8,0.09,0.35
29.32,1.8,0.09,0.35
29.33,1.8,0.09,0.35
29.34,1.8,0.09,0.35
29.35,1.8,0.09,0.35
29.36,1.8,0.09,0.35
29.37,1.8,0.09,0.35
29.38,1.8,0.09,0.35
29.39,1.8,0.09,0.35
29.4,1.8,0.09,0.35
29.41,1.8,0.09,0.35
29.42,1.81,0.09,0.35
29.43,1.81,0.09,0.35
29.44,1.81,0.09,0.35
29.45,1.81,0.09,0.35
29.46,1.81,0.09,0.35
29.47,1.81,0.09,0.35
29.48,1.81,0.09,0.35
29.49,1.81,0.09,0.35
29.5,1.81,0.09,0.35
29.51,1.81,0.09,0.35
29.52,1.81,0.09,0.35
29.53,1.82,0.09,0.35
29.54,1.82,0.09,0.35
29.55,1.82,0.09,0.35
29.56,1.82,0.09,0.35
29.57,1.82,0.09,0.35
29.58,1.82,0.09,0.35
29.59,1.82,0.09,0.35
29.6,1.82,0.09,0.35
29.61,1.82,0.09,0.35
29.62,1.82,0.09,0.35
29.63,1.83,0.09,0.35
29.64,1.83,0.09,0.35
29.65,1.83,0.09,0.35
29.66,1.83,0.09,0.35
29.67,1.83,0.09,0.35
29.68,1.83,0.09,0.35
29.69,1.83,0.09,0.35
29.7,1.83,0.09,0.35
29.71,1.83,0.09,0.35
29.72,1.83,0.09,0.35
29.73,1.83,0.09,0.35
29.74,1.84,0.09,0.35
29.75,1.84,0.09,0.35
29.76,1.84,0.09,0.35
29.77,1.84,0.09,0.35
29.78,1.84,0.09,0.35
29.79,1.84,0.09,0.35
29.8,1.84,0.09,0.35
29.81,1.84,0.09,0.35
29.82,1.84,0.09,0.35
29.83,1.84,0.1,0.35
29.84,1.85,0.1,0.35
29.85,1.85,0.1,0.35
29.86,1.85,0.1,0.35
29.87,1.85,0.1,0.35
29.88,1.85,0.1,0.35
29.89,1.85,0.1,0.35
29.9,1.85,0.1,0.35
29.91,1.85,0.1,0.35
29.92,1.85,0.1,0.35
29.93,1.85,0.1,0.35
29.94,1.85,0.1,0.35
29.95,1.86,0.1,0.35
29.96,1.86,0.1,0.35
29.97,1.86,0.1,0.35
29.98,1.86,0.1,0.35
29.99,1.86,0.1,0.35
30.0,1.86,0.1,0.35
30.01,1.86,0.1,0.35
30.02,1.86,0.1,0.35
30.03,1.86,0.1,0.35
30.04,1.86,0.1,0.35
30.05,1.87,0.1,0.35
30.06,1.87,0.1,0.35
30.07,1.87,0.1,0.35
30.08,1.87,0.1,0.35
30.09,1.87,0.1,0.35
30.1,1.87,0.1,0.35
30.11,1.87,0.1,0.35
30.12,1.87,0.1,0.35
30.13,1.87,0.1,0.35
30.14,1.87,0.1,0.35
30.15,1.87,0.1,0.35
30.16,1.88,0.1,0.35
30.17,1.88,0.1,0.35
30.18,1.88,0.1,0.35
30.19,1.88,0.1,0.35
30.2,1.88,0.1,0.35
30.21,1.88,0.1,0.35
30.22,1.88,0.1,0.35
30.23,1.88,0.1,0.35
30.24,1.88,0.1,0.35
30.25,1.88,0.1,0.35
30.26,1.89,0.1,0.35
30.27,1.89,0.1,0.35
30.28,1.89,0.1,0.35
30.29,1.89,0.1,0.35
30.3,1.89,0.1,0.35
30.31,1.89,0.1,0.35
30.32,1.89,0.1,0.35
30.33,1.89,0.1,0.35
30.34,1.89,0.1,0.35
30.35,1.89,0.1,0.35
30.36,1.9,0.1,0.35
30.37,1.9,0.1,0.35
30.38,1.9,0.1,0.35
30.39,1.9,0.1,0.35
30.4,1.9,0.1,0.35
30.41,1.9,0.1,0.35
30.42,1.9,0.1,0.35
30.43,1.9,0.1,0.35
30.44,1.9,0.1,0.35
30.45,1.9,0.1,0.35
30.46,1.9,0.1,0.35
30.47,1.91,0.1,0.35
30.48,1.91,0.1,0.35
30.49,1.91,0.1,0.35
30.5,1.91,0.1,0.35
30.51,1.91,0.1,0.35
30.52,1.91,0.1,0.35
30.53,1.91,0.1,0.35
30.54,1.91,0.1,0.35
30.55,1.91,0.1,0.35
30.56,1.91,0.1,0.35
30.57,1.92,0.1,0.35
30.58,1.92,0.1,0.35
30.59,1.92,0.1,0.35
30.6,1.92,0.1,0.35
30.61,1.92,0.1,0.35
30.62,1.92,0.1,0.35
30.63,1.92,0.1,0.35
30.64,1.92,0.1,0.35
30.65,1.92,0.1,0.35
30.66,1.92,0.1,0.35
30.67,1.93,0.1,0.35
30.68,1.93,0.1,0.35
30.69,1.93,0.1,0.35
30.7,1.93,0.1,0.35
30.71,1.93,0.1,0.35
30.72,1.93,0.1,0.35
30.73,1.93,0.1,0.35
30.74,1.93,0.1,0.35
30.75,1.93,0.1,0.35
30.76,1.93,0.1,0.35
30.77,1.94,0.1,0.35
30.78,1.94,0.1,0.35
30.79,1.94,0.1,0.35
30.8,1.94,0.1,0.35
30.81,1.94,0.1,0.35
30.82,1.94,0.1,0.35
30.83,1.94,0.1,0.35
30.84,1.94,0.1,0.35
30.85,1.94,0.1,0.35
30.86,1.94,0.1,0.35
30.87,1.95,0.1,0.35
30.88,1.95,0.1,0.35
30.89,1.95,0.1,0.35
30.9,1.95,0.1,0.35
30.91,1.95,0.1,0.35
30.92,1.95,0.1,0.35
30.93,1.95,0.1,0.35
30.94,1.95,0.1,0.35
30.95,1.95,0.1,0.35
30.96,1.95,0.1,0.35
30.97,1.96,0.1,0.35
30.98,1.96,0.1,0.35
30.99,1.96,0.1,0.35
31.0,1.96,0.1,0.35
31.01,1.96,0.1,0.35
31.02,1.96,0.1,0.35
31.03,1.96,0.1,0.35
31.04,1.96,0.1,0.35
31.05,1.96,0.1,0.35
31.06,1.96,0.1,0.35
31.07,1.97,0.1,0.35
31.08,1.97,0.1,0.35
31.09,1.97,0.1,0.35
31.1,1.97,0.1,0.35
31.11,1.97,0.1,0.35
31.12,1.97,0.1,0.35
31.13,1.97,0.1,0.35
31.14,1.97,0.1,0.35
31.15,1.97,0.1,0.35
31.16,1.97,0.1,0.35
31.17,1.98,0.1,0.35
31.18,1.98,0.1,0.35
31.19,1.98,0.1,0.35
31.2,1.98,0.1,0.35
31.21,1.98,0.1,0.35
31.22,1.98,0.1,0.35
31.23,1.98,0.1,0.35
31.24,1.98,0.1,0.35
31.25,1.98,0.1,0.35
31.26,1.98,0.1,0.35
31.27,1.99,0.1,0.35
31.28,1.99,0.1,0.35
31.29,1.99,0.1,0.35
31.3,1.99,0.1,0.35
31.31,1.99,0.1,0.35
31.32,1.99,0.1,0.35
31.33,1.99,0.1,0.35
31.34,1.99,0.1,0.35
31.35,1.99,0.1,0.35
31.36,1.99,0.1,0.35
31.37,2.0,0.1,0.35
31.38,2.0,0.1,0.35
31.39,2.0,0.1,0.35
31.4,2.0,0.1,0.35
31.41,2.0,0.1,0.35
31.42,2.0,0.1,0.35
31.43,2.0,0.1,0.35
31.44,2.0,0.1,0.35
31.45,2.0,0.1,0.35
31.46,2.0,0.1,0.35
31.47,2.01,0.1,0.35
31.48,2.01,0.1,0.35
31.49,2.01,0.1,0.35
31.5,2.01,0.1,0.35
31.51,2.01,0.1,0.35
31.52,2.01,0.1,0.35
31.53,2.01,0.1,0.35
31.54,2.01,0.1,0.35
31.55,2.01,0.1,0.35
31.56,2.01,0.1,0.35
31.57,2.02,0.1,0.35
31.58,2.02,0.1,0.35
31.59,2.02,0.1,0.35
31.6,2.02,0.1,0.35
31.61,2.02,0.1,0.35
31.62,2.02,0.1,0.35
31.63,2.02,0.1,0.35
31.64,2.02,0.1,0.35
31.65,2.02,0.1,0.35
31.66,2.02,0.1,0.35
31.67,2.03,0.1,0.35
31.68,2.03,0.1,0.35
31.69,2.03,0.1,0.35
31.7,2.03,0.1,0.35
31.71,2.03,0.1,0.35
31.72,2.03,0.1,0.35
31.73,2.03,0.1,0.35
31.74,2.03,0.1,0.35
31.75,2.03,0.1,0.35
31.76,2.03,0.1,0.35
31.77,2.04,0.1,0.35
31.78,2.04,0.1,0.35
31.79,2.04,0.1,0.35
31.8,2.04,0.1,0.35
31.81,2.04,0.1,0.35
31.82,2.04,0.1,0.35
31.83,2.04,0.1,0.35
31.84,2.04,0.1,0.35
31.85,2.04,0.1,0.35
31.86,2.04,0.1,0.35
31.87,2.05,0.1,0.35
31.88,2.05,0.1,0.35
31.89,2.05,0.1,0.35
31.9,2.05,0.1,0.35
31.91,2.05,0.1,0.35
31.92,2.05,0.1,0.35
31.93,2.05,0.1,0.35
31.94,2.05,0.1,0.35
31.95,2.05,0.1,0.35
31.96,2.05,0.1,0.35
31.97,2.06,0.1,0.35
31.98,2.06,0.1,0.35
31.99,2.06,0.1,0.35
32.0,2.06,0.1,0.35
32.01,2.06,0.1,0.35
32.02,2.06,0.1,0.35
32.03,2.06,0.1,0.35
32.04,2.06,0.1,0.35
32.05,2.06,0.1,0.35
32.06,2.06,0.1,0.35
32.07,2.07,0.1,0.35
32.08,2.07,0.1,0.35
32.09,2.07,0.1,0.35
32.1,2.07,0.1,0.35
32.11,2.07,0.1,0.35
32.12,2.07,0.1,0.35
32.13,2.07,0.1,0.35
32.14,2.07,0.1,0.35
32.15,2.07,0.1,0.35
32.16,2.07,0.1,0.35
32.17,2.08,0.1,0.35
32.18,2.08,0.1,0.35
32.19,2.08,0.1,0.35
32.2,2.08,0.1,0.35
32.21,2.08,0.1,0.35
32.22,2.08,0.1,0.35
32.23,2.08,0.1,0.35
32.24,2.08,0.1,0.35
32.25,2.08,0.1,0.35
32.26,2.08,0.1,0.35
32.27,2.08,0.1,0.35
32.28,2.09,0.1,0.35
32.29,2.09,0.1,0.35
32.3,2.09,0.1,0.35
32.31,2.09,0.1,0.35
32.32,2.09,0.1,0.35
32.33,2.09,0.1,0.35
32.34,2.09,0.1,0.35
32.35,2.09,0.1,0.35
32.36,2.09,0.1,0.35
32.37,2.09,0.1,0.35
32.38,2.1,0.1,0.35
32.39,2.1,0.1,0.35
32.4,2.1,0.1,0.35
32.41,2.1,0.1,0.35
32.42,2.1,0.1,0.35
32.43,2.1,0.1,0.35
32.44,2.1,0.1,0.35
32.45,2.1,0.1,0.35
32.46,2.1,0.1,0.35
32.47,2.1,0.1,0.35
32.48,2.11,0.1,0.35
32.49,2.11,0.1,0.35
32.5,2.11,0.1,0.35
32.51,2.11,0.1,0.35
32.52,2.11,0.1,0.35
32.53,2.11,0.1,0.35
32.54,2.11,0.1,0.35
32.55,2.11,0.1,0.35
32.56,2.11,0.1,0.35
32.57,2.11,0.1,0.35
32.58,2.12,0.1,0.35
32.59,2.12,0.1,0.35
32.6,2.12,0.1,0.35
32.61,2.12,0.1,0.35
32.62,2.12,0.1,0.35
32.63,2.12,0.1,0.35
32.64,2.12,0.1,0.35
32.65,2.12,0.1,0.35
32.66,2.12,0.1,0.35
32.67,2.12,0.1,0.35
32.68,2.13,0.1,0.35
32.69,2.13,0.1,0.35
32.7,2.13,0.1,0.35
32.71,2.13,0.1,0.35
32.72,2.13,0.1,0.35
32.73,2.13,0.1,0.35
32.74,2.13,0.1,0.35
32.75,2.13,0.1,0.35
32.76,2.13,0.1,0.35
32.77,2.13,0.1,0.35
32.78,2.13,0.1,0.35
32.79,2.14,0.1,0.35
32.8,2.14,0.1,0.35
32.81,2.14,0.1,0.35
32.82,2.14,0.1,0.35
32.83,2.14,0.1,0.35
32.84,2.14,0.1,0.35
32.85,2.14,0.1,0.35
32.86,2.14,0.1,0.35
32.87,2.14,0.1,0.35
32.88,2.14,0.1,0.35
32.89,2.15,0.1,0.35
32.9,2.15,0.1,0.35
32.91,2.15,0.1,0.35
32.92,2.15,0.1,0.35
32.93,2.15,0.1,0.35
32.94,2.15,0.1,0.35
32.95,2.15,0.1,0.35
32.96,2.15,0.1,0.35
32.97,2.15,0.1,0.35
32.98,2.15,0.1,0.35
32.99,2.15,0.1,0.35
33.0,2.16,0.1,0.35
33.01,2.16,0.09,0.35
33.02,2.16,0.09,0.35
33.03,2.16,0.09,0.35
33.04,2.16,0.09,0.35
33.05,2.16,0.09,0.35
33.06,2.16,0.09,0.35
33.07,2.16,0.09,0.35
33.08,2.16,0.09,0.35
33.09,2.16,0.09,0.35
33.1,2.17,0.09,0.35
33.11,2.17,0.09,0.35
33.12,2.17,0.09,0.35
33.13,2.17,0.09,0.35
33.14,2.17,0.09,0.35
33.15,2.17,0.09,0.35
33.16,2.17,0.09,0.35
33.17,2.17,0.09,0.35
33.18,2.17,0.09,0.35
33.19,2.17,0.09,0.35
33.2,2.17,0.09,0.35
33.21,2.18,0.09,0.35
33.22,2.18,0.09,0.36
33.23,2.18,0.09,0.36
33.24,2.18,0.09,0.36
33.25,2.18,0.09,0.36
33.26,2.18,0.09,0.36
33.27,2.18,0.09,0.36
33.28,2.18,0.09,0.36
33.29,2.18,0.09,0.36
33.3,2.18,0.09,0.36
33.31,2.18,0.09,0.36
33.32,2.19,0.09,0.36
33.33,2.19,0.09,0.36
33.34,2.19,0.09,0.36
33.35,2.19,0.09,0.36
33.36,2.19,0.09,0.36
33.37,2.19,0.09,0.36
33.38,2.19,0.09,0.36
33.39,2.19,0.09,0.36
33.4,2.19,0.09,0.36
33.41,2.19,0.09,0.36
33.42,2.2,0.09,0.36
33.43,2.2,0.09,0.36
33.44,2.2,0.09,0.36
33.45,2.2,0.09,0.36
33.46,2.2,0.09,0.36
33.47,2.2,0.09,0.36
33.48,2.2,0.09,0.36
33.49,2.2,0.09,0.36
33.5,2.2,0.09,0.36
33.51,2.2,0.09,0.36
33.52,2.2,0.09,0.36
33.53,2.21,0.09,0.36
33.54,2.21,0.09,0.36
33.55,2.21,0.09,0.36
33.56,2.21,0.09,0.36
33.57,2.21,0.09,0.36
33.58,2.21,0.09,0.36
33.59,2.21,0.09,0.36
33.6,2.21,0.09,0.36
33.61,2.21,0.09,0.36
33.62,2.21,0.09,0.36
33.63,2.21,0.09,0.36
33.64,2.22,0.09,0.36
33.65,2.22,0.09,0.36
33.66,2.22,0.09,0.36
33.67,2.22,0.09,0.36
33.68,2.22,0.09,0.36
33.69,2.22,0.09,0.36
33.7,2.22,0.09,0.36
33.71,2.22,0.09,0.36
33.72,2.22,0.09,0.36
33.73,2.22,0.09,0.36
33.74,2.22,0.09,0.36
33.75,2.23,0.09,0.36
33.76,2.23,0.09,0.36
33.77,2.23,0.09,0.36
33.78,2.23,0.09,0.36
33.79,2.23,0.09,0.36
33.8,2.23,0.09,0.36
33.81,2.23,0.09,0.36
33.82,2.23,0.09,0.36
33.83,2.23,0.09,0.36
33.84,2.23,0.09,0.36
33.85,2.23,0.09,0.36
33.86,2.23,0.09,0.36
33.87,2.24,0.09,0.36
33.88,2.24,0.09,0.36
33.89,2.24,0.09,0.36
33.9,2.24,0.09,0.36
33.91,2.24,0.09,0.36
33.92,2.24,0.09,0.36
33.93,2.24,0.09,0.36
33.94,2.24,0.09,0.36
33.95,2.24,0.09,0.36
33.96,2.24,0.09,0.36
33.97,2.24,0.09,0.36
33.98,2.25,0.09,0.36
33.99,2.25,0.09,0.36
34.0,2.25,0.09,0.36
34.01,2.25,0.09,0.36
34.02,2.25,0.09,0.36
34.03,2.25,0.09,0.36
34.04,2.25,0.09,0.36
34.05,2.25,0.09,0.36
34.06,2.25,0.09,0.36
34.07,2.25,0.09,0.36
34.08,2.25,0.09,0.36
34.09,2.25,0.09,0.36
34.1,2.26,0.09,0.36
34.11,2.26,0.09,0.36
34.12,2.26,0.09,0.36
34.13,2.26,0.09,0.36
34.14,2.26,0.09,0.36
34.15,2.26,0.09,0.36
34.16,2.26,0.09,0.36
34.17,2.26,0.09,0.36
34.18,2.26,0.09,0.36
34.19,2.26,0.08,0.36
34.2,2.26,0.08,0.36
34.21,2.27,0.08,0.36
34.22,2.27,0.08,0.36
34.23,2.27,0.08,0.36
34.24,2.27,0.08,0.36
34.25,2.27,0.08,0.36
34.26,2.27,0.08,0.36
34.27,2.27,0.08,0.36
34.28,2.27,0.08,0.36
34.29,2.27,0.08,0.36
34.3,2.27,0.08,0.36
34.31,2.27,0.08,0.36
34.32,2.27,0.08,0.36
34.33,2.28,0.08,0.36
34.34,2.28,0.08,0.36
34.35,2.28,0.08,0.36
34.36,2.28,0.08,0.36
34.37,2.28,0.08,0.36
34.38,2.28,0.08,0.36
34.39,2.28,0.08,0.36
34.4,2.28,0.08,0.36
34.41,2.28,0.08,0.36
34.42,2.28,0.08,0.36
34.43,2.28,0.08,0.36
34.44,2.28,0.08,0.36
34.45,2.29,0.08,0.36
34.46,2.29,0.08,0.36
34.47,2.29,0.08,0.36
34.48,2.29,0.08,0.36
34.49,2.29,0.08,0.36
34.5,2.29,0.08,0.36
34.51,2.29,0.08,0.36
34.52,2.29,0.08,0.36
34.53,2.29,0.08,0.36
34.54,2.29,0.08,0.36
34.55,2.29,0.08,0.36
34.56,2.29,0.08,0.36
34.57,2.29,0.08,0.36
34.58,2.3,0.08,0.36
34.59,2.3,0.08,0.36
34.6,2.3,0.08,0.36
34.61,2.3,0.08,0.36
34.62,2.3,0.08,0.36
34.63,2.3,0.08,0.36
34.64,2.3,0.08,0.36
34.65,2.3,0.08,0.36
34.66,2.3,0.08,0.36
34.67,2.3,0.08,0.36
34.68,2.3,0.08,0.36
34.69,2.3,0.08,0.36
34.7,2.31,0.08,0.36
34.71,2.31,0.08,0.36
34.72,2.31,0.08,0.36
34.73,2.31,0.08,0.36
34.74,2.31,0.08,0.36
34.75,2.31,0.08,0.36
34.76,2.31,0.08,0.36
34.77,2.31,0.08,0.36
34.78,2.31,0.08,0.36
34.79,2.31,0.08,0.36
34.8,2.31,0.08,0.36
34.81,2.31,0.08,0.36
34.82,2.31,0.08,0.36
34.83,2.32,0.08,0.36
34.84,2.32,0.08,0.36
34.85,2.32,0.08,0.36
34.86,2.32,0.08,0.36
34.87,2.32,0.08,0.36
34.88,2.32,0.08,0.36
34.89,2.32,0.08,0.36
34.9,2.32,0.08,0.36
34.91,2.32,0.08,0.37
34.92,2.32,0.08,0.37
34.93,2.32,0.08,0.37
34.94,2.32,0.08,0.37
34.95,2.32,0.08,0.37
34.96,2.33,0.08,0.37
34.97,2.33,0.08,0.37
34.98,2.33,0.08,0.37
34.99,2.33,0.08,0.37
35.0,2.33,0.08,0.37
35.01,2.33,0.08,0.37
35.02,2.33,0.08,0.37
35.03,2.33,0.07,0.37
35.04,2.33,0.07,0.37
35.05,2.33,0.07,0.37
35.06,2.33,0.07,0.37
35.07,2.33,0.07,0.37
35.08,2.33,0.07,0.37
35.09,2.34,0.07,0.37
35.1,2.34,0.07,0.37
35.11,2.34,0.07,0.37
35.12,2.34,0.07,0.37
35.13,2.34,0.07,0.37
35.14,2.34,0.07,0.37
35.15,2.34,0.07,0.37
35.16,2.34,0.07,0.37
35.17,2.34,0.07,0.37
35.18,2.34,0.07,0.37
35.19,2.34,0.07,0.37
35.2,2.34,0.07,0.37
35.21,2.34,0.07,0.37
35.22,2.34,0.07,0.37
35.23,2.35,0.07,0.37
35.24,2.35,0.07,0.37
35.25,2.35,0.07,0.37
35.26,2.35,0.07,0.37
35.27,2.35,0.07,0.37
35.28,2.35,0.07,0.37
35.29,2.35,0.07,0.37
35.3,2.35,0.07,0.37
35.31,2.35,0.07,0.37
35.32,2.35,0.07,0.37
35.33,2.35,0.07,0.37
35.34,2.35,0.07,0.37
35.35,2.35,0.07,0.37
35.36,2.35,0.07,0.37
35.37,2.36,0.07,0.37
35.38,2.36,0.07,0.37
35.39,2.36,0.07,0.37
35.4,2.36,0.07,0.37
35.41,2.36,0.07,0.37
35.42,2.36,0.07,0.37
35.43,2.36,0.07,0.37
35.44,2.36,0.07,0.37
35.45,2.36,0.07,0.37
35.46,2.36,0.07,0.37
35.47,2.36,0.07,0.37
35.48,2.36,0.07,0.37
35.49,2.36,0.07,0.37
35.5,2.36,0.07,0.37
35.51,2.37,0.07,0.37
35.52,2.37,0.07,0.37
35.53,2.37,0.07,0.37
35.54,2.37,0.07,0.37
35.55,2.37,0.07,0.37
35.56,2.37,0.07,0.37
35.57,2.37,0.07,0.37
35.58,2.37,0.07,0.37
35.59,2.37,0.07,0.37
35.6,2.37,0.07,0.37
35.61,2.37,0.07,0.37
35.62,2.37,0.07,0.37
35.63,2.37,0.07,0.37
35.64,2.37,0.07,0.37
35.65,2.37,0.07,0.37
35.66,2.38,0.07,0.37
35.67,2.38,0.07,0.37
35.68,2.38,0.07,0.37
35.69,2.38,0.07,0.37
35.7,2.38,0.07,0.37
35.71,2.38,0.07,0.37
35.72,2.38,0.07,0.37
35.73,2.38,0.07,0.37
35.74,2.38,0.06,0.37
35.75,2.38,0.06,0.37
35.76,2.38,0.06,0.37
35.77,2.38,0.06,0.37
35.78,2.38,0.06,0.37
35.79,2.38,0.06,0.37
35.8,2.38,0.06,0.37
35.81,2.38,0.06,0.37
35.82,2.39,0.06,0.37
35.83,2.39,0.06,0.37
35.84,2.39,0.06,0.37
35.85,2.39,0.06,0.37
35.86,2.39,0.06,0.37
35.87,2.39,0.06,0.37
35.88,2.39,0.06,0.37
35.89,2.39,0.06,0.37
35.9,2.39,0.06,0.37
35.91,2.39,0.06,0.37
35.92,2.39,0.06,0.37
35.93,2.39,0.06,0.37
35.94,2.39,0.06,0.37
35.95,2.39,0.06,0.37
35.96,2.39,0.06,0.37
35.97,2.4,0.06,0.37
35.98,2.4,0.06,0.37
35.99,2.4,0.06,0.37
36.0,2.4,0.06,0.37
36.01,2.4,0.06,0.37
36.02,2.4,0.06,0.37
36.03,2.4,0.06,0.37
36.04,2.4,0.06,0.37
36.05,2.4,0.06,0.37
36.06,2.4,0.06,0.37
36.07,2.4,0.06,0.37
36.08,2.4,0.06,0.37
36.09,2.4,0.06,0.37
36.1,2.4,0.06,0.37
36.11,2.4,0.06,0.37
36.12,2.4,0.06,0.37
36.13,2.4,0.06,0.37
36.14,2.41,0.06,0.37
36.15,2.41,0.06,0.37
36.16,2.41,0.06,0.37
36.17,2.41,0.06,0.37
36.18,2.41,0.06,0.37
36.19,2.41,0.06,0.37
36.2,2.41,0.06,0.37
36.21,2.41,0.06,0.37
36.22,2.41,0.06,0.37
36.23,2.41,0.06,0.37
36.24,2.41,0.06,0.37
36.25,2.41,0.06,0.37
36.26,2.41,0.06,0.37
36.27,2.41,0.06,0.37
36.28,2.41,0.06,0.37
36.29,2.41,0.06,0.37
36.3,2.41,0.06,0.37
36.31,2.41,0.06,0.37
36.32,2.42,0.06,0.37
36.33,2.42,0.06,0.38
36.34,2.42,0.06,0.38
36.35,2.42,0.06,0.38
36.36,2.42,0.05,0.38
36.37,2.42,0.05,0.38
36.38,2.42,0.05,0.38
36.39,2.42,0.05,0.38
36.4,2.42,0.05,0.38
36.41,2.42,0.05,0.38
36.42,2.42,0.05,0.38
36.43,2.42,0.05,0.38
36.44,2.42,0.05,0.38
36.45,2.42,0.05,0.38
36.46,2.42,0.05,0.38
36.47,2.42,0.05,0.38
36.48,2.42,0.05,0.38
36.49,2.42,0.05,0.38
36.5,2.43,0.05,0.38
36.51,2.43,0.05,0.38
36.52,2.43,0.05,0.38
36.53,2.43,0.05,0.38
36.54,2.43,0.05,0.38
36.55,2.43,0.05,0.38
36.56,2.43,0.05,0.38
36.57,2.43,0.05,0.38
36.58,2.43,0.05,0.38
36.59,2.43,0.05,0.38
36.6,2.43,0.05,0.38
36.61,2.43,0.05,0.38
36.62,2.43,0.05,0.38
36.63,2.43,0.05,0.38
36.64,2.43,0.05,0.38
36.65,2.43,0.05,0.38
36.66,2.43,0.05,0.38
36.67,2.43,0.05,0.38
36.68,2.43,0.05,0.38
36.69,2.43,0.05,0.38
36.7,2.44,0.05,0.38
36.71,2.44,0.05,0.38
36.72,2.44,0.05,0.38
36.73,2.44,0.05,0.38
36.74,2.44,0.05,0.38
36.75,2.44,0.05,0.38
36.76,2.44,0.05,0.38
36.77,2.44,0.05,0.38
36.78,2.44,0.05,0.38
36.79,2.44,0.05,0.38
36.8,2.44,0.05,0.38
36.81,2.44,0.05,0.38
36.82,2.44,0.05,0.38
36.83,2.44,0.05,0.38
36.84,2.44,0.05,0.38
36.85,2.44,0.05,0.38
36.86,2.44,0.05,0.38
36.87,2.44,0.05,0.38
36.88,2.44,0.05,0.38
36.89,2.44,0.05,0.38
36.9,2.44,0.05,0.38
36.91,2.45,0.05,0.38
36.92,2.45,0.05,0.38
36.93,2.45,0.05,0.38
36.94,2.45,0.04,0.38
36.95,2.45,0.04,0.38
36.96,2.45,0.04,0.38
36.97,2.45,0.04,0.38
36.98,2.45,0.04,0.38
36.99,2.45,0.04,0.38
37.0,2.45,0.04,0.38
37.01,2.45,0.04,0.38
37.02,2.45,0.04,0.38
37.03,2.45,0.04,0.38
37.04,2.45,0.04,0.38
37.05,2.45,0.04,0.38
37.06,2.45,0.04,0.38
37.07,2.45,0.04,0.38
37.08,2.45,0.04,0.38
37.09,2.45,0.04,0.38
37.1,2.45,0.04,0.38
37.11,2.45,0.04,0.38
37.12,2.45,0.04,0.38
37.13,2.45,0.04,0.38
37.14,2.46,0.04,0.38
37.15,2.46,0.04,0.38
37.16,2.46,0.04,0.38
37.17,2.46,0.04,0.38
37.18,2.46,0.04,0.38
37.19,2.46,0.04,0.38
37.2,2.46,0.04,0.38
37.21,2.46,0.04,0.38
37.22,2.46,0.04,0.38
37.23,2.46,0.04,0.38
37.24,2.46,0.04,0.38
37.25,2.46,0.04,0.38
37.26,2.46,0.04,0.38
37.27,2.46,0.04,0.38
37.28,2.46,0.04,0.38
37.29,2.46,0.04,0.38
37.3,2.46,0.04,0.38
37.31,2.46,0.04,0.38
37.32,2.46,0.04,0.38
37.33,2.46,0.04,0.38
37.34,2.46,0.04,0.38
37.35,2.46,0.04,0.38
37.36,2.46,0.04,0.38
37.37,2.46,0.04,0.38
37.38,2.46,0.04,0.38
37.39,2.47,0.04,0.38
37.4,2.47,0.04,0.38
37.41,2.47,0.04,0.38
37.42,2.47,0.04,0.38
37.43,2.47,0.04,0.38
37.44,2.47,0.04,0.38
37.45,2.47,0.04,0.38
37.46,2.47,0.04,0.38
37.47,2.47,0.04,0.38
37.48,2.47,0.04,0.38
37.49,2.47,0.03,0.38
37.5,2.47,0.03,0.38
37.51,2.47,0.03,0.38
37.52,2.47,0.03,0.38
37.53,2.47,0.03,0.38
37.54,2.47,0.03,0.38
37.55,2.47,0.03,0.38
37.56,2.47,0.03,0.38
37.57,2.47,0.03,0.38
37.58,2.47,0.03,0.38
37.59,2.47,0.03,0.38
37.6,2.47,0.03,0.38
37.61,2.47,0.03,0.38
37.62,2.47,0.03,0.38
37.63,2.47,0.03,0.38
37.64,2.47,0.03,0.39
37.65,2.47,0.03,0.39
37.66,2.47,0.03,0.39
37.67,2.47,0.03,0.39
37.68,2.47,0.03,0.39
37.69,2.48,0.03,0.39
37.7,2.48,0.03,0.39
37.71,2.48,0.03,0.39
37.72,2.48,0.03,0.39
37.73,2.48,0.03,0.39
37.74,2.48,0.03,0.39
37.75,2.48,0.03,0.39
37.76,2.48,0.03,0.39
37.77,2.48,0.03,0.39
37.78,2.48,0.03,0.39
37.79,2.48,0.03,0.39
37.8,2.48,0.03,0.39
37.81,2.48,0.03,0.39
37.82,2.48,0.03,0.39
37.83,2.48,0.03,0.39
37.84,2.48,0.03,0.39
37.85,2.48,0.03,0.39
37.86,2.48,0.03,0.39
37.87,2.48,0.03,0.39
37.88,2.48,0.03,0.39
37.89,2.48,0.03,0.39
37.9,2.48,0.03,0.39
37.91,2.48,0.03,0.39
37.92,2.48,0.03,0.39
37.93,2.48,0.03,0.39
37.94,2.48,0.03,0.39
37.95,2.48,0.03,0.39
37.96,2.48,0.03,0.39
37.97,2.48,0.03,0.39
37.98,2.48,0.03,0.39
37.99,2.48,0.03,0.39
38.0,2.48,0.03,0.39
38.01,2.48,0.02,0.39
38.02,2.48,0.02,0.39
38.03,2.48,0.02,0.39
38.04,2.48,0.02,0.39
38.05,2.49,0.02,0.39
38.06,2.49,0.02,0.39
38.07,2.49,0.02,0.39
38.08,2.49,0.02,0.39
38.09,2.49,0.02,0.39
38.1,2.49,0.02,0.39
38.11,2.49,0.02,0.39
38.12,2.49,0.02,0.39
38.13,2.49,0.02,0.39
38.14,2.49,0.02,0.39
38.15,2.49,0.02,0.39
38.16,2.49,0.02,0.39
38.17,2.49,0.02,0.39
38.18,2.49,0.02,0.39
38.19,2.49,0.02,0.39
38.2,2.49,0.02,0.39
38.21,2.49,0.02,0.39
38.22,2.49,0.02,0.39
38.23,2.49,0.02,0.39
38.24,2.49,0.02,0.39
38.25,2.49,0.02,0.39
38.26,2.49,0.02,0.39
38.27,2.49,0.02,0.39
38.28,2.49,0.02,0.39
38.29,2.49,0.02,0.39
38.3,2.49,0.02,0.39
38.31,2.49,0.02,0.39
38.32,2.49,0.02,0.39
38.33,2.49,0.02,0.39
38.34,2.49,0.02,0.39
38.35,2.49,0.02,0.39
38.36,2.49,0.02,0.39
38.37,2.49,0.02,0.39
38.38,2.49,0.02,0.39
38.39,2.49,0.02,0.39
38.4,2.49,0.02,0.39
38.41,2.49,0.02,0.39
38.42,2.49,0.02,0.39
38.43,2.49,0.02,0.39
38.44,2.49,0.02,0.39
38.45,2.49,0.02,0.39
38.46,2.49,0.02,0.39
38.47,2.49,0.02,0.39
38.48,2.49,0.02,0.39
38.49,2.49,0.02,0.39
38.5,2.49,0.02,0.39
38.51,2.49,0.02,0.39
38.52,2.49,0.01,0.39
38.53,2.49,0.01,0.39
38.54,2.49,0.01,0.39
38.55,2.49,0.01,0.39
38.56,2.49,0.01,0.39
38.57,2.5,0.01,0.39
38.58,2.5,0.01,0.39
38.59,2.5,0.01,0.39
38.6,2.5,0.01,0.39
38.61,2.5,0.01,0.39
38.62,2.5,0.01,0.39
38.63,2.5,0.01,0.39
38.64,2.5,0.01,0.39
38.65,2.5,0.01,0.39
38.66,2.5,0.01,0.39
38.67,2.5,0.01,0.39
38.68,2.5,0.01,0.39
38.69,2.5,0.01,0.39
38.7,2.5,0.01,0.39
38.71,2.5,0.01,0.39
38.72,2.5,0.01,0.39
38.73,2.5,0.01,0.39
38.74,2.5,0.01,0.39
38.75,2.5,0.01,0.39
38.76,2.5,0.01,0.39
38.77,2.5,0.01,0.39
38.78,2.5,0.01,0.39
38.79,2.5,0.01,0.39
38.8,2.5,0.01,0.39
38.81,2.5,0.01,0.39
38.82,2.5,0.01,0.39
38.83,2.5,0.01,0.39
38.84,2.5,0.01,0.39
38.85,2.5,0.01,0.39
38.86,2.5,0.01,0.39
38.87,2.5,0.01,0.39
38.88,2.5,0.01,0.39
38.89,2.5,0.01,0.39
38.9,2.5,0.01,0.4
38.91,2.5,0.01,0.4
38.92,2.5,0.01,0.4
38.93,2.5,0.01,0.4
38.94,2.5,0.01,0.4
38.95,2.5,0.01,0.4
38.96,2.5,0.01,0.4
38.97,2.5,0.01,0.4
38.98,2.5,0.01,0.4
38.99,2.5,0.01,0.4
39.0,2.5,0.01,0.4
39.01,2.5,0.01,0.4
39.02,2.5,0.0,0.4
39.03,2.5,0.0,0.4
39.04,2.5,0.0,0.4
39.05,2.5,0.0,0.4
39.06,2.5,0.0,0.4
39.07,2.5,0.0,0.4
39.08,2.5,0.0,0.4
39.09,2.5,0.0,0.4
39.1,2.5,0.0,0.4
39.11,2.5,0.0,0.4
39.12,2.5,0.0,0.4
39.13,2.5,0.0,0.4
39.14,2.5,0.0,0.4
39.15,2.5,0.0,0.4
39.16,2.5,0.0,0.4
39.17,2.5,0.0,0.4
39.18,2.5,0.0,0.4
39.19,2.5,0.0,0.4
39.2,2.5,0.0,0.4
39.21,2.5,0.0,0.4
39.22,2.5,0.0,0.4
39.23,2.5,0.0,0.4
39.24,2.5,0.0,0.4
39.25,2.5,0.0,0.4
39.26,2.5,0.0,0.4
39.27,2.5,-0.0,0.4
39.28,2.5,-0.0,0.4
39.29,2.5,-0.0,0.4
39.3,2.5,-0.0,0.4
39.31,2.5,-0.0,0.4
39.32,2.5,-0.0,0.4
39.33,2.5,-0.0,0.4
39.34,2.5,-0.0,0.4
39.35,2.5,-0.0,0.4
39.36,2.5,-0.0,0.4
39.37,2.5,-0.0,0.4
39.38,2.5,-0.0,0.4
39.39,2.5,-0.0,0.4
39.4,2.5,-0.0,0.4
39.41,2.5,-0.0,0.4
39.42,2.5,-0.0,0.4
39.43,2.5,-0.0,0.4
39.44,2.5,-0.0,0.4
39.45,2.5,-0.0,0.4
39.46,2.5,-0.0,0.4
39.47,2.5,-0.0,0.4
39.48,2.5,-0.0,0.4
39.49,2.5,-0.0,0.4
39.5,2.5,-0.0,0.4
39.51,2.5,-0.0,0.4
39.52,2.5,-0.0,0.4
39.53,2.5,-0.01,0.4
39.54,2.5,-0.01,0.4
39.55,2.5,-0.01,0.4
39.56,2.5,-0.01,0.4
39.57,2.5,-0.01,0.4
39.58,2.5,-0.01,0.4
39.59,2.5,-0.01,0.4
39.6,2.5,-0.01,0.4
39.61,2.5,-0.01,0.4
39.62,2.5,-0.01,0.4
39.63,2.5,-0.01,0.4
39.64,2.5,-0.01,0.4
39.65,2.5,-0.01,0.4
39.66,2.5,-0.01,0.4
39.67,2.5,-0.01,0.4
39.68,2.5,-0.01,0.4
39.69,2.5,-0.01,0.4
39.7,2.5,-0.01,0.4
39.71,2.5,-0.01,0.4
39.72,2.5,-0.01,0.4
39.73,2.5,-0.01,0.4
39.74,2.5,-0.01,0.4
39.75,2.5,-0.01,0.4
39.76,2.5,-0.01,0.4
39.77,2.5,-0.01,0.4
39.78,2.5,-0.01,0.4
39.79,2.5,-0.01,0.4
39.8,2.5,-0.01,0.4
39.81,2.5,-0.01,0.4
39.82,2.5,-0.01,0.4
39.83,2.5,-0.01,0.4
39.84,2.5,-0.01,0.4
39.85,2.5,-0.01,0.4
39.86,2.5,-0.01,0.4
39.87,2.5,-0.01,0.4
39.88,2.5,-0.01,0.4
39.89,2.5,-0.01,0.4
39.9,2.5,-0.01,0.4
39.91,2.5,-0.01,0.4
39.92,2.5,-0.01,0.4
39.93,2.5,-0.01,0.4
39.94,2.5,-0.01,0.4
39.95,2.5,-0.01,0.4
39.96,2.5,-0.01,0.4
39.97,2.5,-0.01,0.4
39.98,2.49,-0.01,0.4
39.99,2.49,-0.01,0.4
40.0,2.49,-0.01,0.4
40.01,2.49,-0.01,0.4
40.02,2.49,-0.01,0.4
40.03,2.49,-0.02,0.4
40.04,2.49,-0.02,0.4
40.05,2.49,-0.02,0.4
40.06,2.49,-0.02,0.4
40.07,2.49,-0.02,0.4
40.08,2.49,-0.02,0.4
40.09,2.49,-0.02,0.4
40.1,2.49,-0.02,0.4
40.11,2.49,-0.02,0.4
40.12,2.49,-0.02,0.4
40.13,2.49,-0.02,0.4
40.14,2.49,-0.02,0.4
40.15,2.49,-0.02,0.41
40.16,2.49,-0.02,0.41
40.17,2.49,-0.02,0.41
40.18,2.49,-0.02,0.41
40.19,2.49,-0.02,0.41
40.2,2.49,-0.02,0.41
40.21,2.49,-0.02,0.41
40.22,2.49,-0.02,0.41
40.23,2.49,-0.02,0.41
40.24,2.49,-0.02,0.41
40.25,2.49,-0.02,0.41
40.26,2.49,-0.02,0.41
40.27,2.49,-0.02,0.41
40.28,2.49,-0.02,0.41
40.29,2.49,-0.02,0.41
40.3,2.49,-0.02,0.41
40.31,2.49,-0.02,0.41
40.32,2.49,-0.02,0.41
40.33,2.49,-0.02,0.41
40.34,2.49,-0.02,0.41
40.35,2.49,-0.02,0.41
40.36,2.49,-0.02,0.41
40.37,2.49,-0.02,0.41
40.38,2.49,-0.02,0.41
40.39,2.49,-0.02,0.41
40.4,2.49,-0.02,0.41
40.41,2.49,-0.02,0.41
40.42,2.49,-0.02,0.41
40.43,2.49,-0.02,0.41
40.44,2.49,-0.02,0.41
40.45,2.49,-0.02,0.41
40.46,2.49,-0.02,0.41
40.47,2.49,-0.02,0.41
40.48,2.49,-0.02,0.41
40.49,2.49,-0.02,0.41
40.5,2.48,-0.02,0.41
40.51,2.48,-0.02,0.41
40.52,2.48,-0.02,0.41
40.53,2.48,-0.02,0.41
40.54,2.48,-0.03,0.41
40.55,2.48,-0.03,0.41
40.56,2.48,-0.03,0.41
40.57,2.48,-0.03,0.41
40.58,2.48,-0.03,0.41
40.59,2.48,-0.03,0.41
40.6,2.48,-0.03,0.41
40.61,2.48,-0.03,0.41
40.62,2.48,-0.03,0.41
40.63,2.48,-0.03,0.41
40.64,2.48,-0.03,0.41
40.65,2.48,-0.03,0.41
40.66,2.48,-0.03,0.41
40.67,2.48,-0.03,0.41
40.68,2.48,-0.03,0.41
40.69,2.48,-0.03,0.41
40.7,2.48,-0.03,0.41
40.71,2.48,-0.03,0.41
40.72,2.48,-0.03,0.41
40.73,2.48,-0.03,0.41
40.74,2.48,-0.03,0.41
40.75,2.48,-0.03,0.41
40.76,2.48,-0.03,0.41
40.77,2.48,-0.03,0.41
40.78,2.48,-0.03,0.41
40.79,2.48,-0.03,0.41
40.8,2.48,-0.03,0.41
40.81,2.48,-0.03,0.41
40.82,2.48,-0.03,0.41
40.83,2.48,-0.03,0.41
40.84,2.48,-0.03,0.41
40.85,2.48,-0.03,0.41
40.86,2.47,-0.03,0.41
40.87,2.47,-0.03,0.41
40.88,2.47,-0.03,0.41
40.89,2.47,-0.03,0.41
40.9,2.47,-0.03,0.41
40.91,2.47,-0.03,0.41
40.92,2.47,-0.03,0.41
40.93,2.47,-0.03,0.41
40.94,2.47,-0.03,0.41
40.95,2.47,-0.03,0.41
40.96,2.47,-0.03,0.41
40.97,2.47,-0.03,0.41
40.98,2.47,-0.03,0.41
40.99,2.47,-0.03,0.41
41.0,2.47,-0.03,0.41
41.01,2.47,-0.03,0.41
41.02,2.47,-0.03,0.41
41.03,2.47,-0.03,0.41
41.04,2.47,-0.03,0.41
41.05,2.47,-0.03,0.41
41.06,2.47,-0.04,0.41
41.07,2.47,-0.04,0.41
41.08,2.47,-0.04,0.41
41.09,2.47,-0.04,0.41
41.1,2.47,-0.04,0.41
41.11,2.47,-0.04,0.41
41.12,2.47,-0.04,0.41
41.13,2.47,-0.04,0.41
41.14,2.47,-0.04,0.41
41.15,2.47,-0.04,0.41
41.16,2.46,-0.04,0.41
41.17,2.46,-0.04,0.41
41.18,2.46,-0.04,0.41
41.19,2.46,-0.04,0.41
41.2,2.46,-0.04,0.41
41.21,2.46,-0.04,0.41
41.22,2.46,-0.04,0.41
41.23,2.46,-0.04,0.41
41.24,2.46,-0.04,0.41
41.25,2.46,-0.04,0.41
41.26,2.46,-0.04,0.41
41.27,2.46,-0.04,0.41
41.28,2.46,-0.04,0.41
41.29,2.46,-0.04,0.41
41.3,2.46,-0.04,0.41
41.31,2.46,-0.04,0.41
41.32,2.46,-0.04,0.41
41.33,2.46,-0.04,0.41
41.34,2.46,-0.04,0.41
41.35,2.46,-0.04,0.41
41.36,2.46,-0.04,0.41
41.37,2.46,-0.04,0.41
41.38,2.46,-0.04,0.41
41.39,2.46,-0.04,0.41
41.4,2.46,-0.04,0.41
41.41,2.45,-0.04,0.41
41.42,2.45,-0.04,0.41
41.43,2.45,-0.04,0.42
41.44,2.45,-0.04,0.42
41.45,2.45,-0.04,0.42
41.46,2.45,-0.04,0.42
41.47,2.45,-0.04,0.42
41.48,2.45,-0.04,0.42
41.49,2.45,-0.04,0.42
41.5,2.45,-0.04,0.42
41.51,2.45,-0.04,0.42
41.52,2.45,-0.04,0.42
41.53,2.45,-0.04,0.42
41.54,2.45,-0.04,0.42
41.55,2.45,-0.04,0.42
41.56,2.45,-0.04,0.42
41.57,2.45,-0.04,0.42
41.58,2.45,-0.04,0.42
41.59,2.45,-0.04,0.42
41.6,2.45,-0.04,0.42
41.61,2.45,-0.05,0.42
41.62,2.45,-0.05,0.42
41.63,2.45,-0.05,0.42
41.64,2.44,-0.05,0.42
41.65,2.44,-0.05,0.42
41.66,2.44,-0.05,0.42
41.67,2.44,-0.05,0.42
41.68,2.44,-0.05,0.42
41.69,2.44,-0.05,0.42
41.7,2.44,-0.05,0.42
41.71,2.44,-0.05,0.42
41.72,2.44,-0.05,0.42
41.73,2.44,-0.05,0.42
41.74,2.44,-0.05,0.42
41.75,2.44,-0.05,0.42
41.76,2.44,-0.05,0.42
41.77,2.44,-0.05,0.42
41.78,2.44,-0.05,0.42
41.79,2.44,-0.05,0.42
41.8,2.44,-0.05,0.42
41.81,2.44,-0.05,0.42
41.82,2.44,-0.05,0.42
41.83,2.44,-0.05,0.42
41.84,2.44,-0.05,0.42
41.85,2.43,-0.05,0.42
41.86,2.43,-0.05,0.42
41.87,2.43,-0.05,0.42
41.88,2.43,-0.05,0.42
41.89,2.43,-0.05,0.42
41.9,2.43,-0.05,0.42
41.91,2.43,-0.05,0.42
41.92,2.43,-0.05,0.42
41.93,2.43,-0.05,0.42
41.94,2.43,-0.05,0.42
41.95,2.43,-0.05,0.42
41.96,2.43,-0.05,0.42
41.97,2.43,-0.05,0.42
41.98,2.43,-0.05,0.42
41.99,2.43,-0.05,0.42
42.0,2.43,-0.05,0.42
42.01,2.43,-0.05,0.42
42.02,2.43,-0.05,0.42
42.03,2.43,-0.05,0.42
42.04,2.43,-0.05,0.42
42.05,2.42,-0.05,0.42
42.06,2.42,-0.05,0.42
42.07,2.42,-0.05,0.42
42.08,2.42,-0.05,0.42
42.09,2.42,-0.05,0.42
42.1,2.42,-0.05,0.42
42.11,2.42,-0.05,0.42
42.12,2.42,-0.05,0.42
42.13,2.42,-0.05,0.42
42.14,2.42,-0.05,0.42
42.15,2.42,-0.05,0.42
42.16,2.42,-0.05,0.42
42.17,2.42,-0.05,0.42
42.18,2.42,-0.05,0.42
42.19,2.42,-0.06,0.42
42.2,2.42,-0.06,0.42
42.21,2.42,-0.06,0.42
42.22,2.42,-0.06,0.42
42.23,2.41,-0.06,0.42
42.24,2.41,-0.06,0.42
42.25,2.41,-0.06,0.42
42.26,2.41,-0.06,0.42
42.27,2.41,-0.06,0.42
42.28,2.41,-0.06,0.42
42.29,2.41,-0.06,0.42
42.3,2.41,-0.06,0.42
42.31,2.41,-0.06,0.42
42.32,2.41,-0.06,0.42
42.33,2.41,-0.06,0.42
42.34,2.41,-0.06,0.42
42.35,2.41,-0.06,0.42
42.36,2.41,-0.06,0.42
42.37,2.41,-0.06,0.42
42.38,2.41,-0.06,0.42
42.39,2.41,-0.06,0.42
42.4,2.41,-0.06,0.42
42.41,2.4,-0.06,0.42
42.42,2.4,-0.06,0.42
42.43,2.4,-0.06,0.42
42.44,2.4,-0.06,0.42
42.45,2.4,-0.06,0.42
42.46,2.4,-0.06,0.42
42.47,2.4,-0.06,0.42
42.48,2.4,-0.06,0.42
42.49,2.4,-0.06,0.42
42.5,2.4,-0.06,0.42
42.51,2.4,-0.06,0.42
42.52,2.4,-0.06,0.42
42.53,2.4,-0.06,0.42
42.54,2.4,-0.06,0.42
42.55,2.4,-0.06,0.42
42.56,2.4,-0.06,0.42
42.57,2.39,-0.06,0.42
42.58,2.39,-0.06,0.42
42.59,2.39,-0.06,0.42
42.6,2.39,-0.06,0.42
42.61,2.39,-0.06,0.42
42.62,2.39,-0.06,0.42
42.63,2.39,-0.06,0.42
42.64,2.39,-0.06,0.42
42.65,2.39,-0.06,0.42
42.66,2.39,-0.06,0.42
42.67,2.39,-0.06,0.42
42.68,2.39,-0.06,0.42
42.69,2.39,-0.06,0.42
42.7,2.39,-0.06,0.42
42.71,2.39,-0.06,0.42
42.72,2.39,-0.06,0.42
42.73,2.38,-0.06,0.42
42.74,2.38,-0.06,0.42
42.75,2.38,-0.06,0.42
42.76,2.38,-0.06,0.42
42.77,2.38,-0.06,0.43
42.78,2.38,-0.06,0.43
42.79,2.38,-0.06,0.43
42.8,2.38,-0.06,0.43
42.81,2.38,-0.07,0.43
42.82,2.38,-0.07,0.43
42.83,2.38,-0.07,0.43
42.84,2.38,-0.07,0.43
42.85,2.38,-0.07,0.43
42.86,2.38,-0.07,0.43
42.87,2.38,-0.07,0.43
42.88,2.38,-0.07,0.43
42.89,2.37,-0.07,0.43
42.9,2.37,-0.07,0.43
42.91,2.37,-0.07,0.43
42.92,2.37,-0.07,0.43
42.93,2.37,-0.07,0.43
42.94,2.37,-0.07,0.43
42.95,2.37,-0.07,0.43
42.96,2.37,-0.07,0.43
42.97,2.37,-0.07,0.43
42.98,2.37,-0.07,0.43
42.99,2.37,-0.07,0.43
43.0,2.37,-0.07,0.43
43.01,2.37,-0.07,0.43
43.02,2.37,-0.07,0.43
43.03,2.37,-0.07,0.43
43.04,2.36,-0.07,0.43
43.05,2.36,-0.07,0.43
43.06,2.36,-0.07,0.43
43.07,2.36,-0.07,0.43
43.08,2.36,-0.07,0.43
43.09,2.36,-0.07,0.43
43.1,2.36,-0.07,0.43
43.11,2.36,-0.07,0.43
43.12,2.36,-0.07,0.43
43.13,2.36,-0.07,0.43
43.14,2.36,-0.07,0.43
43.15,2.36,-0.07,0.43
43.16,2.36,-0.07,0.43
43.17,2.36,-0.07,0.43
43.18,2.35,-0.07,0.43
43.19,2.35,-0.07,0.43
43.2,2.35,-0.07,0.43
43.21,2.35,-0.07,0.43
43.22,2.35,-0.07,0.43
43.23,2.35,-0.07,0.43
43.24,2.35,-0.07,0.43
43.25,2.35,-0.07,0.43
43.26,2.35,-0.07,0.43
43.27,2.35,-0.07,0.43
43.28,2.35,-0.07,0.43
43.29,2.35,-0.07,0.43
43.3,2.35,-0.07,0.43
43.31,2.35,-0.07,0.43
43.32,2.34,-0.07,0.43
43.33,2.34,-0.07,0.43
43.34,2.34,-0.07,0.43
43.35,2.34,-0.07,0.43
43.36,2.34,-0.07,0.43
43.37,2.34,-0.07,0.43
43.38,2.34,-0.07,0.43
43.39,2.34,-0.07,0.43
43.4,2.34,-0.07,0.43
43.41,2.34,-0.07,0.43
43.42,2.34,-0.07,0.43
43.43,2.34,-0.07,0.43
43.44,2.34,-0.07,0.43
43.45,2.34,-0.07,0.43
43.46,2.33,-0.07,0.43
43.47,2.33,-0.07,0.43
43.48,2.33,-0.07,0.43
43.49,2.33,-0.07,0.43
43.5,2.33,-0.07,0.43
43.51,2.33,-0.07,0.43
43.52,2.33,-0.08,0.43
43.53,2.33,-0.08,0.43
43.54,2.33,-0.08,0.43
43.55,2.33,-0.08,0.43
43.56,2.33,-0.08,0.43
43.57,2.33,-0.08,0.43
43.58,2.33,-0.08,0.43
43.59,2.32,-0.08,0.43
43.6,2.32,-0.08,0.43
43.61,2.32,-0.08,0.43
43.62,2.32,-0.08,0.43
43.63,2.32,-0.08,0.43
43.64,2.32,-0.08,0.43
43.65,2.32,-0.08,0.43
43.66,2.32,-0.08,0.43
43.67,2.32,-0.08,0.43
43.68,2.32,-0.08,0.43
43.69,2.32,-0.08,0.43
43.7,2.32,-0.08,0.43
43.71,2.32,-0.08,0.43
43.72,2.31,-0.08,0.43
43.73,2.31,-0.08,0.43
43.74,2.31,-0.08,0.43
43.75,2.31,-0.08,0.43
43.76,2.31,-0.08,0.43
43.77,2.31,-0.08,0.43
43.78,2.31,-0.08,0.43
43.79,2.31,-0.08,0.43
43.8,2.31,-0.08,0.43
43.81,2.31,-0.08,0.43
43.82,2.31,-0.08,0.43
43.83,2.31,-0.08,0.43
43.84,2.31,-0.08,0.43
43.85,2.3,-0.08,0.43
43.86,2.3,-0.08,0.43
43.87,2.3,-0.08,0.43
43.88,2.3,-0.08,0.43
43.89,2.3,-0.08,0.43
43.9,2.3,-0.08,0.43
43.91,2.3,-0.08,0.43
43.92,2.3,-0.08,0.43
43.93,2.3,-0.08,0.43
43.94,2.3,-0.08,0.43
43.95,2.3,-0.08,0.43
43.96,2.3,-0.08,0.43
43.97,2.29,-0.08,0.43
43.98,2.29,-0.08,0.43
43.99,2.29,-0.08,0.43
44.0,2.29,-0.08,0.43
44.01,2.29,-0.08,0.43
44.02,2.29,-0.08,0.43
44.03,2.29,-0.08,0.43
44.04,2.29,-0.08,0.43
44.05,2.29,-0.08,0.43
44.06,2.29,-0.08,0.43
44.07,2.29,-0.08,0.43
44.08,2.29,-0.08,0.43
44.09,2.29,-0.08,0.43
44.1,2.28,-0.08,0.43
44.11,2.28,-0.08,0.43
44.12,2.28,-0.08,0.43
44.13,2.28,-0.08,0.43
44.14,2.28,-0.08,0.43
44.15,2.28,-0.08,0.43
44.16,2.28,-0.08,0.43
44.17,2.28,-0.08,0.43
44.18,2.28,-0.08,0.43
44.19,2.28,-0.08,0.43
44.2,2.28,-0.08,0.43
44.21,2.28,-0.08,0.43
44.22,2.27,-0.08,0.43
44.23,2.27,-0.08,0.43
44.24,2.27,-0.08,0.43
44.25,2.27,-0.08,0.43
44.26,2.27,-0.08,0.44
44.27,2.27,-0.08,0.44
44.28,2.27,-0.08,0.44
44.29,2.27,-0.08,0.44
44.3,2.27,-0.08,0.44
44.31,2.27,-0.08,0.44
44.32,2.27,-0.08,0.44
44.33,2.27,-0.08,0.44
44.34,2.26,-0.08,0.44
44.35,2.26,-0.09,0.44
44.36,2.26,-0.09,0.44
44.37,2.26,-0.09,0.44
44.38,2.26,-0.09,0.44
44.39,2.26,-0.09,0.44
44.4,2.26,-0.09,0.44
44.41,2.26,-0.09,0.44
44.42,2.26,-0.09,0.44
44.43,2.26,-0.09,0.44
44.44,2.26,-0.09,0.44
44.45,2.25,-0.09,0.44
44.46,2.25,-0.09,0.44
44.47,2.25,-0.09,0.44
44.48,2.25,-0.09,0.44
44.49,2.25,-0.09,0.44
44.5,2.25,-0.09,0.44
44.51,2.25,-0.09,0.44
44.52,2.25,-0.09,0.44
44.53,2.25,-0.09,0.44
44.54,2.25,-0.09,0.44
44.55,2.25,-0.09,0.44
44.56,2.25,-0.09,0.44
44.57,2.24,-0.09,0.44
44.58,2.24,-0.09,0.44
44.59,2.24,-0.09,0.44
44.6,2.24,-0.09,0.44
44.61,2.24,-0.09,0.44
44.62,2.24,-0.09,0.44
44.63,2.24,-0.09,0.44
44.64,2.24,-0.09,0.44
44.65,2.24,-0.09,0.44
44.66,2.24,-0.09,0.44
44.67,2.24,-0.09,0.44
44.68,2.23,-0.09,0.44
44.69,2.23,-0.09,0.44
44.7,2.23,-0.09,0.44
44.71,2.23,-0.09,0.44
44.72,2.23,-0.09,0.44
44.73,2.23,-0.09,0.44
44.74,2.23,-0.09,0.44
44.75,2.23,-0.09,0.44
44.76,2.23,-0.09,0.44
44.77,2.23,-0.09,0.44
44.78,2.23,-0.09,0.44
44.79,2.23,-0.09,0.44
44.8,2.22,-0.09,0.44
44.81,2.22,-0.09,0.44
44.82,2.22,-0.09,0.44
44.83,2.22,-0.09,0.44
44.84,2.22,-0.09,0.44
44.85,2.22,-0.09,0.44
44.86,2.22,-0.09,0.44
44.87,2.22,-0.09,0.44
44.88,2.22,-0.09,0.44
44.89,2.22,-0.09,0.44
44.9,2.22,-0.09,0.44
44.91,2.21,-0.09,0.44
44.92,2.21,-0.09,0.44
44.93,2.21,-0.09,0.44
44.94,2.21,-0.09,0.44
44.95,2.21,-0.09,0.44
44.96,2.21,-0.09,0.44
44.97,2.21,-0.09,0.44
44.98,2.21,-0.09,0.44
44.99,2.21,-0.09,0.44
45.0,2.21,-0.09,0.44
45.01,2.21,-0.09,0.44
45.02,2.2,-0.09,0.44
45.03,2.2,-0.09,0.44
45.04,2.2,-0.09,0.44
45.05,2.2,-0.09,0.44
45.06,2.2,-0.09,0.44
45.07,2.2,-0.09,0.44
45.08,2.2,-0.09,0.44
45.09,2.2,-0.09,0.44
45.1,2.2,-0.09,0.44
45.11,2.2,-0.09,0.44
45.12,2.2,-0.09,0.44
45.13,2.19,-0.09,0.44
45.14,2.19,-0.09,0.44
45.15,2.19,-0.09,0.44
45.16,2.19,-0.09,0.44
45.17,2.19,-0.09,0.44
45.18,2.19,-0.09,0.44
45.19,2.19,-0.09,0.44
45.2,2.19,-0.09,0.44
45.21,2.19,-0.09,0.44
45.22,2.19,-0.09,0.44
45.23,2.18,-0.09,0.44
45.24,2.18,-0.09,0.44
45.25,2.18,-0.09,0.44
45.26,2.18,-0.09,0.44
45.27,2.18,-0.09,0.44
45.28,2.18,-0.09,0.44
45.29,2.18,-0.09,0.44
45.3,2.18,-0.09,0.44
45.31,2.18,-0.09,0.44
45.32,2.18,-0.09,0.44
45.33,2.18,-0.09,0.44
45.34,2.17,-0.09,0.44
45.35,2.17,-0.09,0.44
45.36,2.17,-0.09,0.44
45.37,2.17,-0.09,0.44
45.38,2.17,-0.09,0.44
45.39,2.17,-0.09,0.44
45.4,2.17,-0.09,0.44
45.41,2.17,-0.09,0.44
45.42,2.17,-0.09,0.44
45.43,2.17,-0.09,0.44
45.44,2.17,-0.09,0.44
45.45,2.16,-0.09,0.44
45.46,2.16,-0.09,0.44
45.47,2.16,-0.09,0.44
45.48,2.16,-0.09,0.44
45.49,2.16,-0.09,0.44
45.5,2.16,-0.09,0.44
45.51,2.16,-0.09,0.44
45.52,2.16,-0.09,0.44
45.53,2.16,-0.09,0.44
45.54,2.16,-0.1,0.44
45.55,2.15,-0.1,0.44
45.56,2.15,-0.1,0.44
45.57,2.15,-0.1,0.44
45.58,2.15,-0.1,0.44
45.59,2.15,-0.1,0.44
45.6,2.15,-0.1,0.44
45.61,2.15,-0.1,0.44
45.62,2.15,-0.1,0.44
45.63,2.15,-0.1,0.44
45.64,2.15,-0.1,0.44
45.65,2.15,-0.1,0.44
45.66,2.14,-0.1,0.44
45.67,2.14,-0.1,0.44
45.68,2.14,-0.1,0.44
45.69,2.14,-0.1,0.44
45.7,2.14,-0.1,0.44
45.71,2.14,-0.1,0.44
45.72,2.14,-0.1,0.44
45.73,2.14,-0.1,0.44
45.74,2.14,-0.1,0.44
45.75,2.14,-0.1,0.44
45.76,2.13,-0.1,0.44
45.77,2.13,-0.1,0.44
45.78,2.13,-0.1,0.44
45.79,2.13,-0.1,0.44
45.8,2.13,-0.1,0.44
45.81,2.13,-0.1,0.44
45.82,2.13,-0.1,0.44
45.83,2.13,-0.1,0.44
45.84,2.13,-0.1,0.44
45.85,2.13,-0.1,0.44
45.86,2.13,-0.1,0.44
45.87,2.12,-0.1,0.44
45.88,2.12,-0.1,0.44
45.89,2.12,-0.1,0.44
45.9,2.12,-0.1,0.44
45.91,2.12,-0.1,0.44
45.92,2.12,-0.1,0.44
45.93,2.12,-0.1,0.44
45.94,2.12,-0.1,0.44
45.95,2.12,-0.1,0.44
45.96,2.12,-0.1,0.44
45.97,2.11,-0.1,0.44
45.98,2.11,-0.1,0.44
45.99,2.11,-0.1,0.44
46.0,2.11,-0.1,0.44
46.01,2.11,-0.1,0.44
46.02,2.11,-0.1,0.44
46.03,2.11,-0.1,0.44
46.04,2.11,-0.1,0.44
46.05,2.11,-0.1,0.44
46.06,2.11,-0.1,0.44
46.07,2.1,-0.1,0.44
46.08,2.1,-0.1,0.44
46.09,2.1,-0.1,0.44
46.1,2.1,-0.1,0.44
46.11,2.1,-0.1,0.44
46.12,2.1,-0.1,0.44
46.13,2.1,-0.1,0.44
46.14,2.1,-0.1,0.44
46.15,2.1,-0.1,0.44
46.16,2.1,-0.1,0.44
46.17,2.09,-0.1,0.44
46.18,2.09,-0.1,0.44
46.19,2.09,-0.1,0.44
46.2,2.09,-0.1,0.45
46.21,2.09,-0.1,0.45
46.22,2.09,-0.1,0.45
46.23,2.09,-0.1,0.45
46.24,2.09,-0.1,0.45
46.25,2.09,-0.1,0.45
46.26,2.09,-0.1,0.45
46.27,2.08,-0.1,0.45
46.28,2.08,-0.1,0.45
46.29,2.08,-0.1,0.45
46.3,2.08,-0.1,0.45
46.31,2.08,-0.1,0.45
46.32,2.08,-0.1,0.45
46.33,2.08,-0.1,0.45
46.34,2.08,-0.1,0.45
46.35,2.08,-0.1,0.45
46.36,2.08,-0.1,0.45
46.37,2.08,-0.1,0.45
46.38,2.07,-0.1,0.45
46.39,2.07,-0.1,0.45
46.4,2.07,-0.1,0.45
46.41,2.07,-0.1,0.45
46.42,2.07,-0.1,0.45
46.43,2.07,-0.1,0.45
46.44,2.07,-0.1,0.45
46.45,2.07,-0.1,0.45
46.46,2.07,-0.1,0.45
46.47,2.07,-0.1,0.45
46.48,2.06,-0.1,0.45
46.49,2.06,-0.1,0.45
46.5,2.06,-0.1,0.45
46.51,2.06,-0.1,0.45
46.52,2.06,-0.1,0.45
46.53,2.06,-0.1,0.45
46.54,2.06,-0.1,0.45
46.55,2.06,-0.1,0.45
46.56,2.06,-0.1,0.45
46.57,2.06,-0.1,0.45
46.58,2.05,-0.1,0.45
46.59,2.05,-0.1,0.45
46.6,2.05,-0.1,0.45
46.61,2.05,-0.1,0.45
46.62,2.05,-0.1,0.45
46.63,2.05,-0.1,0.45
46.64,2.05,-0.1,0.45
46.65,2.05,-0.1,0.45
46.66,2.05,-0.1,0.45
46.67,2.05,-0.1,0.45
46.68,2.04,-0.1,0.45
46.69,2.04,-0.1,0.45
46.7,2.04,-0.1,0.45
46.71,2.04,-0.1,0.45
46.72,2.04,-0.1,0.45
46.73,2.04,-0.1,0.45
46.74,2.04,-0.1,0.45
46.75,2.04,-0.1,0.45
46.76,2.04,-0.1,0.45
46.77,2.04,-0.1,0.45
46.78,2.03,-0.1,0.45
46.79,2.03,-0.1,0.45
46.8,2.03,-0.1,0.45
46.81,2.03,-0.1,0.45
46.82,2.03,-0.1,0.45
46.83,2.03,-0.1,0.45
46.84,2.03,-0.1,0.45
46.85,2.03,-0.1,0.45
46.86,2.03,-0.1,0.45
46.87,2.03,-0.1,0.45
46.88,2.02,-0.1,0.45
46.89,2.02,-0.1,0.45
46.9,2.02,-0.1,0.45
46.91,2.02,-0.1,0.45
46.92,2.02,-0.1,0.45
46.93,2.02,-0.1,0.45
46.94,2.02,-0.1,0.45
46.95,2.02,-0.1,0.45
46.96,2.02,-0.1,0.45
46.97,2.02,-0.1,0.45
46.98,2.01,-0.1,0.45
46.99,2.01,-0.1,0.45
47.0,2.01,-0.1,0.45
47.01,2.01,-0.1,0.45
47.02,2.01,-0.1,0.45
47.03,2.01,-0.1,0.45
47.04,2.01,-0.1,0.45
47.05,2.01,-0.1,0.45
47.06,2.01,-0.1,0.45
47.07,2.01,-0.1,0.45
47.08,2.0,-0.1,0.45
47.09,2.0,-0.1,0.45
47.1,2.0,-0.1,0.45
47.11,2.0,-0.1,0.45
47.12,2.0,-0.1,0.45
47.13,2.0,-0.1,0.45
47.14,2.0,-0.1,0.45
47.15,2.0,-0.1,0.45
47.16,2.0,-0.1,0.45
47.17,2.0,-0.1,0.45
47.18,1.99,-0.1,0.45
47.19,1.99,-0.1,0.45
47.2,1.99,-0.1,0.45
47.21,1.99,-0.1,0.45
47.22,1.99,-0.1,0.45
47.23,1.99,-0.1,0.45
47.24,1.99,-0.1,0.45
47.25,1.99,-0.1,0.45
47.26,1.99,-0.1,0.45
47.27,1.99,-0.1,0.45
47.28,1.98,-0.1,0.45
47.29,1.98,-0.1,0.45
47.3,1.98,-0.1,0.45
47.31,1.98,-0.1,0.45
47.32,1.98,-0.1,0.45
47.33,1.98,-0.1,0.45
47.34,1.98,-0.1,0.45
47.35,1.98,-0.1,0.45
47.36,1.98,-0.1,0.45
47.37,1.98,-0.1,0.45
47.38,1.97,-0.1,0.45
47.39,1.97,-0.1,0.45
47.4,1.97,-0.1,0.45
47.41,1.97,-0.1,0.45
47.42,1.97,-0.1,0.45
47.43,1.97,-0.1,0.45
47.44,1.97,-0.1,0.45
47.45,1.97,-0.1,0.45
47.46,1.97,-0.1,0.45
47.47,1.97,-0.1,0.45
47.48,1.96,-0.1,0.45
47.49,1.96,-0.1,0.45
47.5,1.96,-0.1,0.45
47.51,1.96,-0.1,0.45
47.52,1.96,-0.1,0.45
47.53,1.96,-0.1,0.45
47.54,1.96,-0.1,0.45
47.55,1.96,-0.1,0.45
47.56,1.96,-0.1,0.45
47.57,1.96,-0.1,0.45
47.58,1.95,-0.1,0.45
47.59,1.95,-0.1,0.45
47.6,1.95,-0.1,0.45
47.61,1.95,-0.1,0.45
47.62,1.95,-0.1,0.45
47.63,1.95,-0.1,0.45
47.64,1.95,-0.1,0.45
47.65,1.95,-0.1,0.45
47.66,1.95,-0.1,0.45
47.67,1.95,-0.1,0.45
47.68,1.94,-0.1,0.45
47.69,1.94,-0.1,0.45
47.7,1.94,-0.1,0.45
47.71,1.94,-0.1,0.45
47.72,1.94,-0.1,0.45
47.73,1.94,-0.1,0.45
47.74,1.94,-0.1,0.45
47.75,1.94,-0.1,0.45
47.76,1.94,-0.1,0.45
47.77,1.94,-0.1,0.45
47.78,1.93,-0.1,0.45
47.79,1.93,-0.1,0.45
47.8,1.93,-0.1,0.45
47.81,1.93,-0.1,0.45
47.82,1.93,-0.1,0.45
47.83,1.93,-0.1,0.45
47.84,1.93,-0.1,0.45
47.85,1.93,-0.1,0.45
47.86,1.93,-0.1,0.45
47.87,1.93,-0.1,0.45
47.88,1.92,-0.1,0.45
47.89,1.92,-0.1,0.45
47.9,1.92,-0.1,0.45
47.91,1.92,-0.1,0.45
47.92,1.92,-0.1,0.45
47.93,1.92,-0.1,0.45
47.94,1.92,-0.1,0.45
47.95,1.92,-0.1,0.45
47.96,1.92,-0.1,0.45
47.97,1.92,-0.1,0.45
47.98,1.91,-0.1,0.45
47.99,1.91,-0.1,0.45
48.0,1.91,-0.1,0.45
48.01,1.91,-0.1,0.45
48.02,1.91,-0.1,0.45
48.03,1.91,-0.1,0.45
48.04,1.91,-0.1,0.45
48.05,1.91,-0.1,0.45
48.06,1.91,-0.1,0.45
48.07,1.91,-0.1,0.45
48.08,1.9,-0.1,0.45
48.09,1.9,-0.1,0.45
48.1,1.9,-0.1,0.45
48.11,1.9,-0.1,0.45
48.12,1.9,-0.1,0.45
48.13,1.9,-0.1,0.45
48.14,1.9,-0.1,0.45
48.15,1.9,-0.1,0.45
48.16,1.9,-0.1,0.45
48.17,1.9,-0.1,0.45
48.18,1.9,-0.1,0.45
48.19,1.89,-0.1,0.45
48.2,1.89,-0.1,0.45
48.21,1.89,-0.1,0.45
48.22,1.89,-0.1,0.45
48.23,1.89,-0.1,0.45
48.24,1.89,-0.1,0.45
48.25,1.89,-0.1,0.45
48.26,1.89,-0.1,0.45
48.27,1.89,-0.1,0.45
48.28,1.89,-0.1,0.45
48.29,1.88,-0.1,0.45
48.3,1.88,-0.1,0.45
48.31,1.88,-0.1,0.45
48.32,1.88,-0.1,0.45
48.33,1.88,-0.1,0.45
48.34,1.88,-0.1,0.45
48.35,1.88,-0.1,0.45
48.36,1.88,-0.1,0.45
48.37,1.88,-0.1,0.45
48.38,1.88,-0.1,0.45
48.39,1.87,-0.1,0.45
48.4,1.87,-0.1,0.45
48.41,1.87,-0.1,0.45
48.42,1.87,-0.1,0.45
48.43,1.87,-0.1,0.45
48.44,1.87,-0.1,0.45
48.45,1.87,-0.1,0.45
48.46,1.87,-0.1,0.45
48.47,1.87,-0.1,0.45
48.48,1.87,-0.1,0.45
48.49,1.87,-0.1,0.45
48.5,1.86,-0.1,0.45
48.51,1.86,-0.1,0.45
48.52,1.86,-0.1,0.45
48.53,1.86,-0.1,0.45
48.54,1.86,-0.1,0.45
48.55,1.86,-0.1,0.45
48.56,1.86,-0.1,0.45
48.57,1.86,-0.1,0.45
48.58,1.86,-0.1,0.45
48.59,1.86,-0.1,0.45
48.6,1.85,-0.1,0.45
48.61,1.85,-0.1,0.45
48.62,1.85,-0.1,0.45
48.63,1.85,-0.1,0.45
48.64,1.85,-0.1,0.45
48.65,1.85,-0.1,0.45
48.66,1.85,-0.1,0.45
48.67,1.85,-0.1,0.45
48.68,1.85,-0.1,0.45
48.69,1.85,-0.1,0.45
48.7,1.84,-0.1,0.45
48.71,1.84,-0.1,0.45
48.72,1.84,-0.09,0.45
48.73,1.84,-0.09,0.45
48.74,1.84,-0.09,0.45
48.75,1.84,-0.09,0.45
48.76,1.84,-0.09,0.45
48.77,1.84,-0.09,0.45
48.78,1.84,-0.09,0.45
48.79,1.84,-0.09,0.45
48.8,1.84,-0.09,0.45
48.81,1.83,-0.09,0.45
48.82,1.83,-0.09,0.45
48.83,1.83,-0.09,0.45
48.84,1.83,-0.09,0.45
48.85,1.83,-0.09,0.45
48.86,1.83,-0.09,0.45
48.87,1.83,-0.09,0.45
48.88,1.83,-0.09,0.45
48.89,1.83,-0.09,0.45
48.9,1.83,-0.09,0.45
48.91,1.83,-0.09,0.45
48.92,1.82,-0.09,0.45
48.93,1.82,-0.09,0.45
48.94,1.82,-0.09,0.45
48.95,1.82,-0.09,0.45
48.96,1.82,-0.09,0.45
48.97,1.82,-0.09,0.45
48.98,1.82,-0.09,0.45
48.99,1.82,-0.09,0.45
49.0,1.82,-0.09,0.45
49.01,1.82,-0.09,0.45
49.02,1.81,-0.09,0.45
49.03,1.81,-0.09,0.45
49.04,1.81,-0.09,0.45
49.05,1.81,-0.09,0.45
49.06,1.81,-0.09,0.45
49.07,1.81,-0.09,0.45
49.08,1.81,-0.09,0.45
49.09,1.81,-0.09,0.45
49.1,1.81,-0.09,0.45
49.11,1.81,-0.09,0.45
49.12,1.81,-0.09,0.45
49.13,1.8,-0.09,0.45
49.14,1.8,-0.09,0.45
49.15,1.8,-0.09,0.45
49.16,1.8,-0.09,0.45
49.17,1.8,-0.09,0.45
49.18,1.8,-0.09,0.45
49.19,1.8,-0.09,0.45
49.2,1.8,-0.09,0.45
49.21,1.8,-0.09,0.45
49.22,1.8,-0.09,0.45
49.23,1.8,-0.09,0.45
49.24,1.79,-0.09,0.45
49.25,1.79,-0.09,0.45
49.26,1.79,-0.09,0.45
49.27,1.79,-0.09,0.45
49.28,1.79,-0.09,0.45
49.29,1.79,-0.09,0.45
49.3,1.79,-0.09,0.45
49.31,1.79,-0.09,0.45
49.32,1.79,-0.09,0.45
49.33,1.79,-0.09,0.45
49.34,1.79,-0.09,0.45
49.35,1.78,-0.09,0.45
49.36,1.78,-0.09,0.45
49.37,1.78,-0.09,0.45
49.38,1.78,-0.09,0.45
49.39,1.78,-0.09,0.45
49.4,1.78,-0.09,0.45
49.41,1.78,-0.09,0.45
49.42,1.78,-0.09,0.45
49.43,1.78,-0.09,0.45
49.44,1.78,-0.09,0.45
49.45,1.78,-0.09,0.45
49.46,1.77,-0.09,0.45
49.47,1.77,-0.09,0.45
49.48,1.77,-0.09,0.45
49.49,1.77,-0.09,0.45
49.5,1.77,-0.09,0.45
49.51,1.77,-0.09,0.45
49.52,1.77,-0.09,0.45
49.53,1.77,-0.09,0.45
49.54,1.77,-0.09,0.45
49.55,1.77,-0.09,0.45
49.56,1.77,-0.09,0.45
49.57,1.77,-0.09,0.45
49.58,1.76,-0.09,0.45
49.59,1.76,-0.09,0.45
49.6,1.76,-0.09,0.45
49.61,1.76,-0.09,0.45
49.62,1.76,-0.09,0.45
49.63,1.76,-0.09,0.45
49.64,1.76,-0.09,0.45
49.65,1.76,-0.09,0.45
49.66,1.76,-0.09,0.45
49.67,1.76,-0.09,0.45
49.68,1.76,-0.09,0.45
49.69,1.75,-0.09,0.45
49.7,1.75,-0.09,0.45
49.71,1.75,-0.09,0.45
49.72,1.75,-0.09,0.45
49.73,1.75,-0.09,0.45
49.74,1.75,-0.09,0.45
49.75,1.75,-0.09,0.45
49.76,1.75,-0.09,0.45
49.77,1.75,-0.09,0.45
49.78,1.75,-0.09,0.45
49.79,1.75,-0.09,0.45
49.8,1.74,-0.09,0.45
49.81,1.74,-0.09,0.45
49.82,1.74,-0.09,0.45
49.83,1.74,-0.09,0.45
49.84,1.74,-0.09,0.45
49.85,1.74,-0.09,0.45
49.86,1.74,-0.09,0.45
49.87,1.74,-0.09,0.45
49.88,1.74,-0.09,0.45
49.89,1.74,-0.09,0.45
49.9,1.74,-0.08,0.45
49.91,1.74,-0.08,0.45
49.92,1.73,-0.08,0.45
49.93,1.73,-0.08,0.45
49.94,1.73,-0.08,0.45
49.95,1.73,-0.08,0.45
49.96,1.73,-0.08,0.45
49.97,1.73,-0.08,0.45
49.98,1.73,-0.08,0.45
49.99,1.73,-0.08,0.45
50.0,1.73,-0.08,0.45
50.01,1.73,-0.08,0.45
50.02,1.73,-0.08,0.45
50.03,1.73,-0.08,0.45
50.04,1.72,-0.08,0.45
50.05,1.72,-0.08,0.45
50.06,1.72,-0.08,0.45
50.07,1.72,-0.08,0.45
50.08,1.72,-0.08,0.45
50.09,1.72,-0.08,0.45
50.1,1.72,-0.08,0.45
50.11,1.72,-0.08,0.45
50.12,1.72,-0.08,0.45
50.13,1.72,-0.08,0.45
50.14,1.72,-0.08,0.45
50.15,1.72,-0.08,0.45
50.16,1.71,-0.08,0.45
50.17,1.71,-0.08,0.45
50.18,1.71,-0.08,0.45
50.19,1.71,-0.08,0.45
50.2,1.71,-0.08,0.45
50.21,1.71,-0.08,0.45
50.22,1.71,-0.08,0.45
50.23,1.71,-0.08,0.45
50.24,1.71,-0.08,0.45
50.25,1.71,-0.08,0.45
50.26,1.71,-0.08,0.45
50.27,1.71,-0.08,0.45
50.28,1.7,-0.08,0.45
50.29,1.7,-0.08,0.45
50.3,1.7,-0.08,0.45
50.31,1.7,-0.08,0.45
50.32,1.7,-0.08,0.45
50.33,1.7,-0.08,0.45
50.34,1.7,-0.08,0.45
50.35,1.7,-0.08,0.45
50.36,1.7,-0.08,0.44
50.37,1.7,-0.08,0.44
50.38,1.7,-0.08,0.44
50.39,1.7,-0.08,0.44
50.4,1.7,-0.08,0.44
50.41,1.69,-0.08,0.44
50.42,1.69,-0.08,0.44
50.43,1.69,-0.08,0.44
50.44,1.69,-0.08,0.44
50.45,1.69,-0.08,0.44
50.46,1.69,-0.08,0.44
50.47,1.69,-0.08,0.44
50.48,1.69,-0.08,0.44
50.49,1.69,-0.08,0.44
50.5,1.69,-0.08,0.44
50.51,1.69,-0.08,0.44
50.52,1.69,-0.08,0.44
50.53,1.69,-0.08,0.44
50.54,1.68,-0.08,0.44
50.55,1.68,-0.08,0.44
50.56,1.68,-0.08,0.44
50.57,1.68,-0.08,0.44
50.58,1.68,-0.08,0.44
50.59,1.68,-0.08,0.44
50.6,1.68,-0.08,0.44
50.61,1.68,-0.08,0.44
50.62,1.68,-0.08,0.44
50.63,1.68,-0.08,0.44
50.64,1.68,-0.08,0.44
50.65,1.68,-0.08,0.44
50.66,1.68,-0.08,0.44
50.67,1.67,-0.08,0.44
50.68,1.67,-0.08,0.44
50.69,1.67,-0.08,0.44
50.7,1.67,-0.08,0.44
50.71,1.67,-0.08,0.44
50.72,1.67,-0.08,0.44
50.73,1.67,-0.08,0.44
50.74,1.67,-0.07,0.44
50.75,1.67,-0.07,0.44
50.76,1.67,-0.07,0.44
50.77,1.67,-0.07,0.44
50.78,1.67,-0.07,0.44
50.79,1.67,-0.07,0.44
50.8,1.66,-0.07,0.44
50.81,1.66,-0.07,0.44
50.82,1.66,-0.07,0.44
50.83,1.66,-0.07,0.44
50.84,1.66,-0.07,0.44
50.85,1.66,-0.07,0.44
50.86,1.66,-0.07,0.44
50.87,1.66,-0.07,0.44
50.88,1.66,-0.07,0.44
50.89,1.66,-0.07,0.44
50.9,1.66,-0.07,0.44
50.91,1.66,-0.07,0.44
50.92,1.66,-0.07,0.44
50.93,1.66,-0.07,0.44
50.94,1.65,-0.07,0.44
50.95,1.65,-0.07,0.44
50.96,1.65,-0.07,0.44
50.97,1.65,-0.07,0.44
50.98,1.65,-0.07,0.44
50.99,1.65,-0.07,0.44
51.0,1.65,-0.07,0.44
51.01,1.65,-0.07,0.44
51.02,1.65,-0.07,0.44
51.03,1.65,-0.07,0.44
51.04,1.65,-0.07,0.44
51.05,1.65,-0.07,0.44
51.06,1.65,-0.07,0.44
51.07,1.65,-0.07,0.44
51.08,1.64,-0.07,0.44
51.09,1.64,-0.07,0.44
51.1,1.64,-0.07,0.44
51.11,1.64,-0.07,0.44
51.12,1.64,-0.07,0.44
51.13,1.64,-0.07,0.44
51.14,1.64,-0.07,0.44
51.15,1.64,-0.07,0.44
51.16,1.64,-0.07,0.44
51.17,1.64,-0.07,0.44
51.18,1.64,-0.07,0.44
51.19,1.64,-0.07,0.44
51.2,1.64,-0.07,0.44
51.21,1.64,-0.07,0.44
51.22,1.63,-0.07,0.44
51.23,1.63,-0.07,0.44
51.24,1.63,-0.07,0.44
51.25,1.63,-0.07,0.44
51.26,1.63,-0.07,0.44
51.27,1.63,-0.07,0.44
51.28,1.63,-0.07,0.44
51.29,1.63,-0.07,0.44
51.3,1.63,-0.07,0.44
51.31,1.63,-0.07,0.44
51.32,1.63,-0.07,0.44
51.33,1.63,-0.07,0.44
51.34,1.63,-0.07,0.44
51.35,1.63,-0.07,0.44
51.36,1.63,-0.07,0.44
51.37,1.62,-0.07,0.44
51.38,1.62,-0.07,0.44
51.39,1.62,-0.07,0.44
51.4,1.62,-0.07,0.44
51.41,1.62,-0.07,0.44
51.42,1.62,-0.07,0.44
51.43,1.62,-0.07,0.44
51.44,1.62,-0.06,0.44
51.45,1.62,-0.06,0.44
51.46,1.62,-0.06,0.44
51.47,1.62,-0.06,0.44
51.48,1.62,-0.06,0.44
51.49,1.62,-0.06,0.44
51.5,1.62,-0.06,0.44
51.51,1.62,-0.06,0.44
51.52,1.61,-0.06,0.44
51.53,1.61,-0.06,0.44
51.54,1.61,-0.06,0.44
51.55,1.61,-0.06,0.44
51.56,1.61,-0.06,0.44
51.57,1.61,-0.06,0.44
51.58,1.61,-0.06,0.44
51.59,1.61,-0.06,0.44
51.6,1.61,-0.06,0.44
51.61,1.61,-0.06,0.44
51.62,1.61,-0.06,0.44
51.63,1.61,-0.06,0.44
51.64,1.61,-0.06,0.44
51.65,1.61,-0.06,0.44
51.66,1.61,-0.06,0.44
51.67,1.61,-0.06,0.44
51.68,1.6,-0.06,0.44
51.69,1.6,-0.06,0.44
51.7,1.6,-0.06,0.44
51.71,1.6,-0.06,0.44
51.72,1.6,-0.06,0.44
51.73,1.6,-0.06,0.44
51.74,1.6,-0.06,0.44
51.75,1.6,-0.06,0.44
51.76,1.6,-0.06,0.44
51.77,1.6,-0.06,0.44
51.78,1.6,-0.06,0.44
51.79,1.6,-0.06,0.44
51.8,1.6,-0.06,0.44
51.81,1.6,-0.06,0.44
51.82,1.6,-0.06,0.43
51.83,1.6,-0.06,0.43
51.84,1.6,-0.06,0.43
51.85,1.59,-0.06,0.43
51.86,1.59,-0.06,0.43
51.87,1.59,-0.06,0.43
51.88,1.59,-0.06,0.43
51.89,1.59,-0.06,0.43
51.9,1.59,-0.06,0.43
51.91,1.59,-0.06,0.43
51.92,1.59,-0.06,0.43
51.93,1.59,-0.06,0.43
51.94,1.59,-0.06,0.43
51.95,1.59,-0.06,0.43
51.96,1.59,-0.06,0.43
51.97,1.59,-0.06,0.43
51.98,1.59,-0.06,0.43
51.99,1.59,-0.06,0.43
52.0,1.59,-0.06,0.43
52.01,1.59,-0.06,0.43
52.02,1.58,-0.06,0.43
52.03,1.58,-0.06,0.43
52.04,1.58,-0.06,0.43
52.05,1.58,-0.06,0.43
52.06,1.58,-0.06,0.43
52.07,1.58,-0.05,0.43
52.08,1.58,-0.05,0.43
52.09,1.58,-0.05,0.43
52.1,1.58,-0.05,0.43
52.11,1.58,-0.05,0.43
52.12,1.58,-0.05,0.43
52.13,1.58,-0.05,0.43
52.14,1.58,-0.05,0.43
52.15,1.58,-0.05,0.43
52.16,1.58,-0.05,0.43
52.17,1.58,-0.05,0.43
52.18,1.58,-0.05,0.43
52.19,1.58,-0.05,0.43
52.2,1.58,-0.05,0.43
52.21,1.57,-0.05,0.43
52.22,1.57,-0.05,0.43
52.23,1.57,-0.05,0.43
52.24,1.57,-0.05,0.43
52.25,1.57,-0.05,0.43
52.26,1.57,-0.05,0.43
52.27,1.57,-0.05,0.43
52.28,1.57,-0.05,0.43
52.29,1.57,-0.05,0.43
52.3,1.57,-0.05,0.43
52.31,1.57,-0.05,0.43
52.32,1.57,-0.05,0.43
52.33,1.57,-0.05,0.43
52.34,1.57,-0.05,0.43
52.35,1.57,-0.05,0.43
52.36,1.57,-0.05,0.43
52.37,1.57,-0.05,0.43
52.38,1.57,-0.05,0.43
52.39,1.57,-0.05,0.43
52.4,1.56,-0.05,0.43
52.41,1.56,-0.05,0.43
52.42,1.56,-0.05,0.43
52.43,1.56,-0.05,0.43
52.44,1.56,-0.05,0.43
52.45,1.56,-0.05,0.43
52.46,1.56,-0.05,0.43
52.47,1.56,-0.05,0.43
52.48,1.56,-0.05,0.43
52.49,1.56,-0.05,0.43
52.5,1.56,-0.05,0.43
52.51,1.56,-0.05,0.43
52.52,1.56,-0.05,0.43
52.53,1.56,-0.05,0.43
52.54,1.56,-0.05,0.43
52.55,1.56,-0.05,0.43
52.56,1.56,-0.05,0.43
52.57,1.56,-0.05,0.43
52.58,1.56,-0.05,0.43
52.59,1.56,-0.05,0.43
52.6,1.56,-0.05,0.43
52.61,1.56,-0.05,0.43
52.62,1.55,-0.05,0.43
52.63,1.55,-0.05,0.43
52.64,1.55,-0.05,0.43
52.65,1.55,-0.04,0.43
52.66,1.55,-0.04,0.43
52.67,1.55,-0.04,0.43
52.68,1.55,-0.04,0.43
52.69,1.55,-0.04,0.43
52.7,1.55,-0.04,0.43
52.71,1.55,-0.04,0.43
52.72,1.55,-0.04,0.43
52.73,1.55,-0.04,0.43
52.74,1.55,-0.04,0.43
52.75,1.55,-0.04,0.43
52.76,1.55,-0.04,0.43
52.77,1.55,-0.04,0.43
52.78,1.55,-0.04,0.43
52.79,1.55,-0.04,0.43
52.8,1.55,-0.04,0.43
52.81,1.55,-0.04,0.43
52.82,1.55,-0.04,0.43
52.83,1.55,-0.04,0.42
52.84,1.55,-0.04,0.42
52.85,1.54,-0.04,0.42
52.86,1.54,-0.04,0.42
52.87,1.54,-0.04,0.42
52.88,1.54,-0.04,0.42
52.89,1.54,-0.04,0.42
52.9,1.54,-0.04,0.42
52.91,1.54,-0.04,0.42
52.92,1.54,-0.04,0.42
52.93,1.54,-0.04,0.42
52.94,1.54,-0.04,0.42
52.95,1.54,-0.04,0.42
52.96,1.54,-0.04,0.42
52.97,1.54,-0.04,0.42
52.98,1.54,-0.04,0.42
52.99,1.54,-0.04,0.42
53.0,1.54,-0.04,0.42
53.01,1.54,-0.04,0.42
53.02,1.54,-0.04,0.42
53.03,1.54,-0.04,0.42
53.04,1.54,-0.04,0.42
53.05,1.54,-0.04,0.42
53.06,1.54,-0.04,0.42
53.07,1.54,-0.04,0.42
53.08,1.54,-0.04,0.42
53.09,1.54,-0.04,0.42
53.1,1.53,-0.04,0.42
53.11,1.53,-0.04,0.42
53.12,1.53,-0.04,0.42
53.13,1.53,-0.04,0.42
53.14,1.53,-0.04,0.42
53.15,1.53,-0.04,0.42
53.16,1.53,-0.04,0.42
53.17,1.53,-0.04,0.42
53.18,1.53,-0.04,0.42
53.19,1.53,-0.04,0.42
53.2,1.53,-0.03,0.42
53.21,1.53,-0.03,0.42
53.22,1.53,-0.03,0.42
53.23,1.53,-0.03,0.42
53.24,1.53,-0.03,0.42
53.25,1.53,-0.03,0.42
53.26,1.53,-0.03,0.42
53.27,1.53,-0.03,0.42
53.28,1.53,-0.03,0.42
53.29,1.53,-0.03,0.42
53.3,1.53,-0.03,0.42
53.31,1.53,-0.03,0.42
53.32,1.53,-0.03,0.42
53.33,1.53,-0.03,0.42
53.34,1.53,-0.03,0.42
53.35,1.53,-0.03,0.42
53.36,1.53,-0.03,0.42
53.37,1.53,-0.03,0.42
53.38,1.53,-0.03,0.42
53.39,1.53,-0.03,0.42
53.4,1.52,-0.03,0.42
53.41,1.52,-0.03,0.42
53.42,1.52,-0.03,0.42
53.43,1.52,-0.03,0.42
53.44,1.52,-0.03,0.42
53.45,1.52,-0.03,0.42
53.46,1.52,-0.03,0.42
53.47,1.52,-0.03,0.42
53.48,1.52,-0.03,0.42
53.49,1.52,-0.03,0.42
53.5,1.52,-0.03,0.42
53.51,1.52,-0.03,0.42
53.52,1.52,-0.03,0.42
53.53,1.52,-0.03,0.42
53.54,1.52,-0.03,0.42
53.55,1.52,-0.03,0.42
53.56,1.52,-0.03,0.42
53.57,1.52,-0.03,0.42
53.58,1.52,-0.03,0.42
53.59,1.52,-0.03,0.42
53.6,1.52,-0.03,0.42
53.61,1.52,-0.03,0.42
53.62,1.52,-0.03,0.42
53.63,1.52,-0.03,0.42
53.64,1.52,-0.03,0.42
53.65,1.52,-0.03,0.42
53.66,1.52,-0.03,0.42
53.67,1.52,-0.03,0.42
53.68,1.52,-0.03,0.41
53.69,1.52,-0.03,0.41
53.7,1.52,-0.03,0.41
53.71,1.52,-0.03,0.41
53.72,1.52,-0.02,0.41
53.73,1.52,-0.02,0.41
53.74,1.52,-0.02,0.41
53.75,1.52,-0.02,0.41
53.76,1.51,-0.02,0.41
53.77,1.51,-0.02,0.41
53.78,1.51,-0.02,0.41
53.79,1.51,-0.02,0.41
53.8,1.51,-0.02,0.41
53.81,1.51,-0.02,0.41
53.82,1.51,-0.02,0.41
53.83,1.51,-0.02,0.41
53.84,1.51,-0.02,0.41
53.85,1.51,-0.02,0.41
53.86,1.51,-0.02,0.41
53.87,1.51,-0.02,0.41
53.88,1.51,-0.02,0.41
53.89,1.51,-0.02,0.41
53.9,1.51,-0.02,0.41
53.91,1.51,-0.02,0.41
53.92,1.51,-0.02,0.41
53.93,1.51,-0.02,0.41
53.94,1.51,-0.02,0.41
53.95,1.51,-0.02,0.41
53.96,1.51,-0.02,0.41
53.97,1.51,-0.02,0.41
53.98,1.51,-0.02,0.41
53.99,1.51,-0.02,0.41
54.0,1.51,-0.02,0.41
54.01,1.51,-0.02,0.41
54.02,1.51,-0.02,0.41
54.03,1.51,-0.02,0.41
54.04,1.51,-0.02,0.41
54.05,1.51,-0.02,0.41
54.06,1.51,-0.02,0.41
54.07,1.51,-0.02,0.41
54.08,1.51,-0.02,0.41
54.09,1.51,-0.02,0.41
54.1,1.51,-0.02,0.41
54.11,1.51,-0.02,0.41
54.12,1.51,-0.02,0.41
54.13,1.51,-0.02,0.41
54.14,1.51,-0.02,0.41
54.15,1.51,-0.02,0.41
54.16,1.51,-0.02,0.41
54.17,1.51,-0.02,0.41
54.18,1.51,-0.02,0.41
54.19,1.51,-0.02,0.41
54.2,1.51,-0.02,0.41
54.21,1.51,-0.02,0.41
54.22,1.51,-0.02,0.41
54.23,1.51,-0.01,0.41
54.24,1.51,-0.01,0.41
54.25,1.51,-0.01,0.41
54.26,1.51,-0.01,0.41
54.27,1.51,-0.01,0.41
54.28,1.5,-0.01,0.41
54.29,1.5,-0.01,0.41
54.3,1.5,-0.01,0.41
54.31,1.5,-0.01,0.41
54.32,1.5,-0.01,0.41
54.33,1.5,-0.01,0.41
54.34,1.5,-0.01,0.41
54.35,1.5,-0.01,0.41
54.36,1.5,-0.01,0.41
54.37,1.5,-0.01,0.41
54.38,1.5,-0.01,0.41
54.39,1.5,-0.01,0.41
54.4,1.5,-0.01,0.41
54.41,1.5,-0.01,0.41
54.42,1.5,-0.01,0.41
54.43,1.5,-0.01,0.41
54.44,1.5,-0.01,0.41
54.45,1.5,-0.01,0.41
54.46,1.5,-0.01,0.4
54.47,1.5,-0.01,0.4
54.48,1.5,-0.01,0.4
54.49,1.5,-0.01,0.4
54.5,1.5,-0.01,0.4
54.51,1.5,-0.01,0.4
54.52,1.5,-0.01,0.4
54.53,1.5,-0.01,0.4
54.54,1.5,-0.01,0.4
54.55,1.5,-0.01,0.4
54.56,1.5,-0.01,0.4
54.57,1.5,-0.01,0.4
54.58,1.5,-0.01,0.4
54.59,1.5,-0.01,0.4
54.6,1.5,-0.01,0.4
54.61,1.5,-0.01,0.4
54.62,1.5,-0.01,0.4
54.63,1.5,-0.01,0.4
54.64,1.5,-0.01,0.4
54.65,1.5,-0.01,0.4
54.66,1.5,-0.01,0.4
54.67,1.5,-0.01,0.4
54.68,1.5,-0.01,0.4
54.69,1.5,-0.01,0.4
54.7,1.5,-0.01,0.4
54.71,1.5,-0.01,0.4
54.72,1.5,-0.01,0.4
54.73,1.5,-0.0,0.4
54.74,1.5,-0.0,0.4
54.75,1.5,-0.0,0.4
54.76,1.5,-0.0,0.4
54.77,1.5,-0.0,0.4
54.78,1.5,-0.0,0.4
54.79,1.5,-0.0,0.4
54.8,1.5,-0.0,0.4
54.81,1.5,-0.0,0.4
54.82,1.5,-0.0,0.4
54.83,1.5,-0.0,0.4
54.84,1.5,-0.0,0.4
54.85,1.5,-0.0,0.4
54.86,1.5,-0.0,0.4
54.87,1.5,-0.0,0.4
54.88,1.5,-0.0,0.4
54.89,1.5,-0.0,0.4
54.9,1.5,-0.0,0.4
54.91,1.5,-0.0,0.4
54.92,1.5,-0.0,0.4
54.93,1.5,-0.0,0.4
54.94,1.5,-0.0,0.4
54.95,1.5,-0.0,0.4
54.96,1.5,-0.0,0.4
54.97,1.5,-0.0,0.4
54.98,1.5,0.0,0.4
54.99,1.5,0.0,0.4
55.0,1.5,0.0,0.4
55.01,1.5,0.0,0.4
55.02,1.5,0.0,0.4
55.03,1.5,0.0,0.4
55.04,1.5,0.0,0.4
55.05,1.5,0.0,0.4
55.06,1.5,0.0,0.4
55.07,1.5,0.0,0.4
55.08,1.5,0.0,0.4
55.09,1.5,0.0,0.4
55.1,1.5,0.0,0.4
55.11,1.5,0.0,0.4
55.12,1.5,0.0,0.4
55.13,1.5,0.0,0.4
55.14,1.5,0.0,0.4
55.15,1.5,0.0,0.4
55.16,1.5,0.0,0.4
55.17,1.5,0.0,0.4
55.18,1.5,0.0,0.4
55.19,1.5,0.0,0.4
55.2,1.5,0.0,0.4
55.21,1.5,0.0,0.39
55.22,1.5,0.0,0.39
55.23,1.5,0.01,0.39
55.24,1.5,0.01,0.39
55.25,1.5,0.01,0.39
55.26,1.5,0.01,0.39
55.27,1.5,0.01,0.39
55.28,1.5,0.01,0.39
55.29,1.5,0.01,0.39
55.3,1.5,0.01,0.39
55.31,1.5,0.01,0.39
55.32,1.5,0.01,0.39
55.33,1.5,0.01,0.39
55.34,1.5,0.01,0.39
55.35,1.5,0.01,0.39
55.36,1.5,0.01,0.39
55.37,1.5,0.01,0.39
55.38,1.5,0.01,0.39
55.39,1.5,0.01,0.39
55.4,1.5,0.01,0.39
55.41,1.5,0.01,0.39
55.42,1.5,0.01,0.39
55.43,1.5,0.01,0.39
55.44,1.5,0.01,0.39
55.45,1.5,0.01,0.39
55.46,1.5,0.01,0.39
55.47,1.5,0.01,0.39
55.48,1.5,0.01,0.39
55.49,1.5,0.01,0.39
55.5,1.5,0.01,0.39
55.51,1.5,0.01,0.39
55.52,1.5,0.01,0.39
55.53,1.5,0.01,0.39
55.54,1.5,0.01,0.39
55.55,1.5,0.01,0.39
55.56,1.5,0.01,0.39
55.57,1.5,0.01,0.39
55.58,1.5,0.01,0.39
55.59,1.5,0.01,0.39
55.6,1.5,0.01,0.39
55.61,1.5,0.01,0.39
55.62,1.5,0.01,0.39
55.63,1.5,0.01,0.39
55.64,1.5,0.01,0.39
55.65,1.5,0.01,0.39
55.66,1.5,0.01,0.39
55.67,1.5,0.01,0.39
55.68,1.5,0.01,0.39
55.69,1.51,0.01,0.39
55.7,1.51,0.01,0.39
55.71,1.51,0.01,0.39
55.72,1.51,0.01,0.39
55.73,1.51,0.01,0.39
55.74,1.51,0.02,0.39
55.75,1.51,0.02,0.39
55.76,1.51,0.02,0.39
55.77,1.51,0.02,0.39
55.78,1.51,0.02,0.39
55.79,1.51,0.02,0.39
55.8,1.51,0.02,0.39
55.81,1.51,0.02,0.39
55.82,1.51,0.02,0.39
55.83,1.51,0.02,0.39
55.84,1.51,0.02,0.39
55.85,1.51,0.02,0.39
55.86,1.51,0.02,0.39
55.87,1.51,0.02,0.39
55.88,1.51,0.02,0.39
55.89,1.51,0.02,0.39
55.9,1.51,0.02,0.39
55.91,1.51,0.02,0.39
55.92,1.51,0.02,0.39
55.93,1.51,0.02,0.39
55.94,1.51,0.02,0.39
55.95,1.51,0.02,0.39
55.96,1.51,0.02,0.39
55.97,1.51,0.02,0.38
55.98,1.51,0.02,0.38
55.99,1.51,0.02,0.38
56.0,1.51,0.02,0.38
56.01,1.51,0.02,0.38
56.02,1.51,0.02,0.38
56.03,1.51,0.02,0.38
56.04,1.51,0.02,0.38
56.05,1.51,0.02,0.38
56.06,1.51,0.02,0.38
56.07,1.51,0.02,0.38
56.08,1.51,0.02,0.38
56.09,1.51,0.02,0.38
56.1,1.51,0.02,0.38
56.11,1.51,0.02,0.38
56.12,1.51,0.02,0.38
56.13,1.51,0.02,0.38
56.14,1.51,0.02,0.38
56.15,1.51,0.02,0.38
56.16,1.51,0.02,0.38
56.17,1.51,0.02,0.38
56.18,1.51,0.02,0.38
56.19,1.51,0.02,0.38
56.2,1.51,0.02,0.38
56.21,1.52,0.02,0.38
56.22,1.52,0.02,0.38
56.23,1.52,0.02,0.38
56.24,1.52,0.02,0.38
56.25,1.52,0.03,0.38
56.26,1.52,0.03,0.38
56.27,1.52,0.03,0.38
56.28,1.52,0.03,0.38
56.29,1.52,0.03,0.38
56.3,1.52,0.03,0.38
56.31,1.52,0.03,0.38
56.32,1.52,0.03,0.38
56.33,1.52,0.03,0.38
56.34,1.52,0.03,0.38
56.35,1.52,0.03,0.38
56.36,1.52,0.03,0.38
56.37,1.52,0.03,0.38
56.38,1.52,0.03,0.38
56.39,1.52,0.03,0.38
56.4,1.52,0.03,0.38
56.41,1.52,0.03,0.38
56.42,1.52,0.03,0.38
56.43,1.52,0.03,0.38
56.44,1.52,0.03,0.38
56.45,1.52,0.03,0.38
56.46,1.52,0.03,0.38
56.47,1.52,0.03,0.38
56.48,1.52,0.03,0.38
56.49,1.52,0.03,0.38
56.5,1.52,0.03,0.38
56.51,1.52,0.03,0.38
56.52,1.52,0.03,0.38
56.53,1.52,0.03,0.38
56.54,1.52,0.03,0.38
56.55,1.52,0.03,0.38
56.56,1.52,0.03,0.38
56.57,1.53,0.03,0.38
56.58,1.53,0.03,0.38
56.59,1.53,0.03,0.38
56.6,1.53,0.03,0.38
56.61,1.53,0.03,0.38
56.62,1.53,0.03,0.38
56.63,1.53,0.03,0.38
56.64,1.53,0.03,0.38
56.65,1.53,0.03,0.38
56.66,1.53,0.03,0.38
56.67,1.53,0.03,0.38
56.68,1.53,0.03,0.38
56.69,1.53,0.03,0.38
56.7,1.53,0.03,0.38
56.71,1.53,0.03,0.38
56.72,1.53,0.03,0.38
56.73,1.53,0.03,0.38
56.74,1.53,0.03,0.38
56.75,1.53,0.03,0.38
56.76,1.53,0.03,0.38
56.77,1.53,0.04,0.38
56.78,1.53,0.04,0.37
56.79,1.53,0.04,0.37
56.8,1.53,0.04,0.37
56.81,1.53,0.04,0.37
56.82,1.53,0.04,0.37
56.83,1.53,0.04,0.37
56.84,1.53,0.04,0.37
56.85,1.53,0.04,0.37
56.86,1.54,0.04,0.37
56.87,1.54,0.04,0.37
56.88,1.54,0.04,0.37
56.89,1.54,0.04,0.37
56.9,1.54,0.04,0.37
56.91,1.54,0.04,0.37
56.92,1.54,0.04,0.37
56.93,1.54,0.04,0.37
56.94,1.54,0.04,0.37
56.95,1.54,0.04,0.37
56.96,1.54,0.04,0.37
56.97,1.54,0.04,0.37
56.98,1.54,0.04,0.37
56.99,1.54,0.04,0.37
57.0,1.54,0.04,0.37
57.01,1.54,0.04,0.37
57.02,1.54,0.04,0.37
57.03,1.54,0.04,0.37
57.04,1.54,0.04,0.37
57.05,1.54,0.04,0.37
57.06,1.54,0.04,0.37
57.07,1.54,0.04,0.37
57.08,1.54,0.04,0.37
57.09,1.54,0.04,0.37
57.1,1.54,0.04,0.37
57.11,1.54,0.04,0.37
57.12,1.55,0.04,0.37
57.13,1.55,0.04,0.37
57.14,1.55,0.04,0.37
57.15,1.55,0.04,0.37
57.16,1.55,0.04,0.37
57.17,1.55,0.04,0.37
57.18,1.55,0.04,0.37
57.19,1.55,0.04,0.37
57.2,1.55,0.04,0.37
57.21,1.55,0.04,0.37
57.22,1.55,0.04,0.37
57.23,1.55,0.04,0.37
57.24,1.55,0.04,0.37
57.25,1.55,0.04,0.37
57.26,1.55,0.04,0.37
57.27,1.55,0.04,0.37
57.28,1.55,0.04,0.37
57.29,1.55,0.04,0.37
57.3,1.55,0.04,0.37
57.31,1.55,0.04,0.37
57.32,1.55,0.05,0.37
57.33,1.55,0.05,0.37
57.34,1.55,0.05,0.37
57.35,1.56,0.05,0.37
57.36,1.56,0.05,0.37
57.37,1.56,0.05,0.37
57.38,1.56,0.05,0.37
57.39,1.56,0.05,0.37
57.4,1.56,0.05,0.37
57.41,1.56,0.05,0.37
57.42,1.56,0.05,0.37
57.43,1.56,0.05,0.37
57.44,1.56,0.05,0.37
57.45,1.56,0.05,0.37
57.46,1.56,0.05,0.37
57.47,1.56,0.05,0.37
57.48,1.56,0.05,0.37
57.49,1.56,0.05,0.37
57.5,1.56,0.05,0.37
57.51,1.56,0.05,0.37
57.52,1.56,0.05,0.37
57.53,1.56,0.05,0.37
57.54,1.56,0.05,0.37
57.55,1.56,0.05,0.37
57.56,1.57,0.05,0.37
57.57,1.57,0.05,0.37
57.58,1.57,0.05,0.37
57.59,1.57,0.05,0.37
57.6,1.57,0.05,0.37
57.61,1.57,0.05,0.37
57.62,1.57,0.05,0.37
57.63,1.57,0.05,0.37
57.64,1.57,0.05,0.37
57.65,1.57,0.05,0.37
57.66,1.57,0.05,0.37
57.67,1.57,0.05,0.37
57.68,1.57,0.05,0.37
57.69,1.57,0.05,0.37
57.7,1.57,0.05,0.37
57.71,1.57,0.05,0.36
57.72,1.57,0.05,0.36
57.73,1.57,0.05,0.36
57.74,1.57,0.05,0.36
57.75,1.57,0.05,0.36
57.76,1.58,0.05,0.36
57.77,1.58,0.05,0.36
57.78,1.58,0.05,0.36
57.79,1.58,0.05,0.36
57.8,1.58,0.05,0.36
57.81,1.58,0.05,0.36
57.82,1.58,0.05,0.36
57.83,1.58,0.05,0.36
57.84,1.58,0.05,0.36
57.85,1.58,0.05,0.36
57.86,1.58,0.05,0.36
57.87,1.58,0.05,0.36
57.88,1.58,0.05,0.36
57.89,1.58,0.06,0.36
57.9,1.58,0.06,0.36
57.91,1.58,0.06,0.36
57.92,1.58,0.06,0.36
57.93,1.58,0.06,0.36
57.94,1.59,0.06,0.36
57.95,1.59,0.06,0.36
57.96,1.59,0.06,0.36
57.97,1.59,0.06,0.36
57.98,1.59,0.06,0.36
57.99,1.59,0.06,0.36
58.0,1.59,0.06,0.36
58.01,1.59,0.06,0.36
58.02,1.59,0.06,0.36
58.03,1.59,0.06,0.36
58.04,1.59,0.06,0.36
58.05,1.59,0.06,0.36
58.06,1.59,0.06,0.36
58.07,1.59,0.06,0.36
58.08,1.59,0.06,0.36
58.09,1.59,0.06,0.36
58.1,1.59,0.06,0.36
58.11,1.59,0.06,0.36
58.12,1.6,0.06,0.36
58.13,1.6,0.06,0.36
58.14,1.6,0.06,0.36
58.15,1.6,0.06,0.36
58.16,1.6,0.06,0.36
58.17,1.6,0.06,0.36
58.18,1.6,0.06,0.36
58.19,1.6,0.06,0.36
58.2,1.6,0.06,0.36
58.21,1.6,0.06,0.36
58.22,1.6,0.06,0.36
58.23,1.6,0.06,0.36
58.24,1.6,0.06,0.36
58.25,1.6,0.06,0.36
58.26,1.6,0.06,0.36
58.27,1.6,0.06,0.36
58.28,1.61,0.06,0.36
58.29,1.61,0.06,0.36
58.3,1.61,0.06,0.36
58.31,1.61,0.06,0.36
58.32,1.61,0.06,0.36
58.33,1.61,0.06,0.36
58.34,1.61,0.06,0.36
58.35,1.61,0.06,0.36
58.36,1.61,0.06,0.36
58.37,1.61,0.06,0.36
58.38,1.61,0.06,0.36
58.39,1.61,0.06,0.36
58.4,1.61,0.06,0.36
58.41,1.61,0.06,0.36
58.42,1.61,0.06,0.36
58.43,1.61,0.06,0.36
58.44,1.62,0.06,0.36
58.45,1.62,0.06,0.36
58.46,1.62,0.06,0.36
58.47,1.62,0.06,0.36
58.48,1.62,0.06,0.36
58.49,1.62,0.06,0.36
58.5,1.62,0.06,0.36
58.51,1.62,0.06,0.36
58.52,1.62,0.07,0.36
58.53,1.62,0.07,0.36
58.54,1.62,0.07,0.36
58.55,1.62,0.07,0.36
58.56,1.62,0.07,0.36
58.57,1.62,0.07,0.36
58.58,1.62,0.07,0.36
58.59,1.62,0.07,0.36
58.6,1.63,0.07,0.36
58.61,1.63,0.07,0.36
58.62,1.63,0.07,0.36
58.63,1.63,0.07,0.36
58.64,1.63,0.07,0.36
58.65,1.63,0.07,0.36
58.66,1.63,0.07,0.36
58.67,1.63,0.07,0.36
58.68,1.63,0.07,0.36
58.69,1.63,0.07,0.36
58.7,1.63,0.07,0.36
58.71,1.63,0.07,0.36
58.72,1.63,0.07,0.36
58.73,1.63,0.07,0.36
58.74,1.63,0.07,0.36
58.75,1.64,0.07,0.36
58.76,1.64,0.07,0.36
58.77,1.64,0.07,0.36
58.78,1.64,0.07,0.36
58.79,1.64,0.07,0.36
58.8,1.64,0.07,0.36
58.81,1.64,0.07,0.36
58.82,1.64,0.07,0.36
58.83,1.64,0.07,0.36
58.84,1.64,0.07,0.36
58.85,1.64,0.07,0.36
58.86,1.64,0.07,0.36
58.87,1.64,0.07,0.36
58.88,1.64,0.07,0.36
58.89,1.65,0.07,0.36
58.9,1.65,0.07,0.36
58.91,1.65,0.07,0.36
58.92,1.65,0.07,0.35
58.93,1.65,0.07,0.35
58.94,1.65,0.07,0.35
58.95,1.65,0.07,0.35
58.96,1.65,0.07,0.35
58.97,1.65,0.07,0.35
58.98,1.65,0.07,0.35
58.99,1.65,0.07,0.35
59.0,1.65,0.07,0.35
59.01,1.65,0.07,0.35
59.02,1.65,0.07,0.35
59.03,1.66,0.07,0.35
59.04,1.66,0.07,0.35
59.05,1.66,0.07,0.35
59.06,1.66,0.07,0.35
59.07,1.66,0.07,0.35
59.08,1.66,0.07,0.35
59.09,1.66,0.07,0.35
59.1,1.66,0.07,0.35
59.11,1.66,0.07,0.35
59.12,1.66,0.07,0.35
59.13,1.66,0.07,0.35
59.14,1.66,0.07,0.35
59.15,1.66,0.07,0.35
59.16,1.66,0.07,0.35
59.17,1.67,0.07,0.35
59.18,1.67,0.07,0.35
59.19,1.67,0.07,0.35
59.2,1.67,0.07,0.35
59.21,1.67,0.07,0.35
59.22,1.67,0.08,0.35
59.23,1.67,0.08,0.35
59.24,1.67,0.08,0.35
59.25,1.67,0.08,0.35
59.26,1.67,0.08,0.35
59.27,1.67,0.08,0.35
59.28,1.67,0.08,0.35
59.29,1.67,0.08,0.35
59.3,1.68,0.08,0.35
59.31,1.68,0.08,0.35
59.32,1.68,0.08,0.35
59.33,1.68,0.08,0.35
59.34,1.68,0.08,0.35
59.35,1.68,0.08,0.35
59.36,1.68,0.08,0.35
59.37,1.68,0.08,0.35
59.38,1.68,0.08,0.35
59.39,1.68,0.08,0.35
59.4,1.68,0.08,0.35
59.41,1.68,0.08,0.35
59.42,1.68,0.08,0.35
59.43,1.69,0.08,0.35
59.44,1.69,0.08,0.35
59.45,1.69,0.08,0.35
59.46,1.69,0.08,0.35
59.47,1.69,0.08,0.35
59.48,1.69,0.08,0.35
59.49,1.69,0.08,0.35
59.5,1.69,0.08,0.35
59.51,1.69,0.08,0.35
59.52,1.69,0.08,0.35
59.53,1.69,0.08,0.35
59.54,1.69,0.08,0.35
59.55,1.69,0.08,0.35
59.56,1.7,0.08,0.35
59.57,1.7,0.08,0.35
59.58,1.7,0.08,0.35
59.59,1.7,0.08,0.35
59.6,1.7,0.08,0.35
59.61,1.7,0.08,0.35
59.62,1.7,0.08,0.35
59.63,1.7,0.08,0.35
59.64,1.7,0.08,0.35
59.65,1.7,0.08,0.35
59.66,1.7,0.08,0.35
59.67,1.7,0.08,0.35
59.68,1.71,0.08,0.35
59.69,1.71,0.08,0.35
59.7,1.71,0.08,0.35
59.71,1.71,0.08,0.35
59.72,1.71,0.08,0.35
59.73,1.71,0.08,0.35
59.74,1.71,0.08,0.35
59.75,1.71,0.08,0.35
59.76,1.71,0.08,0.35
59.77,1.71,0.08,0.35
59.78,1.71,0.08,0.35
59.79,1.71,0.08,0.35
59.8,1.72,0.08,0.35
59.81,1.72,0.08,0.35
59.82,1.72,0.08,0.35
59.83,1.72,0.08,0.35
59.84,1.72,0.08,0.35
59.85,1.72,0.08,0.35
59.86,1.72,0.08,0.35
59.87,1.72,0.08,0.35
59.88,1.72,0.08,0.35
59.89,1.72,0.08,0.35
59.9,1.72,0.08,0.35
59.91,1.72,0.08,0.35
59.92,1.72,0.08,0.35
59.93,1.73,0.08,0.35
59.94,1.73,0.08,0.35
59.95,1.73,0.08,0.35
59.96,1.73,0.08,0.35
59.97,1.73,0.08,0.35
59.98,1.73,0.08,0.35
59.99,1.73,0.08,0.35
60.0,1.73,0.08,0.35
60.01,1.73,0.08,0.35
60.02,1.73,0.08,0.35
60.03,1.73,0.08,0.35
60.04,1.74,0.08,0.35
60.05,1.74,0.08,0.35
60.06,1.74,0.09,0.35
60.07,1.74,0.09,0.35
60.08,1.74,0.09,0.35
60.09,1.74,0.09,0.35
60.1,1.74,0.09,0.35
60.11,1.74,0.09,0.35
60.12,1.74,0.09,0.35
60.13,1.74,0.09,0.35
60.14,1.74,0.09,0.35
60.15,1.74,0.09,0.35
60.16,1.75,0.09,0.35
60.17,1.75,0.09,0.35
60.18,1.75,0.09,0.35
60.19,1.75,0.09,0.35
60.2,1.75,0.09,0.35
60.21,1.75,0.09,0.35
60.22,1.75,0.09,0.35
60.23,1.75,0.09,0.35
60.24,1.75,0.09,0.35
60.25,1.75,0.09,0.35
60.26,1.75,0.09,0.35
60.27,1.75,0.09,0.35
60.28,1.76,0.09,0.35
60.29,1.76,0.09,0.35
60.3,1.76,0.09,0.35
60.31,1.76,0.09,0.35
60.32,1.76,0.09,0.35
60.33,1.76,0.09,0.35
60.34,1.76,0.09,0.35
60.35,1.76,0.09,0.35
60.36,1.76,0.09,0.35
60.37,1.76,0.09,0.35
60.38,1.76,0.09,0.35
60.39,1.77,0.09,0.35
60.4,1.77,0.09,0.35
60.41,1.77,0.09,0.35
60.42,1.77,0.09,0.35
60.43,1.77,0.09,0.35
60.44,1.77,0.09,0.35
60.45,1.77,0.09,0.35
60.46,1.77,0.09,0.35
60.47,1.77,0.09,0.35
60.48,1.77,0.09,0.35
60.49,1.77,0.09,0.35
60.5,1.78,0.09,0.35
60.51,1.78,0.09,0.35
60.52,1.78,0.09,0.35
60.53,1.78,0.09,0.35
60.54,1.78,0.09,0.35
60.55,1.78,0.09,0.35
60.56,1.78,0.09,0.35
60.57,1.78,0.09,0.35
60.58,1.78,0.09,0.35
60.59,1.78,0.09,0.35
60.6,1.78,0.09,0.35
60.61,1.79,0.09,0.35
60.62,1.79,0.09,0.35
60.63,1.79,0.09,0.35
60.64,1.79,0.09,0.35
60.65,1.79,0.09,0.35
60.66,1.79,0.09,0.35
60.67,1.79,0.09,0.35
60.68,1.79,0.09,0.35
60.69,1.79,0.09,0.35
60.7,1.79,0.09,0.35
60.71,1.79,0.09,0.35
60.72,1.8,0.09,0.35
60.73,1.8,0.09,0.35
60.74,1.8,0.09,0.35
60.75,1.8,0.09,0.35
60.76,1.8,0.09,0.35
60.77,1.8,0.09,0.35
60.78,1.8,0.09,0.35
60.79,1.8,0.09,0.35
60.8,1.8,0.09,0.35
60.81,1.8,0.09,0.35
60.82,1.8,0.09,0.35
60.83,1.81,0.09,0.35
60.84,1.81,0.09,0.35
60.85,1.81,0.09,0.35
60.86,1.81,0.09,0.35
60.87,1.81,0.09,0.35
60.88,1.81,0.09,0.35
60.89,1.81,0.09,0.35
60.9,1.81,0.09,0.35
60.91,1.81,0.09,0.35
60.92,1.81,0.09,0.35
60.93,1.81,0.09,0.35
60.94,1.82,0.09,0.35
60.95,1.82,0.09,0.35
60.96,1.82,0.09,0.35
60.97,1.82,0.09,0.35
60.98,1.82,0.09,0.35
60.99,1.82,0.09,0.35
61.0,1.82,0.09,0.35
61.01,1.82,0.09,0.35
61.02,1.82,0.09,0.35
61.03,1.82,0.09,0.35
61.04,1.82,0.09,0.35
61.05,1.83,0.09,0.35
61.06,1.83,0.09,0.35
61.07,1.83,0.09,0.35
61.08,1.83,0.09,0.35
61.09,1.83,0.09,0.35
61.1,1.83,0.09,0.35
61.11,1.83,0.09,0.35
61.12,1.83,0.09,0.35
61.13,1.83,0.09,0.35
61.14,1.83,0.09,0.35
61.15,1.83,0.09,0.35
61.16,1.84,0.09,0.35
61.17,1.84,0.09,0.35
61.18,1.84,0.09,0.35
61.19,1.84,0.09,0.35
61.2,1.84,0.09,0.35
61.21,1.84,0.09,0.35
61.22,1.84,0.09,0.35
61.23,1.84,0.09,0.35
61.24,1.84,0.09,0.35
61.25,1.84,0.1,0.35
61.26,1.85,0.1,0.35
61.27,1.85,0.1,0.35
61.28,1.85,0.1,0.35
61.29,1.85,0.1,0.35
61.3,1.85,0.1,0.35
61.31,1.85,0.1,0.35
61.32,1.85,0.1,0.35
61.33,1.85,0.1,0.35
61.34,1.85,0.1,0.35
61.35,1.85,0.1,0.35
61.36,1.85,0.1,0.35
61.37,1.86,0.1,0.35
61.38,1.86,0.1,0.35
61.39,1.86,0.1,0.35
61.4,1.86,0.1,0.35
61.41,1.86,0.1,0.35
61.42,1.86,0.1,0.35
61.43,1.86,0.1,0.35
61.44,1.86,0.1,0.35
61.45,1.86,0.1,0.35
61.46,1.86,0.1,0.35
61.47,1.87,0.1,0.35
61.48,1.87,0.1,0.35
61.49,1.87,0.1,0.35
61.5,1.87,0.1,0.35
61.51,1.87,0.1,0.35
61.52,1.87,0.1,0.35
61.53,1.87,0.1,0.35
61.54,1.87,0.1,0.35
61.55,1.87,0.1,0.35
61.56,1.87,0.1,0.35
61.57,1.88,0.1,0.35
61.58,1.88,0.1,0.35
61.59,1.88,0.1,0.35
61.6,1.88,0.1,0.35
61.61,1.88,0.1,0.35
61.62,1.88,0.1,0.35
61.63,1.88,0.1,0.35
61.64,1.88,0.1,0.35
61.65,1.88,0.1,0.35
61.66,1.88,0.1,0.35
61.67,1.88,0.1,0.35
61.68,1.89,0.1,0.35
61.69,1.89,0.1,0.35
61.7,1.89,0.1,0.35
61.71,1.89,0.1,0.35
61.72,1.89,0.1,0.35
61.73,1.89,0.1,0.35
61.74,1.89,0.1,0.35
61.75,1.89,0.1,0.35
61.76,1.89,0.1,0.35
61.77,1.89,0.1,0.35
61.78,1.9,0.1,0.35
61.79,1.9,0.1,0.35
61.8,1.9,0.1,0.35
61.81,1.9,0.1,0.35
61.82,1.9,0.1,0.35
61.83,1.9,0.1,0.35
61.84,1.9,0.1,0.35
61.85,1.9,0.1,0.35
61.86,1.9,0.1,0.35
61.87,1.9,0.1,0.35
61.88,1.91,0.1,0.35
61.89,1.91,0.1,0.35
61.9,1.91,0.1,0.35
61.91,1.91,0.1,0.35
61.92,1.91,0.1,0.35
61.93,1.91,0.1,0.35
61.94,1.91,0.1,0.35
61.95,1.91,0.1,0.35
61.96,1.91,0.1,0.35
61.97,1.91,0.1,0.35
61.98,1.92,0.1,0.35
61.99,1.92,0.1,0.35
62.0,1.92,0.1,0.35
62.01,1.92,0.1,0.35
62.02,1.92,0.1,0.35
62.03,1.92,0.1,0.35
62.04,1.92,0.1,0.35
62.05,1.92,0.1,0.35
62.06,1.92,0.1,0.35
62.07,1.92,0.1,0.35
62.08,1.93,0.1,0.35
62.09,1.93,0.1,0.35
62.1,1.93,0.1,0.35
62.11,1.93,0.1,0.35
62.12,1.93,0.1,0.35
62.13,1.93,0.1,0.35
62.14,1.93,0.1,0.35
62.15,1.93,0.1,0.35
62.16,1.93,0.1,0.35
62.17,1.93,0.1,0.35
62.18,1.93,0.1,0.35
62.19,1.94,0.1,0.35
62.2,1.94,0.1,0.35
62.21,1.94,0.1,0.35
62.22,1.94,0.1,0.35
62.23,1.94,0.1,0.35
62.24,1.94,0.1,0.35
62.25,1.94,0.1,0.35
62.26,1.94,0.1,0.35
62.27,1.94,0.1,0.35
62.28,1.94,0.1,0.35
62.29,1.95,0.1,0.35
62.3,1.95,0.1,0.35
62.31,1.95,0.1,0.35
62.32,1.95,0.1,0.35
62.33,1.95,0.1,0.35
62.34,1.95,0.1,0.35
62.35,1.95,0.1,0.35
62.36,1.95,0.1,0.35
62.37,1.95,0.1,0.35
62.38,1.95,0.1,0.35
62.39,1.96,0.1,0.35
62.4,1.96,0.1,0.35
62.41,1.96,0.1,0.35
62.42,1.96,0.1,0.35
62.43,1.96,0.1,0.35
62.44,1.96,0.1,0.35
62.45,1.96,0.1,0.35
62.46,1.96,0.1,0.35
62.47,1.96,0.1,0.35
62.48,1.96,0.1,0.35
62.49,1.97,0.1,0.35
62.5,1.97,0.1,0.35
62.51,1.97,0.1,0.35
62.52,1.97,0.1,0.35
62.53,1.97,0.1,0.35
62.54,1.97,0.1,0.35
62.55,1.97,0.1,0.35
62.56,1.97,0.1,0.35
62.57,1.97,0.1,0.35
62.58,1.97,0.1,0.35
62.59,1.98,0.1,0.35
62.6,1.98,0.1,0.35
62.61,1.98,0.1,0.35
62.62,1.98,0.1,0.35
62.63,1.98,0.1,0.35
62.64,1.98,0.1,0.35
62.65,1.98,0.1,0.35
62.66,1.98,0.1,0.35
62.67,1.98,0.1,0.35
62.68,1.98,0.1,0.35
62.69,1.99,0.1,0.35
62.7,1.99,0.1,0.35
62.71,1.99,0.1,0.35
62.72,1.99,0.1,0.35
62.73,1.99,0.1,0.35
62.74,1.99,0.1,0.35
62.75,1.99,0.1,0.35
62.76,1.99,0.1,0.35
62.77,1.99,0.1,0.35
62.78,1.99,0.1,0.35
62.79,2.0,0.1,0.35
62.8,2.0,0.1,0.35
62.81,2.0,0.1,0.35
62.82,2.0,0.1,0.35
62.83,2.0,0.1,0.35
62.84,2.0,0.1,0.35
62.85,2.0,0.1,0.35
62.86,2.0,0.1,0.35
62.87,2.0,0.1,0.35
62.88,2.0,0.1,0.35
62.89,2.01,0.1,0.35
62.9,2.01,0.1,0.35
62.91,2.01,0.1,0.35
62.92,2.01,0.1,0.35
62.93,2.01,0.1,0.35
62.94,2.01,0.1,0.35
62.95,2.01,0.1,0.35
62.96,2.01,0.1,0.35
62.97,2.01,0.1,0.35
62.98,2.01,0.1,0.35
62.99,2.02,0.1,0.35
63.0,2.02,0.1,0.35
63.01,2.02,0.1,0.35
63.02,2.02,0.1,0.35
63.03,2.02,0.1,0.35
63.04,2.02,0.1,0.35
63.05,2.02,0.1,0.35
63.06,2.02,0.1,0.35
63.07,2.02,0.1,0.35
63.08,2.02,0.1,0.35
63.09,2.03,0.1,0.35
63.1,2.03,0.1,0.35
63.11,2.03,0.1,0.35
63.12,2.03,0.1,0.35
63.13,2.03,0.1,0.35
63.14,2.03,0.1,0.35
63.15,2.03,0.1,0.35
63.16,2.03,0.1,0.35
63.17,2.03,0.1,0.35
63.18,2.03,0.1,0.35
63.19,2.04,0.1,0.35
63.2,2.04,0.1,0.35
63.21,2.04,0.1,0.35
63.22,2.04,0.1,0.35
63.23,2.04,0.1,0.35
63.24,2.04,0.1,0.35
63.25,2.04,0.1,0.35
63.26,2.04,0.1,0.35
63.27,2.04,0.1,0.35
63.28,2.04,0.1,0.35
63.29,2.05,0.1,0.35
63.3,2.05,0.1,0.35
63.31,2.05,0.1,0.35
63.32,2.05,0.1,0.35
63.33,2.05,0.1,0.35
63.34,2.05,0.1,0.35
63.35,2.05,0.1,0.35
63.36,2.05,0.1,0.35
63.37,2.05,0.1,0.35
63.38,2.05,0.1,0.35
63.39,2.06,0.1,0.35
63.4,2.06,0.1,0.35
63.41,2.06,0.1,0.35
63.42,2.06,0.1,0.35
63.43,2.06,0.1,0.35
63.44,2.06,0.1,0.35
63.45,2.06,0.1,0.35
63.46,2.06,0.1,0.35
63.47,2.06,0.1,0.35
63.48,2.06,0.1,0.35
63.49,2.07,0.1,0.35
63.5,2.07,0.1,0.35
63.51,2.07,0.1,0.35
63.52,2.07,0.1,0.35
63.53,2.07,0.1,0.35
63.54,2.07,0.1,0.35
63.55,2.07,0.1,0.35
63.56,2.07,0.1,0.35
63.57,2.07,0.1,0.35
63.58,2.07,0.1,0.35
63.59,2.08,0.1,0.35
63.6,2.08,0.1,0.35
63.61,2.08,0.1,0.35
63.62,2.08,0.1,0.35
63.63,2.08,0.1,0.35
63.64,2.08,0.1,0.35
63.65,2.08,0.1,0.35
63.66,2.08,0.1,0.35
63.67,2.08,0.1,0.35
63.68,2.08,0.1,0.35
63.69,2.09,0.1,0.35
63.7,2.09,0.1,0.35
63.71,2.09,0.1,0.35
63.72,2.09,0.1,0.35
63.73,2.09,0.1,0.35
63.74,2.09,0.1,0.35
63.75,2.09,0.1,0.35
63.76,2.09,0.1,0.35
63.77,2.09,0.1,0.35
63.78,2.09,0.1,0.35
63.79,2.1,0.1,0.35
63.8,2.1,0.1,0.35
63.81,2.1,0.1,0.35
63.82,2.1,0.1,0.35
63.83,2.1,0.1,0.35
63.84,2.1,0.1,0.35
63.85,2.1,0.1,0.35
63.86,2.1,0.1,0.35
63.87,2.1,0.1,0.35
63.88,2.1,0.1,0.35
63.89,2.11,0.1,0.35
63.9,2.11,0.1,0.35
63.91,2.11,0.1,0.35
63.92,2.11,0.1,0.35
63.93,2.11,0.1,0.35
63.94,2.11,0.1,0.35
63.95,2.11,0.1,0.35
63.96,2.11,0.1,0.35
63.97,2.11,0.1,0.35
63.98,2.11,0.1,0.35
63.99,2.11,0.1,0.35
64.0,2.12,0.1,0.35
64.01,2.12,0.1,0.35
64.02,2.12,0.1,0.35
64.03,2.12,0.1,0.35
64.04,2.12,0.1,0.35
64.05,2.12,0.1,0.35
64.06,2.12,0.1,0.35
64.07,2.12,0.1,0.35
64.08,2.12,0.1,0.35
64.09,2.12,0.1,0.35
64.1,2.13,0.1,0.35
64.11,2.13,0.1,0.35
64.12,2.13,0.1,0.35
64.13,2.13,0.1,0.35
64.14,2.13,0.1,0.35
64.15,2.13,0.1,0.35
64.16,2.13,0.1,0.35
64.17,2.13,0.1,0.35
64.18,2.13,0.1,0.35
64.19,2.13,0.1,0.35
64.2,2.14,0.1,0.35
64.21,2.14,0.1,0.35
64.22,2.14,0.1,0.35
64.23,2.14,0.1,0.35
64.24,2.14,0.1,0.35
64.25,2.14,0.1,0.35
64.26,2.14,0.1,0.35
64.27,2.14,0.1,0.35
64.28,2.14,0.1,0.35
64.29,2.14,0.1,0.35
64.3,2.14,0.1,0.35
64.31,2.15,0.1,0.35
64.32,2.15,0.1,0.35
64.33,2.15,0.1,0.35
64.34,2.15,0.1,0.35
64.35,2.15,0.1,0.35
64.36,2.15,0.1,0.35
64.37,2.15,0.1,0.35
64.38,2.15,0.1,0.35
64.39,2.15,0.1,0.35
64.4,2.15,0.1,0.35
64.41,2.16,0.1,0.35
64.42,2.16,0.09,0.35
64.43,2.16,0.09,0.35
64.44,2.16,0.09,0.35
64.45,2.16,0.09,0.35
64.46,2.16,0.09,0.35
64.47,2.16,0.09,0.35
64.48,2.16,0.09,0.35
64.49,2.16,0.09,0.35
64.5,2.16,0.09,0.35
64.51,2.16,0.09,0.35
64.52,2.17,0.09,0.35
64.53,2.17,0.09,0.35
64.54,2.17,0.09,0.35
64.55,2.17,0.09,0.35
64.56,2.17,0.09,0.35
64.57,2.17,0.09,0.35
64.58,2.17,0.09,0.35
64.59,2.17,0.09,0.35
64.6,2.17,0.09,0.35
64.61,2.17,0.09,0.35
64.62,2.18,0.09,0.35
64.63,2.18,0.09,0.35
64.64,2.18,0.09,0.36
64.65,2.18,0.09,0.36
64.66,2.18,0.09,0.36
64.67,2.18,0.09,0.36
64.68,2.18,0.09,0.36
64.69,2.18,0.09,0.36
64.7,2.18,0.09,0.36
64.71,2.18,0.09,0.36
64.72,2.18,0.09,0.36
64.73,2.19,0.09,0.36
64.74,2.19,0.09,0.36
64.75,2.19,0.09,0.36
64.76,2.19,0.09,0.36
64.77,2.19,0.09,0.36
64.78,2.19,0.09,0.36
64.79,2.19,0.09,0.36
64.8,2.19,0.09,0.36
64.81,2.19,0.09,0.36
64.82,2.19,0.09,0.36
64.83,2.19,0.09,0.36
64.84,2.2,0.09,0.36
64.85,2.2,0.09,0.36
64.86,2.2,0.09,0.36
64.87,2.2,0.09,0.36
64.88,2.2,0.09,0.36
64.89,2.2,0.09,0.36
64.9,2.2,0.09,0.36
64.91,2.2,0.09,0.36
64.92,2.2,0.09,0.36
64.93,2.2,0.09,0.36
64.94,2.2,0.09,0.36
64.95,2.21,0.09,0.36
64.96,2.21,0.09,0.36
64.97,2.21,0.09,0.36
64.98,2.21,0.09,0.36
64.99,2.21,0.09,0.36
65.0,2.21,0.09,0.36
65.01,2.21,0.09,0.36
65.02,2.21,0.09,0.36
65.03,2.21,0.09,0.36
65.04,2.21,0.09,0.36
65.05,2.21,0.09,0.36
65.06,2.22,0.09,0.36
65.07,2.22,0.09,0.36
65.08,2.22,0.09,0.36
65.09,2.22,0.09,0.36
65.1,2.22,0.09,0.36
65.11,2.22,0.09,0.36
65.12,2.22,0.09,0.36
65.13,2.22,0.09,0.36
65.14,2.22,0.09,0.36
65.15,2.22,0.09,0.36
65.16,2.22,0.09,0.36
65.17,2.23,0.09,0.36
65.18,2.23,0.09,0.36
65.19,2.23,0.09,0.36
65.2,2.23,0.09,0.36
65.21,2.23,0.09,0.36
65.22,2.23,0.09,0.36
65.23,2.23,0.09,0.36
65.24,2.23,0.09,0.36
65.25,2.23,0.09,0.36
65.26,2.23,0.09,0.36
65.27,2.23,0.09,0.36
65.28,2.24,0.09,0.36
65.29,2.24,0.09,0.36
65.3,2.24,0.09,0.36
65.31,2.24,0.09,0.36
65.32,2.24,0.09,0.36
65.33,2.24,0.09,0.36
65.34,2.24,0.09,0.36
65.35,2.24,0.09,0.36
65.36,2.24,0.09,0.36
65.37,2.24,0.09,0.36
65.38,2.24,0.09,0.36
65.39,2.24,0.09,0.36
65.4,2.25,0.09,0.36
65.41,2.25,0.09,0.36
65.42,2.25,0.09,0.36
65.43,2.25,0.09,0.36
65.44,2.25,0.09,0.36
65.45,2.25,0.09,0.36
65.46,2.25,0.09,0.36
65.47,2.25,0.09,0.36
65.48,2.25,0.09,0.36
65.49,2.25,0.09,0.36
65.5,2.25,0.09,0.36
65.51,2.26,0.09,0.36
65.52,2.26,0.09,0.36
65.53,2.26,0.09,0.36
65.54,2.26,0.09,0.36
65.55,2.26,0.09,0.36
65.56,2.26,0.09,0.36
65.57,2.26,0.09,0.36
65.58,2.26,0.09,0.36
65.59,2.26,0.09,0.36
65.6,2.26,0.09,0.36
65.61,2.26,0.08,0.36
65.62,2.26,0.08,0.36
65.63,2.27,0.08,0.36
65.64,2.27,0.08,0.36
65.65,2.27,0.08,0.36
65.66,2.27,0.08,0.36
65.67,2.27,0.08,0.36
65.68,2.27,0.08,0.36
65.69,2.27,0.08,0.36
65.7,2.27,0.08,0.36
65.71,2.27,0.08,0.36
65.72,2.27,0.08,0.36
65.73,2.27,0.08,0.36
65.74,2.27,0.08,0.36
65.75,2.28,0.08,0.36
65.76,2.28,0.08,0.36
65.77,2.28,0.08,0.36
65.78,2.28,0.08,0.36
65.79,2.28,0.08,0.36
65.8,2.28,0.08,0.36
65.81,2.28,0.08,0.36
65.82,2.28,0.08,0.36
65.83,2.28,0.08,0.36
65.84,2.28,0.08,0.36
65.85,2.28,0.08,0.36
65.86,2.28,0.08,0.36
65.87,2.29,0.08,0.36
65.88,2.29,0.08,0.36
65.89,2.29,0.08,0.36
65.9,2.29,0.08,0.36
65.91,2.29,0.08,0.36
65.92,2.29,0.08,0.36
65.93,2.29,0.08,0.36
65.94,2.29,0.08,0.36
65.95,2.29,0.08,0.36
65.96,2.29,0.08,0.36
65.97,2.29,0.08,0.36
65.98,2.29,0.08,0.36
65.99,2.3,0.08,0.36
66.0,2.3,0.08,0.36
66.01,2.3,0.08,0.36
66.02,2.3,0.08,0.36
66.03,2.3,0.08,0.36
66.04,2.3,0.08,0.36
66.05,2.3,0.08,0.36
66.06,2.3,0.08,0.36
66.07,2.3,0.08,0.36
66.08,2.3,0.08,0.36
66.09,2.3,0.08,0.36
66.1,2.3,0.08,0.36
66.11,2.3,0.08,0.36
66.12,2.31,0.08,0.36
66.13,2.31,0.08,0.36
66.14,2.31,0.08,0.36
66.15,2.31,0.08,0.36
66.16,2.31,0.08,0.36
66.17,2.31,0.08,0.36
66.18,2.31,0.08,0.36
66.19,2.31,0.08,0.36
66.2,2.31,0.08,0.36
66.21,2.31,0.08,0.36
66.22,2.31,0.08,0.36
66.23,2.31,0.08,0.36
66.24,2.32,0.08,0.36
66.25,2.32,0.08,0.36
66.26,2.32,0.08,0.36
66.27,2.32,0.08,0.36
66.28,2.32,0.08,0.36
66.29,2.32,0.08,0.36
66.3,2.32,0.08,0.36
66.31,2.32,0.08,0.36
66.32,2.32,0.08,0.36
66.33,2.32,0.08,0.37
66.34,2.32,0.08,0.37
66.35,2.32,0.08,0.37
66.36,2.32,0.08,0.37
66.37,2.33,0.08,0.37
66.38,2.33,0.08,0.37
66.39,2.33,0.08,0.37
66.4,2.33,0.08,0.37
66.41,2.33,0.08,0.37
66.42,2.33,0.08,0.37
66.43,2.33,0.08,0.37
66.44,2.33,0.08,0.37
66.45,2.33,0.07,0.37
66.46,2.33,0.07,0.37
66.47,2.33,0.07,0.37
66.48,2.33,0.07,0.37
66.49,2.33,0.07,0.37
66.5,2.33,0.07,0.37
66.51,2.34,0.07,0.37
66.52,2.34,0.07,0.37
66.53,2.34,0.07,0.37
66.54,2.34,0.07,0.37
66.55,2.34,0.07,0.37
66.56,2.34,0.07,0.37
66.57,2.34,0.07,0.37
66.58,2.34,0.07,0.37
66.59,2.34,0.07,0.37
66.6,2.34,0.07,0.37
66.61,2.34,0.07,0.37
66.62,2.34,0.07,0.37
66.63,2.34,0.07,0.37
66.64,2.35,0.07,0.37
66.65,2.35,0.07,0.37
66.66,2.35,0.07,0.37
66.67,2.35,0.07,0.37
66.68,2.35,0.07,0.37
66.69,2.35,0.07,0.37
66.7,2.35,0.07,0.37
66.71,2.35,0.07,0.37
66.72,2.35,0.07,0.37
66.73,2.35,0.07,0.37
66.74,2.35,0.07,0.37
66.75,2.35,0.07,0.37
66.76,2.35,0.07,0.37
66.77,2.35,0.07,0.37
66.78,2.36,0.07,0.37
66.79,2.36,0.07,0.37
66.8,2.36,0.07,0.37
66.81,2.36,0.07,0.37
66.82,2.36,0.07,0.37
66.83,2.36,0.07,0.37
66.84,2.36,0.07,0.37
66.85,2.36,0.07,0.37
66.86,2.36,0.07,0.37
66.87,2.36,0.07,0.37
66.88,2.36,0.07,0.37
66.89,2.36,0.07,0.37
66.9,2.36,0.07,0.37
66.91,2.36,0.07,0.37
66.92,2.36,0.07,0.37
66.93,2.37,0.07,0.37
66.94,2.37,0.07,0.37
66.95,2.37,0.07,0.37
66.96,2.37,0.07,0.37
66.97,2.37,0.07,0.37
66.98,2.37,0.07,0.37
66.99,2.37,0.07,0.37
67.0,2.37,0.07,0.37
67.01,2.37,0.07,0.37
67.02,2.37,0.07,0.37
67.03,2.37,0.07,0.37
67.04,2.37,0.07,0.37
67.05,2.37,0.07,0.37
67.06,2.37,0.07,0.37
67.07,2.37,0.07,0.37
67.08,2.38,0.07,0.37
67.09,2.38,0.07,0.37
67.1,2.38,0.07,0.37
67.11,2.38,0.07,0.37
67.12,2.38,0.07,0.37
67.13,2.38,0.07,0.37
67.14,2.38,0.07,0.37
67.15,2.38,0.06,0.37
67.16,2.38,0.06,0.37
67.17,2.38,0.06,0.37
67.18,2.38,0.06,0.37
67.19,2.38,0.06,0.37
67.2,2.38,0.06,0.37
67.21,2.38,0.06,0.37
67.22,2.38,0.06,0.37
67.23,2.39,0.06,0.37
67.24,2.39,0.06,0.37
67.25,2.39,0.06,0.37
67.26,2.39,0.06,0.37
67.27,2.39,0.06,0.37
67.28,2.39,0.06,0.37
67.29,2.39,0.06,0.37
67.3,2.39,0.06,0.37
67.31,2.39,0.06,0.37
67.32,2.39,0.06,0.37
67.33,2.39,0.06,0.37
67.34,2.39,0.06,0.37
67.35,2.39,0.06,0.37
67.36,2.39,0.06,0.37
67.37,2.39,0.06,0.37
67.38,2.39,0.06,0.37
67.39,2.4,0.06,0.37
67.4,2.4,0.06,0.37
67.41,2.4,0.06,0.37
67.42,2.4,0.06,0.37
67.43,2.4,0.06,0.37
67.44,2.4,0.06,0.37
67.45,2.4,0.06,0.37
67.46,2.4,0.06,0.37
67.47,2.4,0.06,0.37
67.48,2.4,0.06,0.37
67.49,2.4,0.06,0.37
67.5,2.4,0.06,0.37
67.51,2.4,0.06,0.37
67.52,2.4,0.06,0.37
67.53,2.4,0.06,0.37
67.54,2.4,0.06,0.37
67.55,2.4,0.06,0.37
67.56,2.41,0.06,0.37
67.57,2.41,0.06,0.37
67.58,2.41,0.06,0.37
67.59,2.41,0.06,0.37
67.6,2.41,0.06,0.37
67.61,2.41,0.06,0.37
67.62,2.41,0.06,0.37
67.63,2.41,0.06,0.37
67.64,2.41,0.06,0.37
67.65,2.41,0.06,0.37
67.66,2.41,0.06,0.37
67.67,2.41,0.06,0.37
67.68,2.41,0.06,0.37
67.69,2.41,0.06,0.37
67.7,2.41,0.06,0.37
67.71,2.41,0.06,0.37
67.72,2.41,0.06,0.37
67.73,2.42,0.06,0.37
67.74,2.42,0.06,0.38
67.75,2.42,0.06,0.38
67.76,2.42,0.06,0.38
67.77,2.42,0.06,0.38
67.78,2.42,0.05,0.38
67.79,2.42,0.05,0.38
67.8,2.42,0.05,0.38
67.81,2.42,0.05,0.38
67.82,2.42,0.05,0.38
67.83,2.42,0.05,0.38
67.84,2.42,0.05,0.38
67.85,2.42,0.05,0.38
67.86,2.42,0.05,0.38
67.87,2.42,0.05,0.38
67.88,2.42,0.05,0.38
67.89,2.42,0.05,0.38
67.9,2.42,0.05,0.38
67.91,2.42,0.05,0.38
67.92,2.43,0.05,0.38
67.93,2.43,0.05,0.38
67.94,2.43,0.05,0.38
67.95,2.43,0.05,0.38
67.96,2.43,0.05,0.38
67.97,2.43,0.05,0.38
67.98,2.43,0.05,0.38
67.99,2.43,0.05,0.38
68.0,2.43,0.05,0.38
68.01,2.43,0.05,0.38
68.02,2.43,0.05,0.38
68.03,2.43,0.05,0.38
68.04,2.43,0.05,0.38
68.05,2.43,0.05,0.38
68.06,2.43,0.05,0.38
68.07,2.43,0.05,0.38
68.08,2.43,0.05,0.38
68.09,2.43,0.05,0.38
68.1,2.43,0.05,0.38
68.11,2.44,0.05,0.38
68.12,2.44,0.05,0.38
68.13,2.44,0.05,0.38
68.14,2.44,0.05,0.38
68.15,2.44,0.05,0.38
68.16,2.44,0.05,0.38
68.17,2.44,0.05,0.38
68.18,2.44,0.05,0.38
68.19,2.44,0.05,0.38
68.2,2.44,0.05,0.38
68.21,2.44,0.05,0.38
68.22,2.44,0.05,0.38
68.23,2.44,0.05,0.38
68.24,2.44,0.05,0.38
68.25,2.44,0.05,0.38
68.26,2.44,0.05,0.38
68.27,2.44,0.05,0.38
68.28,2.44,0.05,0.38
68.29,2.44,0.05,0.38
68.3,2.44,0.05,0.38
68.31,2.44,0.05,0.38
68.32,2.45,0.05,0.38
68.33,2.45,0.05,0.38
68.34,2.45,0.05,0.38
68.35,2.45,0.05,0.38
68.36,2.45,0.04,0.38
68.37,2.45,0.04,0.38
68.38,2.45,0.04,0.38
68.39,2.45,0.04,0.38
68.4,2.45,0.04,0.38
68.41,2.45,0.04,0.38
68.42,2.45,0.04,0.38
68.43,2.45,0.04,0.38
68.44,2.45,0.04,0.38
68.45,2.45,0.04,0.38
68.46,2.45,0.04,0.38
68.47,2.45,0.04,0.38
68.48,2.45,0.04,0.38
68.49,2.45,0.04,0.38
68.5,2.45,0.04,0.38
68.51,2.45,0.04,0.38
68.52,2.45,0.04,0.38
68.53,2.45,0.04,0.38
68.54,2.45,0.04,0.38
68.55,2.46,0.04,0.38
68.56,2.46,0.04,0.38
68.57,2.46,0.04,0.38
68.58,2.46,0.04,0.38
68.59,2.46,0.04,0.38
68.6,2.46,0.04,0.38
68.61,2.46,0.04,0.38
68.62,2.46,0.04,0.38
68.63,2.46,0.04,0.38
68.64,2.46,0.04,0.38
68.65,2.46,0.04,0.38
68.66,2.46,0.04,0.38
68.67,2.46,0.04,0.38
68.68,2.46,0.04,0.38
68.69,2.46,0.04,0.38
68.7,2.46,0.04,0.38
68.71,2.46,0.04,0.38
68.72,2.46,0.04,0.38
68.73,2.46,0.04,0.38
68.74,2.46,0.04,0.38
68.75,2.46,0.04,0.38
68.76,2.46,0.04,0.38
68.77,2.46,0.04,0.38
68.78,2.46,0.04,0.38
68.79,2.46,0.04,0.38
68.8,2.46,0.04,0.38
68.81,2.47,0.04,0.38
68.82,2.47,0.04,0.38
68.83,2.47,0.04,0.38
68.84,2.47,0.04,0.38
68.85,2.47,0.04,0.38
68.86,2.47,0.04,0.38
68.87,2.47,0.04,0.38
68.88,2.47,0.04,0.38
68.89,2.47,0.04,0.38
68.9,2.47,0.03,0.38
68.91,2.47,0.03,0.38
68.92,2.47,0.03,0.38
68.93,2.47,0.03,0.38
68.94,2.47,0.03,0.38
68.95,2.47,0.03,0.38
68.96,2.47,0.03,0.38
68.97,2.47,0.03,0.38
68.98,2.47,0.03,0.38
68.99,2.47,0.03,0.38
69.0,2.47,0.03,0.38
69.01,2.47,0.03,0.38
69.02,2.47,0.03,0.38
69.03,2.47,0.03,0.38
69.04,2.47,0.03,0.38
69.05,2.47,0.03,0.39
69.06,2.47,0.03,0.39
69.07,2.47,0.03,0.39
69.08,2.47,0.03,0.39
69.09,2.47,0.03,0.39
69.1,2.48,0.03,0.39
69.11,2.48,0.03,0.39
69.12,2.48,0.03,0.39
69.13,2.48,0.03,0.39
69.14,2.48,0.03,0.39
69.15,2.48,0.03,0.39
69.16,2.48,0.03,0.39
69.17,2.48,0.03,0.39
69.18,2.48,0.03,0.39
69.19,2.48,0.03,0.39
69.2,2.48,0.03,0.39
69.21,2.48,0.03,0.39
69.22,2.48,0.03,0.39
69.23,2.48,0.03,0.39
69.24,2.48,0.03,0.39
69.25,2.48,0.03,0.39
69.26,2.48,0.03,0.39
69.27,2.48,0.03,0.39
69.28,2.48,0.03,0.39
69.29,2.48,0.03,0.39
69.3,2.48,0.03,0.39
69.31,2.48,0.03,0.39
69.32,2.48,0.03,0.39
69.33,2.48,0.03,0.39
69.34,2.48,0.03,0.39
69.35,2.48,0.03,0.39
69.36,2.48,0.03,0.39
69.37,2.48,0.03,0.39
69.38,2.48,0.03,0.39
69.39,2.48,0.03,0.39
69.4,2.48,0.03,0.39
69.41,2.48,0.03,0.39
69.42,2.48,0.03,0.39
69.43,2.48,0.02,0.39
69.44,2.48,0.02,0.39
69.45,2.48,0.02,0.39
69.46,2.49,0.02,0.39
69.47,2.49,0.02,0.39
69.48,2.49,0.02,0.39
69.49,2.49,0.02,0.39
69.5,2.49,0.02,0.39
69.51,2.49,0.02,0.39
69.52,2.49,0.02,0.39
69.53,2.49,0.02,0.39
69.54,2.49,0.02,0.39
69.55,2.49,0.02,0.39
69.56,2.49,0.02,0.39
69.57,2.49,0.02,0.39
69.58,2.49,0.02,0.39
69.59,2.49,0.02,0.39
69.6,2.49,0.02,0.39
69.61,2.49,0.02,0.39
69.62,2.49,0.02,0.39
69.63,2.49,0.02,0.39
69.64,2.49,0.02,0.39
69.65,2.49,0.02,0.39
69.66,2.49,0.02,0.39
69.67,2.49,0.02,0.39
69.68,2.49,0.02,0.39
69.69,2.49,0.02,0.39
69.7,2.49,0.02,0.39
69.71,2.49,0.02,0.39
69.72,2.49,0.02,0.39
69.73,2.49,0.02,0.39
69.74,2.49,0.02,0.39
69.75,2.49,0.02,0.39
69.76,2.49,0.02,0.39
69.77,2.49,0.02,0.39
69.78,2.49,0.02,0.39
69.79,2.49,0.02,0.39
69.8,2.49,0.02,0.39
69.81,2.49,0.02,0.39
69.82,2.49,0.02,0.39
69.83,2.49,0.02,0.39
69.84,2.49,0.02,0.39
69.85,2.49,0.02,0.39
69.86,2.49,0.02,0.39
69.87,2.49,0.02,0.39
69.88,2.49,0.02,0.39
69.89,2.49,0.02,0.39
69.9,2.49,0.02,0.39
69.91,2.49,0.02,0.39
69.92,2.49,0.02,0.39
69.93,2.49,0.02,0.39
69.94,2.49,0.01,0.39
69.95,2.49,0.01,0.39
69.96,2.49,0.01,0.39
69.97,2.49,0.01,0.39
69.98,2.5,0.01,0.39
69.99,2.5,0.01,0.39
70.0,2.5,0.01,0.39
70.01,2.5,0.01,0.39
70.02,2.5,0.01,0.39
70.03,2.5,0.01,0.39
70.04,2.5,0.01,0.39
70.05,2.5,0.01,0.39
70.06,2.5,0.01,0.39
70.07,2.5,0.01,0.39
70.08,2.5,0.01,0.39
70.09,2.5,0.01,0.39
70.1,2.5,0.01,0.39
70.11,2.5,0.01,0.39
70.12,2.5,0.01,0.39
70.13,2.5,0.01,0.39
70.14,2.5,0.01,0.39
70.15,2.5,0.01,0.39
70.16,2.5,0.01,0.39
70.17,2.5,0.01,0.39
70.18,2.5,0.01,0.39
70.19,2.5,0.01,0.39
70.2,2.5,0.01,0.39
70.21,2.5,0.01,0.39
70.22,2.5,0.01,0.39
70.23,2.5,0.01,0.39
70.24,2.5,0.01,0.39
70.25,2.5,0.01,0.39
70.26,2.5,0.01,0.39
70.27,2.5,0.01,0.39
70.28,2.5,0.01,0.39
70.29,2.5,0.01,0.39
70.3,2.5,0.01,0.39
70.31,2.5,0.01,0.4
70.32,2.5,0.01,0.4
70.33,2.5,0.01,0.4
70.34,2.5,0.01,0.4
70.35,2.5,0.01,0.4
70.36,2.5,0.01,0.4
70.37,2.5,0.01,0.4
70.38,2.5,0.01,0.4
70.39,2.5,0.01,0.4
70.4,2.5,0.01,0.4
70.41,2.5,0.01,0.4
70.42,2.5,0.01,0.4
70.43,2.5,0.01,0.4
70.44,2.5,0.0,0.4
70.45,2.5,0.0,0.4
70.46,2.5,0.0,0.4
70.47,2.5,0.0,0.4
70.48,2.5,0.0,0.4
70.49,2.5,0.0,0.4
70.5,2.5,0.0,0.4
70.51,2.5,0.0,0.4
70.52,2.5,0.0,0.4
70.53,2.5,0.0,0.4
70.54,2.5,0.0,0.4
70.55,2.5,0.0,0.4
70.56,2.5,0.0,0.4
70.57,2.5,0.0,0.4
70.58,2.5,0.0,0.4
70.59,2.5,0.0,0.4
70.6,2.5,0.0,0.4
70.61,2.5,0.0,0.4
70.62,2.5,0.0,0.4
70.63,2.5,0.0,0.4
70.64,2.5,0.0,0.4
70.65,2.5,0.0,0.4
70.66,2.5,0.0,0.4
70.67,2.5,0.0,0.4
70.68,2.5,0.0,0.4
70.69,2.5,-0.0,0.4
70.7,2.5,-0.0,0.4
70.71,2.5,-0.0,0.4
70.72,2.5,-0.0,0.4
70.73,2.5,-0.0,0.4
70.74,2.5,-0.0,0.4
70.75,2.5,-0.0,0.4
70.76,2.5,-0.0,0.4
70.77,2.5,-0.0,0.4
70.78,2.5,-0.0,0.4
70.79,2.5,-0.0,0.4
70.8,2.5,-0.0,0.4
70.81,2.5,-0.0,0.4
70.82,2.5,-0.0,0.4
70.83,2.5,-0.0,0.4
70.84,2.5,-0.0,0.4
70.85,2.5,-0.0,0.4
70.86,2.5,-0.0,0.4
70.87,2.5,-0.0,0.4
70.88,2.5,-0.0,0.4
70.89,2.5,-0.0,0.4
70.9,2.5,-0.0,0.4
70.91,2.5,-0.0,0.4
70.92,2.5,-0.0,0.4
70.93,2.5,-0.0,0.4
70.94,2.5,-0.01,0.4
70.95,2.5,-0.01,0.4
70.96,2.5,-0.01,0.4
70.97,2.5,-0.01,0.4
70.98,2.5,-0.01,0.4
70.99,2.5,-0.01,0.4
71.0,2.5,-0.01,0.4
71.01,2.5,-0.01,0.4
71.02,2.5,-0.01,0.4
71.03,2.5,-0.01,0.4
71.04,2.5,-0.01,0.4
71.05,2.5,-0.01,0.4
71.06,2.5,-0.01,0.4
71.07,2.5,-0.01,0.4
71.08,2.5,-0.01,0.4
71.09,2.5,-0.01,0.4
71.1,2.5,-0.01,0.4
71.11,2.5,-0.01,0.4
71.12,2.5,-0.01,0.4
71.13,2.5,-0.01,0.4
71.14,2.5,-0.01,0.4
71.15,2.5,-0.01,0.4
71.16,2.5,-0.01,0.4
71.17,2.5,-0.01,0.4
71.18,2.5,-0.01,0.4
71.19,2.5,-0.01,0.4
71.2,2.5,-0.01,0.4
71.21,2.5,-0.01,0.4
71.22,2.5,-0.01,0.4
71.23,2.5,-0.01,0.4
71.24,2.5,-0.01,0.4
71.25,2.5,-0.01,0.4
71.26,2.5,-0.01,0.4
71.27,2.5,-0.01,0.4
71.28,2.5,-0.01,0.4
71.29,2.5,-0.01,0.4
71.3,2.5,-0.01,0.4
71.31,2.5,-0.01,0.4
71.32,2.5,-0.01,0.4
71.33,2.5,-0.01,0.4
71.34,2.5,-0.01,0.4
71.35,2.5,-0.01,0.4
71.36,2.5,-0.01,0.4
71.37,2.5,-0.01,0.4
71.38,2.5,-0.01,0.4
71.39,2.5,-0.01,0.4
71.4,2.49,-0.01,0.4
71.41,2.49,-0.01,0.4
71.42,2.49,-0.01,0.4
71.43,2.49,-0.01,0.4
71.44,2.49,-0.02,0.4
71.45,2.49,-0.02,0.4
71.46,2.49,-0.02,0.4
71.47,2.49,-0.02,0.4
71.48,2.49,-0.02,0.4
71.49,2.49,-0.02,0.4
71.5,2.49,-0.02,0.4
71.51,2.49,-0.02,0.4
71.52,2.49,-0.02,0.4
71.53,2.49,-0.02,0.4
71.54,2.49,-0.02,0.4
71.55,2.49,-0.02,0.4
71.56,2.49,-0.02,0.4
71.57,2.49,-0.02,0.41
71.58,2.49,-0.02,0.41
71.59,2.49,-0.02,0.41
71.6,2.49,-0.02,0.41
71.61,2.49,-0.02,0.41
71.62,2.49,-0.02,0.41
71.63,2.49,-0.02,0.41
71.64,2.49,-0.02,0.41
71.65,2.49,-0.02,0.41
71.66,2.49,-0.02,0.41
71.67,2.49,-0.02,0.41
71.68,2.49,-0.02,0.41
71.69,2.49,-0.02,0.41
71.7,2.49,-0.02,0.41
71.71,2.49,-0.02,0.41
71.72,2.49,-0.02,0.41
71.73,2.49,-0.02,0.41
71.74,2.49,-0.02,0.41
71.75,2.49,-0.02,0.41
71.76,2.49,-0.02,0.41
71.77,2.49,-0.02,0.41
71.78,2.49,-0.02,0.41
71.79,2.49,-0.02,0.41
71.8,2.49,-0.02,0.41
71.81,2.49,-0.02,0.41
71.82,2.49,-0.02,0.41
71.83,2.49,-0.02,0.41
71.84,2.49,-0.02,0.41
71.85,2.49,-0.02,0.41
71.86,2.49,-0.02,0.41
71.87,2.49,-0.02,0.41
71.88,2.49,-0.02,0.41
71.89,2.49,-0.02,0.41
71.9,2.49,-0.02,0.41
71.91,2.49,-0.02,0.41
71.92,2.48,-0.02,0.41
71.93,2.48,-0.02,0.41
71.94,2.48,-0.02,0.41
71.95,2.48,-0.03,0.41
71.96,2.48,-0.03,0.41
71.97,2.48,-0.03,0.41
71.98,2.48,-0.03,0.41
71.99,2.48,-0.03,0.41
72.0,2.48,-0.03,0.41
72.01,2.48,-0.03,0.41
72.02,2.48,-0.03,0.41
72.03,2.48,-0.03,0.41
72.04,2.48,-0.03,0.41
72.05,2.48,-0.03,0.41
72.06,2.48,-0.03,0.41
72.07,2.48,-0.03,0.41
72.08,2.48,-0.03,0.41
72.09,2.48,-0.03,0.41
72.1,2.48,-0.03,0.41
72.11,2.48,-0.03,0.41
72.12,2.48,-0.03,0.41
72.13,2.48,-0.03,0.41
72.14,2.48,-0.03,0.41
72.15,2.48,-0.03,0.41
72.16,2.48,-0.03,0.41
72.17,2.48,-0.03,0.41
72.18,2.48,-0.03,0.41
72.19,2.48,-0.03,0.41
72.2,2.48,-0.03,0.41
72.21,2.48,-0.03,0.41
72.22,2.48,-0.03,0.41
72.23,2.48,-0.03,0.41
72.24,2.48,-0.03,0.41
72.25,2.48,-0.03,0.41
72.26,2.48,-0.03,0.41
72.27,2.48,-0.03,0.41
72.28,2.47,-0.03,0.41
72.29,2.47,-0.03,0.41
72.3,2.47,-0.03,0.41
72.31,2.47,-0.03,0.41
72.32,2.47,-0.03,0.41
72.33,2.47,-0.03,0.41
72.34,2.47,-0.03,0.41
72.35,2.47,-0.03,0.41
72.36,2.47,-0.03,0.41
72.37,2.47,-0.03,0.41
72.38,2.47,-0.03,0.41
72.39,2.47,-0.03,0.41
72.4,2.47,-0.03,0.41
72.41,2.47,-0.03,0.41
72.42,2.47,-0.03,0.41
72.43,2.47,-0.03,0.41
72.44,2.47,-0.03,0.41
72.45,2.47,-0.03,0.41
72.46,2.47,-0.03,0.41
72.47,2.47,-0.03,0.41
72.48,2.47,-0.04,0.41
72.49,2.47,-0.04,0.41
72.5,2.47,-0.04,0.41
72.51,2.47,-0.04,0.41
72.52,2.47,-0.04,0.41
72.53,2.47,-0.04,0.41
72.54,2.47,-0.04,0.41
72.55,2.47,-0.04,0.41
72.56,2.47,-0.04,0.41
72.57,2.46,-0.04,0.41
72.58,2.46,-0.04,0.41
72.59,2.46,-0.04,0.41
72.6,2.46,-0.04,0.41
72.61,2.46,-0.04,0.41
72.62,2.46,-0.04,0.41
72.63,2.46,-0.04,0.41
72.64,2.46,-0.04,0.41
72.65,2.46,-0.04,0.41
72.66,2.46,-0.04,0.41
72.67,2.46,-0.04,0.41
72.68,2.46,-0.04,0.41
72.69,2.46,-0.04,0.41
72.7,2.46,-0.04,0.41
72.71,2.46,-0.04,0.41
72.72,2.46,-0.04,0.41
72.73,2.46,-0.04,0.41
72.74,2.46,-0.04,0.41
72.75,2.46,-0.04,0.41
72.76,2.46,-0.04,0.41
72.77,2.46,-0.04,0.41
72.78,2.46,-0.04,0.41
72.79,2.46,-0.04,0.41
72.8,2.46,-0.04,0.41
72.81,2.46,-0.04,0.41
72.82,2.46,-0.04,0.41
72.83,2.45,-0.04,0.41
72.84,2.45,-0.04,0.42
72.85,2.45,-0.04,0.42
72.86,2.45,-0.04,0.42
72.87,2.45,-0.04,0.42
72.88,2.45,-0.04,0.42
72.89,2.45,-0.04,0.42
72.9,2.45,-0.04,0.42
72.91,2.45,-0.04,0.42
72.92,2.45,-0.04,0.42
72.93,2.45,-0.04,0.42
72.94,2.45,-0.04,0.42
72.95,2.45,-0.04,0.42
72.96,2.45,-0.04,0.42
72.97,2.45,-0.04,0.42
72.98,2.45,-0.04,0.42
72.99,2.45,-0.04,0.42
73.0,2.45,-0.04,0.42
73.01,2.45,-0.04,0.42
73.02,2.45,-0.05,0.42
73.03,2.45,-0.05,0.42
73.04,2.45,-0.05,0.42
73.05,2.45,-0.05,0.42
73.06,2.44,-0.05,0.42
73.07,2.44,-0.05,0.42
73.08,2.44,-0.05,0.42
73.09,2.44,-0.05,0.42
73.1,2.44,-0.05,0.42
73.11,2.44,-0.05,0.42
73.12,2.44,-0.05,0.42
73.13,2.44,-0.05,0.42
73.14,2.44,-0.05,0.42
73.15,2.44,-0.05,0.42
73.16,2.44,-0.05,0.42
73.17,2.44,-0.05,0.42
73.18,2.44,-0.05,0.42
73.19,2.44,-0.05,0.42
73.2,2.44,-0.05,0.42
73.21,2.44,-0.05,0.42
73.22,2.44,-0.05,0.42
73.23,2.44,-0.05,0.42
73.24,2.44,-0.05,0.42
73.25,2.44,-0.05,0.42
73.26,2.44,-0.05,0.42
73.27,2.43,-0.05,0.42
73.28,2.43,-0.05,0.42
73.29,2.43,-0.05,0.42
73.3,2.43,-0.05,0.42
73.31,2.43,-0.05,0.42
73.32,2.43,-0.05,0.42
73.33,2.43,-0.05,0.42
73.34,2.43,-0.05,0.42
73.35,2.43,-0.05,0.42
73.36,2.43,-0.05,0.42
73.37,2.43,-0.05,0.42
73.38,2.43,-0.05,0.42
73.39,2.43,-0.05,0.42
73.4,2.43,-0.05,0.42
73.41,2.43,-0.05,0.42
73.42,2.43,-0.05,0.42
73.43,2.43,-0.05,0.42
73.44,2.43,-0.05,0.42
73.45,2.43,-0.05,0.42
73.46,2.42,-0.05,0.42
73.47,2.42,-0.05,0.42
73.48,2.42,-0.05,0.42
73.49,2.42,-0.05,0.42
73.5,2.42,-0.05,0.42
73.51,2.42,-0.05,0.42
73.52,2.42,-0.05,0.42
73.53,2.42,-0.05,0.42
73.54,2.42,-0.05,0.42
73.55,2.42,-0.05,0.42
73.56,2.42,-0.05,0.42
73.57,2.42,-0.05,0.42
73.58,2.42,-0.05,0.42
73.59,2.42,-0.05,0.42
73.6,2.42,-0.06,0.42
73.61,2.42,-0.06,0.42
73.62,2.42,-0.06,0.42
73.63,2.42,-0.06,0.42
73.64,2.42,-0.06,0.42
73.65,2.41,-0.06,0.42
73.66,2.41,-0.06,0.42
73.67,2.41,-0.06,0.42
73.68,2.41,-0.06,0.42
73.69,2.41,-0.06,0.42
73.7,2.41,-0.06,0.42
73.71,2.41,-0.06,0.42
73.72,2.41,-0.06,0.42
73.73,2.41,-0.06,0.42
73.74,2.41,-0.06,0.42
73.75,2.41,-0.06,0.42
73.76,2.41,-0.06,0.42
73.77,2.41,-0.06,0.42
73.78,2.41,-0.06,0.42
73.79,2.41,-0.06,0.42
73.8,2.41,-0.06,0.42
73.81,2.41,-0.06,0.42
73.82,2.4,-0.06,0.42
73.83,2.4,-0.06,0.42
73.84,2.4,-0.06,0.42
73.85,2.4,-0.06,0.42
73.86,2.4,-0.06,0.42
73.87,2.4,-0.06,0.42
73.88,2.4,-0.06,0.42
73.89,2.4,-0.06,0.42
73.9,2.4,-0.06,0.42
73.91,2.4,-0.06,0.42
73.92,2.4,-0.06,0.42
73.93,2.4,-0.06,0.42
73.94,2.4,-0.06,0.42
73.95,2.4,-0.06,0.42
73.96,2.4,-0.06,0.42
73.97,2.4,-0.06,0.42
73.98,2.4,-0.06,0.42
73.99,2.39,-0.06,0.42
74.0,2.39,-0.06,0.42
74.01,2.39,-0.06,0.42
74.02,2.39,-0.06,0.42
74.03,2.39,-0.06,0.42
74.04,2.39,-0.06,0.42
74.05,2.39,-0.06,0.42
74.06,2.39,-0.06,0.42
74.07,2.39,-0.06,0.42
74.08,2.39,-0.06,0.42
74.09,2.39,-0.06,0.42
74.1,2.39,-0.06,0.42
74.11,2.39,-0.06,0.42
74.12,2.39,-0.06,0.42
74.13,2.39,-0.06,0.42
74.14,2.39,-0.06,0.42
74.15,2.38,-0.06,0.42
74.16,2.38,-0.06,0.42
74.17,2.38,-0.06,0.42
74.18,2.38,-0.06,0.43
74.19,2.38,-0.06,0.43
74.2,2.38,-0.06,0.43
74.21,2.38,-0.06,0.43
74.22,2.38,-0.06,0.43
74.23,2.38,-0.07,0.43
74.24,2.38,-0.07,0.43
74.25,2.38,-0.07,0.43
74.26,2.38,-0.07,0.43
74.27,2.38,-0.07,0.43
74.28,2.38,-0.07,0.43
74.29,2.38,-0.07,0.43
74.3,2.37,-0.07,0.43
74.31,2.37,-0.07,0.43
74.32,2.37,-0.07,0.43
74.33,2.37,-0.07,0.43
74.34,2.37,-0.07,0.43
74.35,2.37,-0.07,0.43
74.36,2.37,-0.07,0.43
74.37,2.37,-0.07,0.43
74.38,2.37,-0.07,0.43
74.39,2.37,-0.07,0.43
74.4,2.37,-0.07,0.43
74.41,2.37,-0.07,0.43
74.42,2.37,-0.07,0.43
74.43,2.37,-0.07,0.43
74.44,2.37,-0.07,0.43
74.45,2.36,-0.07,0.43
74.46,2.36,-0.07,0.43
74.47,2.36,-0.07,0.43
74.48,2.36,-0.07,0.43
74.49,2.36,-0.07,0.43
74.5,2.36,-0.07,0.43
74.51,2.36,-0.07,0.43
74.52,2.36,-0.07,0.43
74.53,2.36,-0.07,0.43
74.54,2.36,-0.07,0.43
74.55,2.36,-0.07,0.43
74.56,2.36,-0.07,0.43
74.57,2.36,-0.07,0.43
74.58,2.36,-0.07,0.43
74.59,2.36,-0.07,0.43
74.6,2.35,-0.07,0.43
74.61,2.35,-0.07,0.43
74.62,2.35,-0.07,0.43
74.63,2.35,-0.07,0.43
74.64,2.35,-0.07,0.43
74.65,2.35,-0.07,0.43
74.66,2.35,-0.07,0.43
74.67,2.35,-0.07,0.43
74.68,2.35,-0.07,0.43
74.69,2.35,-0.07,0.43
74.7,2.35,-0.07,0.43
74.71,2.35,-0.07,0.43
74.72,2.35,-0.07,0.43
74.73,2.35,-0.07,0.43
74.74,2.34,-0.07,0.43
74.75,2.34,-0.07,0.43
74.76,2.34,-0.07,0.43
74.77,2.34,-0.07,0.43
74.78,2.34,-0.07,0.43
74.79,2.34,-0.07,0.43
74.8,2.34,-0.07,0.43
74.81,2.34,-0.07,0.43
74.82,2.34,-0.07,0.43
74.83,2.34,-0.07,0.43
74.84,2.34,-0.07,0.43
74.85,2.34,-0.07,0.43
74.86,2.34,-0.07,0.43
74.87,2.33,-0.07,0.43
74.88,2.33,-0.07,0.43
74.89,2.33,-0.07,0.43
74.9,2.33,-0.07,0.43
74.91,2.33,-0.07,0.43
74.92,2.33,-0.07,0.43
74.93,2.33,-0.08,0.43
74.94,2.33,-0.08,0.43
74.95,2.33,-0.08,0.43
74.96,2.33,-0.08,0.43
74.97,2.33,-0.08,0.43
74.98,2.33,-0.08,0.43
74.99,2.33,-0.08,0.43
75.0,2.33,-0.08,0.43
75.01,2.32,-0.08,0.43
75.02,2.32,-0.08,0.43
75.03,2.32,-0.08,0.43
75.04,2.32,-0.08,0.43
75.05,2.32,-0.08,0.43
75.06,2.32,-0.08,0.43
75.07,2.32,-0.08,0.43
75.08,2.32,-0.08,0.43
75.09,2.32,-0.08,0.43
75.1,2.32,-0.08,0.43
75.11,2.32,-0.08,0.43
75.12,2.32,-0.08,0.43
75.13,2.32,-0.08,0.43
75.14,2.31,-0.08,0.43
75.15,2.31,-0.08,0.43
75.16,2.31,-0.08,0.43
75.17,2.31,-0.08,0.43
75.18,2.31,-0.08,0.43
75.19,2.31,-0.08,0.43
75.2,2.31,-0.08,0.43
75.21,2.31,-0.08,0.43
75.22,2.31,-0.08,0.43
75.23,2.31,-0.08,0.43
75.24,2.31,-0.08,0.43
75.25,2.31,-0.08,0.43
75.26,2.3,-0.08,0.43
75.27,2.3,-0.08,0.43
75.28,2.3,-0.08,0.43
75.29,2.3,-0.08,0.43
75.3,2.3,-0.08,0.43
75.31,2.3,-0.08,0.43
75.32,2.3,-0.08,0.43
75.33,2.3,-0.08,0.43
75.34,2.3,-0.08,0.43
75.35,2.3,-0.08,0.43
75.36,2.3,-0.08,0.43
75.37,2.3,-0.08,0.43
75.38,2.3,-0.08,0.43
75.39,2.29,-0.08,0.43
75.4,2.29,-0.08,0.43
75.41,2.29,-0.08,0.43
75.42,2.29,-0.08,0.43
75.43,2.29,-0.08,0.43
75.44,2.29,-0.08,0.43
75.45,2.29,-0.08,0.43
75.46,2.29,-0.08,0.43
75.47,2.29,-0.08,0.43
75.48,2.29,-0.08,0.43
75.49,2.29,-0.08,0.43
75.5,2.29,-0.08,0.43
75.51,2.28,-0.08,0.43
75.52,2.28,-0.08,0.43
75.53,2.28,-0.08,0.43
75.54,2.28,-0.08,0.43
75.55,2.28,-0.08,0.43
75.56,2.28,-0.08,0.43
75.57,2.28,-0.08,0.43
75.58,2.28,-0.08,0.43
75.59,2.28,-0.08,0.43
75.6,2.28,-0.08,0.43
75.61,2.28,-0.08,0.43
75.62,2.28,-0.08,0.43
75.63,2.27,-0.08,0.43
75.64,2.27,-0.08,0.43
75.65,2.27,-0.08,0.43
75.66,2.27,-0.08,0.43
75.67,2.27,-0.08,0.43
75.68,2.27,-0.08,0.44
75.69,2.27,-0.08,0.44
75.7,2.27,-0.08,0.44
75.71,2.27,-0.08,0.44
75.72,2.27,-0.08,0.44
75.73,2.27,-0.08,0.44
75.74,2.27,-0.08,0.44
75.75,2.26,-0.08,0.44
75.76,2.26,-0.08,0.44
75.77,2.26,-0.09,0.44
75.78,2.26,-0.09,0.44
75.79,2.26,-0.09,0.44
75.8,2.26,-0.09,0.44
75.81,2.26,-0.09,0.44
75.82,2.26,-0.09,0.44
75.83,2.26,-0.09,0.44
75.84,2.26,-0.09,0.44
75.85,2.26,-0.09,0.44
75.86,2.26,-0.09,0.44
75.87,2.25,-0.09,0.44
75.88,2.25,-0.09,0.44
75.89,2.25,-0.09,0.44
75.9,2.25,-0.09,0.44
75.91,2.25,-0.09,0.44
75.92,2.25,-0.09,0.44
75.93,2.25,-0.09,0.44
75.94,2.25,-0.09,0.44
75.95,2.25,-0.09,0.44
75.96,2.25,-0.09,0.44
75.97,2.25,-0.09,0.44
75.98,2.24,-0.09,0.44
75.99,2.24,-0.09,0.44
76.0,2.24,-0.09,0.44
76.01,2.24,-0.09,0.44
76.02,2.24,-0.09,0.44
76.03,2.24,-0.09,0.44
76.04,2.24,-0.09,0.44
76.05,2.24,-0.09,0.44
76.06,2.24,-0.09,0.44
76.07,2.24,-0.09,0.44
76.08,2.24,-0.09,0.44
76.09,2.24,-0.09,0.44
76.1,2.23,-0.09,0.44
76.11,2.23,-0.09,0.44
76.12,2.23,-0.09,0.44
76.13,2.23,-0.09,0.44
76.14,2.23,-0.09,0.44
76.15,2.23,-0.09,0.44
76.16,2.23,-0.09,0.44
76.17,2.23,-0.09,0.44
76.18,2.23,-0.09,0.44
76.19,2.23,-0.09,0.44
76.2,2.23,-0.09,0.44
76.21,2.22,-0.09,0.44
76.22,2.22,-0.09,0.44
76.23,2.22,-0.09,0.44
76.24,2.22,-0.09,0.44
76.25,2.22,-0.09,0.44
76.26,2.22,-0.09,0.44
76.27,2.22,-0.09,0.44
76.28,2.22,-0.09,0.44
76.29,2.22,-0.09,0.44
76.3,2.22,-0.09,0.44
76.31,2.22,-0.09,0.44
76.32,2.21,-0.09,0.44
76.33,2.21,-0.09,0.44
76.34,2.21,-0.09,0.44
76.35,2.21,-0.09,0.44
76.36,2.21,-0.09,0.44
76.37,2.21,-0.09,0.44
76.38,2.21,-0.09,0.44
76.39,2.21,-0.09,0.44
76.4,2.21,-0.09,0.44
76.41,2.21,-0.09,0.44
76.42,2.21,-0.09,0.44
76.43,2.2,-0.09,0.44
76.44,2.2,-0.09,0.44
76.45,2.2,-0.09,0.44
76.46,2.2,-0.09,0.44
76.47,2.2,-0.09,0.44
76.48,2.2,-0.09,0.44
76.49,2.2,-0.09,0.44
76.5,2.2,-0.09,0.44
76.51,2.2,-0.09,0.44
76.52,2.2,-0.09,0.44
76.53,2.2,-0.09,0.44
76.54,2.19,-0.09,0.44
76.55,2.19,-0.09,0.44
76.56,2.19,-0.09,0.44
76.57,2.19,-0.09,0.44
76.58,2.19,-0.09,0.44
76.59,2.19,-0.09,0.44
76.6,2.19,-0.09,0.44
76.61,2.19,-0.09,0.44
76.62,2.19,-0.09,0.44
76.63,2.19,-0.09,0.44
76.64,2.19,-0.09,0.44
76.65,2.18,-0.09,0.44
76.66,2.18,-0.09,0.44
76.67,2.18,-0.09,0.44
76.68,2.18,-0.09,0.44
76.69,2.18,-0.09,0.44
76.7,2.18,-0.09,0.44
76.71,2.18,-0.09,0.44
76.72,2.18,-0.09,0.44
76.73,2.18,-0.09,0.44
76.74,2.18,-0.09,0.44
76.75,2.18,-0.09,0.44
76.76,2.17,-0.09,0.44
76.77,2.17,-0.09,0.44
76.78,2.17,-0.09,0.44
76.79,2.17,-0.09,0.44
76.8,2.17,-0.09,0.44
76.81,2.17,-0.09,0.44
76.82,2.17,-0.09,0.44
76.83,2.17,-0.09,0.44
76.84,2.17,-0.09,0.44
76.85,2.17,-0.09,0.44
76.86,2.16,-0.09,0.44
76.87,2.16,-0.09,0.44
76.88,2.16,-0.09,0.44
76.89,2.16,-0.09,0.44
76.9,2.16,-0.09,0.44
76.91,2.16,-0.09,0.44
76.92,2.16,-0.09,0.44
76.93,2.16,-0.09,0.44
76.94,2.16,-0.09,0.44
76.95,2.16,-0.09,0.44
76.96,2.16,-0.1,0.44
76.97,2.15,-0.1,0.44
76.98,2.15,-0.1,0.44
76.99,2.15,-0.1,0.44
77.0,2.15,-0.1,0.44
77.01,2.15,-0.1,0.44
77.02,2.15,-0.1,0.44
77.03,2.15,-0.1,0.44
77.04,2.15,-0.1,0.44
77.05,2.15,-0.1,0.44
77.06,2.15,-0.1,0.44
77.07,2.14,-0.1,0.44
77.08,2.14,-0.1,0.44
77.09,2.14,-0.1,0.44
77.1,2.14,-0.1,0.44
77.11,2.14,-0.1,0.44
77.12,2.14,-0.1,0.44
77.13,2.14,-0.1,0.44
77.14,2.14,-0.1,0.44
77.15,2.14,-0.1,0.44
77.16,2.14,-0.1,0.44
77.17,2.14,-0.1,0.44
77.18,2.13,-0.1,0.44
77.19,2.13,-0.1,0.44
77.2,2.13,-0.1,0.44
77.21,2.13,-0.1,0.44
77.22,2.13,-0.1,0.44
77.23,2.13,-0.1,0.44
77.24,2.13,-0.1,0.44
77.25,2.13,-0.1,0.44
77.26,2.13,-0.1,0.44
77.27,2.13,-0.1,0.44
77.28,2.12,-0.1,0.44
77.29,2.12,-0.1,0.44
77.3,2.12,-0.1,0.44
77.31,2.12,-0.1,0.44
77.32,2.12,-0.1,0.44
77.33,2.12,-0.1,0.44
77.34,2.12,-0.1,0.44
77.35,2.12,-0.1,0.44
77.36,2.12,-0.1,0.44
77.37,2.12,-0.1,0.44
77.38,2.11,-0.1,0.44
77.39,2.11,-0.1,0.44
77.4,2.11,-0.1,0.44
77.41,2.11,-0.1,0.44
77.42,2.11,-0.1,0.44
77.43,2.11,-0.1,0.44
77.44,2.11,-0.1,0.44
77.45,2.11,-0.1,0.44
77.46,2.11,-0.1,0.44
77.47,2.11,-0.1,0.44
77.48,2.11,-0.1,0.44
77.49,2.1,-0.1,0.44
77.5,2.1,-0.1,0.44
77.51,2.1,-0.1,0.44
77.52,2.1,-0.1,0.44
77.53,2.1,-0.1,0.44
77.54,2.1,-0.1,0.44
77.55,2.1,-0.1,0.44
77.56,2.1,-0.1,0.44
77.57,2.1,-0.1,0.44
77.58,2.1,-0.1,0.44
77.59,2.09,-0.1,0.44
77.6,2.09,-0.1,0.44
77.61,2.09,-0.1,0.44
77.62,2.09,-0.1,0.45
77.63,2.09,-0.1,0.45
77.64,2.09,-0.1,0.45
77.65,2.09,-0.1,0.45
77.66,2.09,-0.1,0.45
77.67,2.09,-0.1,0.45
77.68,2.09,-0.1,0.45
77.69,2.08,-0.1,0.45
77.7,2.08,-0.1,0.45
77.71,2.08,-0.1,0.45
77.72,2.08,-0.1,0.45
77.73,2.08,-0.1,0.45
77.74,2.08,-0.1,0.45
77.75,2.08,-0.1,0.45
77.76,2.08,-0.1,0.45
77.77,2.08,-0.1,0.45
77.78,2.08,-0.1,0.45
77.79,2.07,-0.1,0.45
77.8,2.07,-0.1,0.45
77.81,2.07,-0.1,0.45
77.82,2.07,-0.1,0.45
77.83,2.07,-0.1,0.45
77.84,2.07,-0.1,0.45
77.85,2.07,-0.1,0.45
77.86,2.07,-0.1,0.45
77.87,2.07,-0.1,0.45
77.88,2.07,-0.1,0.45
77.89,2.06,-0.1,0.45
77.9,2.06,-0.1,0.45
77.91,2.06,-0.1,0.45
77.92,2.06,-0.1,0.45
77.93,2.06,-0.1,0.45
77.94,2.06,-0.1,0.45
77.95,2.06,-0.1,0.45
77.96,2.06,-0.1,0.45
77.97,2.06,-0.1,0.45
77.98,2.06,-0.1,0.45
77.99,2.05,-0.1,0.45
78.0,2.05,-0.1,0.45
78.01,2.05,-0.1,0.45
78.02,2.05,-0.1,0.45
78.03,2.05,-0.1,0.45
78.04,2.05,-0.1,0.45
78.05,2.05,-0.1,0.45
78.06,2.05,-0.1,0.45
78.07,2.05,-0.1,0.45
78.08,2.05,-0.1,0.45
78.09,2.04,-0.1,0.45
78.1,2.04,-0.1,0.45
78.11,2.04,-0.1,0.45
78.12,2.04,-0.1,0.45
78.13,2.04,-0.1,0.45
78.14,2.04,-0.1,0.45
78.15,2.04,-0.1,0.45
78.16,2.04,-0.1,0.45
78.17,2.04,-0.1,0.45
78.18,2.04,-0.1,0.45
78.19,2.03,-0.1,0.45
78.2,2.03,-0.1,0.45
78.21,2.03,-0.1,0.45
78.22,2.03,-0.1,0.45
78.23,2.03,-0.1,0.45
78.24,2.03,-0.1,0.45
78.25,2.03,-0.1,0.45
78.26,2.03,-0.1,0.45
78.27,2.03,-0.1,0.45
78.28,2.03,-0.1,0.45
78.29,2.02,-0.1,0.45
78.3,2.02,-0.1,0.45
78.31,2.02,-0.1,0.45
78.32,2.02,-0.1,0.45
78.33,2.02,-0.1,0.45
78.34,2.02,-0.1,0.45
78.35,2.02,-0.1,0.45
78.36,2.02,-0.1,0.45
78.37,2.02,-0.1,0.45
78.38,2.02,-0.1,0.45
78.39,2.01,-0.1,0.45
78.4,2.01,-0.1,0.45
78.41,2.01,-0.1,0.45
78.42,2.01,-0.1,0.45
78.43,2.01,-0.1,0.45
78.44,2.01,-0.1,0.45
78.45,2.01,-0.1,0.45
78.46,2.01,-0.1,0.45
78.47,2.01,-0.1,0.45
78.48,2.01,-0.1,0.45
78.49,2.0,-0.1,0.45
78.5,2.0,-0.1,0.45
78.51,2.0,-0.1,0.45
78.52,2.0,-0.1,0.45
78.53,2.0,-0.1,0.45
78.54,2.0,-0.1,0.45
78.55,2.0,-0.1,0.45
78.56,2.0,-0.1,0.45
78.57,2.0,-0.1,0.45
78.58,2.0,-0.1,0.45
78.59,1.99,-0.1,0.45
78.6,1.99,-0.1,0.45
78.61,1.99,-0.1,0.45
78.62,1.99,-0.1,0.45
78.63,1.99,-0.1,0.45
78.64,1.99,-0.1,0.45
78.65,1.99,-0.1,0.45
78.66,1.99,-0.1,0.45
78.67,1.99,-0.1,0.45
78.68,1.99,-0.1,0.45
78.69,1.98,-0.1,0.45
78.7,1.98,-0.1,0.45
78.71,1.98,-0.1,0.45
78.72,1.98,-0.1,0.45
78.73,1.98,-0.1,0.45
78.74,1.98,-0.1,0.45
78.75,1.98,-0.1,0.45
78.76,1.98,-0.1,0.45
78.77,1.98,-0.1,0.45
78.78,1.98,-0.1,0.45
78.79,1.97,-0.1,0.45
78.8,1.97,-0.1,0.45
78.81,1.97,-0.1,0.45
78.82,1.97,-0.1,0.45
78.83,1.97,-0.1,0.45
78.84,1.97,-0.1,0.45
78.85,1.97,-0.1,0.45
78.86,1.97,-0.1,0.45
78.87,1.97,-0.1,0.45
78.88,1.97,-0.1,0.45
78.89,1.97,-0.1,0.45
78.9,1.96,-0.1,0.45
78.91,1.96,-0.1,0.45
78.92,1.96,-0.1,0.45
78.93,1.96,-0.1,0.45
78.94,1.96,-0.1,0.45
78.95,1.96,-0.1,0.45
78.96,1.96,-0.1,0.45
78.97,1.96,-0.1,0.45
78.98,1.96,-0.1,0.45
78.99,1.96,-0.1,0.45
79.0,1.95,-0.1,0.45
79.01,1.95,-0.1,0.45
79.02,1.95,-0.1,0.45
79.03,1.95,-0.1,0.45
79.04,1.95,-0.1,0.45
79.05,1.95,-0.1,0.45
79.06,1.95,-0.1,0.45
79.07,1.95,-0.1,0.45
79.08,1.95,-0.1,0.45
79.09,1.95,-0.1,0.45
79.1,1.94,-0.1,0.45
79.11,1.94,-0.1,0.45
79.12,1.94,-0.1,0.45
79.13,1.94,-0.1,0.45
79.14,1.94,-0.1,0.45
79.15,1.94,-0.1,0.45
79.16,1.94,-0.1,0.45
79.17,1.94,-0.1,0.45
79.18,1.94,-0.1,0.45
79.19,1.94,-0.1,0.45
79.2,1.93,-0.1,0.45
79.21,1.93,-0.1,0.45
79.22,1.93,-0.1,0.45
79.23,1.93,-0.1,0.45
79.24,1.93,-0.1,0.45
79.25,1.93,-0.1,0.45
79.26,1.93,-0.1,0.45
79.27,1.93,-0.1,0.45
79.28,1.93,-0.1,0.45
79.29,1.93,-0.1,0.45
79.3,1.92,-0.1,0.45
79.31,1.92,-0.1,0.45
79.32,1.92,-0.1,0.45
79.33,1.92,-0.1,0.45
79.34,1.92,-0.1,0.45
79.35,1.92,-0.1,0.45
79.36,1.92,-0.1,0.45
79.37,1.92,-0.1,0.45
79.38,1.92,-0.1,0.45
79.39,1.92,-0.1,0.45
79.4,1.91,-0.1,0.45
79.41,1.91,-0.1,0.45
79.42,1.91,-0.1,0.45
79.43,1.91,-0.1,0.45
79.44,1.91,-0.1,0.45
79.45,1.91,-0.1,0.45
79.46,1.91,-0.1,0.45
79.47,1.91,-0.1,0.45
79.48,1.91,-0.1,0.45
79.49,1.91,-0.1,0.45
79.5,1.9,-0.1,0.45
79.51,1.9,-0.1,0.45
79.52,1.9,-0.1,0.45
79.53,1.9,-0.1,0.45
79.54,1.9,-0.1,0.45
79.55,1.9,-0.1,0.45
79.56,1.9,-0.1,0.45
79.57,1.9,-0.1,0.45
79.58,1.9,-0.1,0.45
79.59,1.9,-0.1,0.45
79.6,1.89,-0.1,0.45
79.61,1.89,-0.1,0.45
79.62,1.89,-0.1,0.45
79.63,1.89,-0.1,0.45
79.64,1.89,-0.1,0.45
79.65,1.89,-0.1,0.45
79.66,1.89,-0.1,0.45
79.67,1.89,-0.1,0.45
79.68,1.89,-0.1,0.45
79.69,1.89,-0.1,0.45
79.7,1.89,-0.1,0.45
79.71,1.88,-0.1,0.45
79.72,1.88,-0.1,0.45
79.73,1.88,-0.1,0.45
79.74,1.88,-0.1,0.45
79.75,1.88,-0.1,0.45
79.76,1.88,-0.1,0.45
79.77,1.88,-0.1,0.45
79.78,1.88,-0.1,0.45
79.79,1.88,-0.1,0.45
79.8,1.88,-0.1,0.45
79.81,1.87,-0.1,0.45
79.82,1.87,-0.1,0.45
79.83,1.87,-0.1,0.45
79.84,1.87,-0.1,0.45
79.85,1.87,-0.1,0.45
79.86,1.87,-0.1,0.45
79.87,1.87,-0.1,0.45
79.88,1.87,-0.1,0.45
79.89,1.87,-0.1,0.45
79.9,1.87,-0.1,0.45
79.91,1.86,-0.1,0.45
79.92,1.86,-0.1,0.45
79.93,1.86,-0.1,0.45
79.94,1.86,-0.1,0.45
79.95,1.86,-0.1,0.45
79.96,1.86,-0.1,0.45
79.97,1.86,-0.1,0.45
79.98,1.86,-0.1,0.45
79.99,1.86,-0.1,0.45
80.0,1.86,-0.1,0.45
80.01,1.86,-0.1,0.45
80.02,1.85,-0.1,0.45
80.03,1.85,-0.1,0.45
80.04,1.85,-0.1,0.45
80.05,1.85,-0.1,0.45
80.06,1.85,-0.1,0.45
80.07,1.85,-0.1,0.45
80.08,1.85,-0.1,0.45
80.09,1.85,-0.1,0.45
80.1,1.85,-0.1,0.45
80.11,1.85,-0.1,0.45
80.12,1.84,-0.1,0.45
80.13,1.84,-0.09,0.45
80.14,1.84,-0.09,0.45
80.15,1.84,-0.09,0.45
80.16,1.84,-0.09,0.45
80.17,1.84,-0.09,0.45
80.18,1.84,-0.09,0.45
80.19,1.84,-0.09,0.45
80.2,1.84,-0.09,0.45
80.21,1.84,-0.09,0.45
80.22,1.84,-0.09,0.45
80.23,1.83,-0.09,0.45
80.24,1.83,-0.09,0.45
80.25,1.83,-0.09,0.45
80.26,1.83,-0.09,0.45
80.27,1.83,-0.09,0.45
80.28,1.83,-0.09,0.45
80.29,1.83,-0.09,0.45
80.3,1.83,-0.09,0.45
80.31,1.83,-0.09,0.45
80.32,1.83,-0.09,0.45
80.33,1.82,-0.09,0.45
80.34,1.82,-0.09,0.45
80.35,1.82,-0.09,0.45
80.36,1.82,-0.09,0.45
80.37,1.82,-0.09,0.45
80.38,1.82,-0.09,0.45
80.39,1.82,-0.09,0.45
80.4,1.82,-0.09,0.45
80.41,1.82,-0.09,0.45
80.42,1.82,-0.09,0.45
80.43,1.82,-0.09,0.45
80.44,1.81,-0.09,0.45
80.45,1.81,-0.09,0.45
80.46,1.81,-0.09,0.45
80.47,1.81,-0.09,0.45
80.48,1.81,-0.09,0.45
80.49,1.81,-0.09,0.45
80.5,1.81,-0.09,0.45
80.51,1.81,-0.09,0.45
80.52,1.81,-0.09,0.45
80.53,1.81,-0.09,0.45
80.54,1.81,-0.09,0.45
80.55,1.8,-0.09,0.45
80.56,1.8,-0.09,0.45
80.57,1.8,-0.09,0.45
80.58,1.8,-0.09,0.45
80.59,1.8,-0.09,0.45
80.6,1.8,-0.09,0.45
80.61,1.8,-0.09,0.45
80.62,1.8,-0.09,0.45
80.63,1.8,-0.09,0.45
80.64,1.8,-0.09,0.45
80.65,1.8,-0.09,0.45
80.66,1.79,-0.09,0.45
80.67,1.79,-0.09,0.45
80.68,1.79,-0.09,0.45
80.69,1.79,-0.09,0.45
80.7,1.79,-0.09,0.45
80.71,1.79,-0.09,0.45
80.72,1.79,-0.09,0.45
80.73,1.79,-0.09,0.45
80.74,1.79,-0.09,0.45
80.75,1.79,-0.09,0.45
80.76,1.79,-0.09,0.45
80.77,1.78,-0.09,0.45
80.78,1.78,-0.09,0.45
80.79,1.78,-0.09,0.45
80.8,1.78,-0.09,0.45
80.81,1.78,-0.09,0.45
80.82,1.78,-0.09,0.45
80.83,1.78,-0.09,0.45
80.84,1.78,-0.09,0.45
80.85,1.78,-0.09,0.45
80.86,1.78,-0.09,0.45
80.87,1.78,-0.09,0.45
80.88,1.77,-0.09,0.45
80.89,1.77,-0.09,0.45
80.9,1.77,-0.09,0.45
80.91,1.77,-0.09,0.45
80.92,1.77,-0.09,0.45
80.93,1.77,-0.09,0.45
80.94,1.77,-0.09,0.45
80.95,1.77,-0.09,0.45
80.96,1.77,-0.09,0.45
80.97,1.77,-0.09,0.45
80.98,1.77,-0.09,0.45
80.99,1.76,-0.09,0.45
81.0,1.76,-0.09,0.45
81.01,1.76,-0.09,0.45
81.02,1.76,-0.09,0.45
81.03,1.76,-0.09,0.45
81.04,1.76,-0.09,0.45
81.05,1.76,-0.09,0.45
81.06,1.76,-0.09,0.45
81.07,1.76,-0.09,0.45
81.08,1.76,-0.09,0.45
81.09,1.76,-0.09,0.45
81.1,1.76,-0.09,0.45
81.11,1.75,-0.09,0.45
81.12,1.75,-0.09,0.45
81.13,1.75,-0.09,0.45
81.14,1.75,-0.09,0.45
81.15,1.75,-0.09,0.45
81.16,1.75,-0.09,0.45
81.17,1.75,-0.09,0.45
81.18,1.75,-0.09,0.45
81.19,1.75,-0.09,0.45
81.2,1.75,-0.09,0.45
81.21,1.75,-0.09,0.45
81.22,1.74,-0.09,0.45
81.23,1.74,-0.09,0.45
81.24,1.74,-0.09,0.45
81.25,1.74,-0.09,0.45
81.26,1.74,-0.09,0.45
81.27,1.74,-0.09,0.45
81.28,1.74,-0.09,0.45
81.29,1.74,-0.09,0.45
81.3,1.74,-0.09,0.45
81.31,1.74,-0.09,0.45
81.32,1.74,-0.08,0.45
81.33,1.74,-0.08,0.45
81.34,1.73,-0.08,0.45
81.35,1.73,-0.08,0.45
81.36,1.73,-0.08,0.45
81.37,1.73,-0.08,0.45
81.38,1.73,-0.08,0.45
81.39,1.73,-0.08,0.45
81.4,1.73,-0.08,0.45
81.41,1.73,-0.08,0.45
81.42,1.73,-0.08,0.45
81.43,1.73,-0.08,0.45
81.44,1.73,-0.08,0.45
81.45,1.73,-0.08,0.45
81.46,1.72,-0.08,0.45
81.47,1.72,-0.08,0.45
81.48,1.72,-0.08,0.45
81.49,1.72,-0.08,0.45
81.5,1.72,-0.08,0.45
81.51,1.72,-0.08,0.45
81.52,1.72,-0.08,0.45
81.53,1.72,-0.08,0.45
81.54,1.72,-0.08,0.45
81.55,1.72,-0.08,0.45
81.56,1.72,-0.08,0.45
81.57,1.72,-0.08,0.45
81.58,1.71,-0.08,0.45
81.59,1.71,-0.08,0.45
81.6,1.71,-0.08,0.45
81.61,1.71,-0.08,0.45
81.62,1.71,-0.08,0.45
81.63,1.71,-0.08,0.45
81.64,1.71,-0.08,0.45
81.65,1.71,-0.08,0.45
81.66,1.71,-0.08,0.45
81.67,1.71,-0.08,0.45
81.68,1.71,-0.08,0.45
81.69,1.71,-0.08,0.45
81.7,1.7,-0.08,0.45
81.71,1.7,-0.08,0.45
81.72,1.7,-0.08,0.45
81.73,1.7,-0.08,0.45
81.74,1.7,-0.08,0.45
81.75,1.7,-0.08,0.45
81.76,1.7,-0.08,0.45
81.77,1.7,-0.08,0.45
81.78,1.7,-0.08,0.44
81.79,1.7,-0.08,0.44
81.8,1.7,-0.08,0.44
81.81,1.7,-0.08,0.44
81.82,1.7,-0.08,0.44
81.83,1.69,-0.08,0.44
81.84,1.69,-0.08,0.44
81.85,1.69,-0.08,0.44
81.86,1.69,-0.08,0.44
81.87,1.69,-0.08,0.44
81.88,1.69,-0.08,0.44
81.89,1.69,-0.08,0.44
81.9,1.69,-0.08,0.44
81.91,1.69,-0.08,0.44
81.92,1.69,-0.08,0.44
81.93,1.69,-0.08,0.44
81.94,1.69,-0.08,0.44
81.95,1.68,-0.08,0.44
81.96,1.68,-0.08,0.44
81.97,1.68,-0.08,0.44
81.98,1.68,-0.08,0.44
81.99,1.68,-0.08,0.44
82.0,1.68,-0.08,0.44
82.01,1.68,-0.08,0.44
82.02,1.68,-0.08,0.44
82.03,1.68,-0.08,0.44
82.04,1.68,-0.08,0.44
82.05,1.68,-0.08,0.44
82.06,1.68,-0.08,0.44
82.07,1.68,-0.08,0.44
82.08,1.67,-0.08,0.44
82.09,1.67,-0.08,0.44
82.1,1.67,-0.08,0.44
82.11,1.67,-0.08,0.44
82.12,1.67,-0.08,0.44
82.13,1.67,-0.08,0.44
82.14,1.67,-0.08,0.44
82.15,1.67,-0.08,0.44
82.16,1.67,-0.07,0.44
82.17,1.67,-0.07,0.44
82.18,1.67,-0.07,0.44
82.19,1.67,-0.07,0.44
82.2,1.67,-0.07,0.44
82.21,1.67,-0.07,0.44
82.22,1.66,-0.07,0.44
82.23,1.66,-0.07,0.44
82.24,1.66,-0.07,0.44
82.25,1.66,-0.07,0.44
82.26,1.66,-0.07,0.44
82.27,1.66,-0.07,0.44
82.28,1.66,-0.07,0.44
82.29,1.66,-0.07,0.44
82.3,1.66,-0.07,0.44
82.31,1.66,-0.07,0.44
82.32,1.66,-0.07,0.44
82.33,1.66,-0.07,0.44
82.34,1.66,-0.07,0.44
82.35,1.65,-0.07,0.44
82.36,1.65,-0.07,0.44
82.37,1.65,-0.07,0.44
82.38,1.65,-0.07,0.44
82.39,1.65,-0.07,0.44
82.4,1.65,-0.07,0.44
82.41,1.65,-0.07,0.44
82.42,1.65,-0.07,0.44
82.43,1.65,-0.07,0.44
82.44,1.65,-0.07,0.44
82.45,1.65,-0.07,0.44
82.46,1.65,-0.07,0.44
82.47,1.65,-0.07,0.44
82.48,1.65,-0.07,0.44
82.49,1.64,-0.07,0.44
82.5,1.64,-0.07,0.44
82.51,1.64,-0.07,0.44
82.52,1.64,-0.07,0.44
82.53,1.64,-0.07,0.44
82.54,1.64,-0.07,0.44
82.55,1.64,-0.07,0.44
82.56,1.64,-0.07,0.44
82.57,1.64,-0.07,0.44
82.58,1.64,-0.07,0.44
82.59,1.64,-0.07,0.44
82.6,1.64,-0.07,0.44
82.61,1.64,-0.07,0.44
82.62,1.64,-0.07,0.44
82.63,1.64,-0.07,0.44
82.64,1.63,-0.07,0.44
82.65,1.63,-0.07,0.44
82.66,1.63,-0.07,0.44
82.67,1.63,-0.07,0.44
82.68,1.63,-0.07,0.44
82.69,1.63,-0.07,0.44
82.7,1.63,-0.07,0.44
82.71,1.63,-0.07,0.44
82.72,1.63,-0.07,0.44
82.73,1.63,-0.07,0.44
82.74,1.63,-0.07,0.44
82.75,1.63,-0.07,0.44
82.76,1.63,-0.07,0.44
82.77,1.63,-0.07,0.44
82.78,1.63,-0.07,0.44
82.79,1.62,-0.07,0.44
82.8,1.62,-0.07,0.44
82.81,1.62,-0.07,0.44
82.82,1.62,-0.07,0.44
82.83,1.62,-0.07,0.44
82.84,1.62,-0.07,0.44
82.85,1.62,-0.07,0.44
82.86,1.62,-0.06,0.44
82.87,1.62,-0.06,0.44
82.88,1.62,-0.06,0.44
82.89,1.62,-0.06,0.44
82.9,1.62,-0.06,0.44
82.91,1.62,-0.06,0.44
82.92,1.62,-0.06,0.44
82.93,1.62,-0.06,0.44
82.94,1.61,-0.06,0.44
82.95,1.61,-0.06,0.44
82.96,1.61,-0.06,0.44
82.97,1.61,-0.06,0.44
82.98,1.61,-0.06,0.44
82.99,1.61,-0.06,0.44
83.0,1.61,-0.06,0.44
83.01,1.61,-0.06,0.44
83.02,1.61,-0.06,0.44
83.03,1.61,-0.06,0.44
83.04,1.61,-0.06,0.44
83.05,1.61,-0.06,0.44
83.06,1.61,-0.06,0.44
83.07,1.61,-0.06,0.44
83.08,1.61,-0.06,0.44
83.09,1.61,-0.06,0.44
83.1,1.6,-0.06,0.44
83.11,1.6,-0.06,0.44
83.12,1.6,-0.06,0.44
83.13,1.6,-0.06,0.44
83.14,1.6,-0.06,0.44
83.15,1.6,-0.06,0.44
83.16,1.6,-0.06,0.44
83.17,1.6,-0.06,0.44
83.18,1.6,-0.06,0.44
83.19,1.6,-0.06,0.44
83.2,1.6,-0.06,0.44
83.21,1.6,-0.06,0.44
83.22,1.6,-0.06,0.44
83.23,1.6,-0.06,0.44
83.24,1.6,-0.06,0.43
83.25,1.6,-0.06,0.43
83.26,1.6,-0.06,0.43
83.27,1.59,-0.06,0.43
83.28,1.59,-0.06,0.43
83.29,1.59,-0.06,0.43
83.3,1.59,-0.06,0.43
83.31,1.59,-0.06,0.43
83.32,1.59,-0.06,0.43
83.33,1.59,-0.06,0.43
83.34,1.59,-0.06,0.43
83.35,1.59,-0.06,0.43
83.36,1.59,-0.06,0.43
83.37,1.59,-0.06,0.43
83.38,1.59,-0.06,0.43
83.39,1.59,-0.06,0.43
83.4,1.59,-0.06,0.43
83.41,1.59,-0.06,0.43
83.42,1.59,-0.06,0.43
83.43,1.59,-0.06,0.43
83.44,1.58,-0.06,0.43
83.45,1.58,-0.06,0.43
83.46,1.58,-0.06,0.43
83.47,1.58,-0.06,0.43
83.48,1.58,-0.06,0.43
83.49,1.58,-0.05,0.43
83.5,1.58,-0.05,0.43
83.51,1.58,-0.05,0.43
83.52,1.58,-0.05,0.43
83.53,1.58,-0.05,0.43
83.54,1.58,-0.05,0.43
83.55,1.58,-0.05,0.43
83.56,1.58,-0.05,0.43
83.57,1.58,-0.05,0.43
83.58,1.58,-0.05,0.43
83.59,1.58,-0.05,0.43
83.6,1.58,-0.05,0.43
83.61,1.58,-0.05,0.43
83.62,1.57,-0.05,0.43
83.63,1.57,-0.05,0.43
83.64,1.57,-0.05,0.43
83.65,1.57,-0.05,0.43
83.66,1.57,-0.05,0.43
83.67,1.57,-0.05,0.43
83.68,1.57,-0.05,0.43
83.69,1.57,-0.05,0.43
83.7,1.57,-0.05,0.43
83.71,1.57,-0.05,0.43
83.72,1.57,-0.05,0.43
83.73,1.57,-0.05,0.43
83.74,1.57,-0.05,0.43
83.75,1.57,-0.05,0.43
83.76,1.57,-0.05,0.43
83.77,1.57,-0.05,0.43
83.78,1.57,-0.05,0.43
83.79,1.57,-0.05,0.43
83.8,1.57,-0.05,0.43
83.81,1.57,-0.05,0.43
83.82,1.56,-0.05,0.43
83.83,1.56,-0.05,0.43
83.84,1.56,-0.05,0.43
83.85,1.56,-0.05,0.43
83.86,1.56,-0.05,0.43
83.87,1.56,-0.05,0.43
83.88,1.56,-0.05,0.43
83.89,1.56,-0.05,0.43
83.9,1.56,-0.05,0.43
83.91,1.56,-0.05,0.43
83.92,1.56,-0.05,0.43
83.93,1.56,-0.05,0.43
83.94,1.56,-0.05,0.43
83.95,1.56,-0.05,0.43
83.96,1.56,-0.05,0.43
83.97,1.56,-0.05,0.43
83.98,1.56,-0.05,0.43
83.99,1.56,-0.05,0.43
84.0,1.56,-0.05,0.43
84.01,1.56,-0.05,0.43
84.02,1.56,-0.05,0.43
84.03,1.55,-0.05,0.43
84.04,1.55,-0.05,0.43
84.05,1.55,-0.05,0.43
84.06,1.55,-0.04,0.43
84.07,1.55,-0.04,0.43
84.08,1.55,-0.04,0.43
84.09,1.55,-0.04,0.43
84.1,1.55,-0.04,0.43
84.11,1.55,-0.04,0.43
84.12,1.55,-0.04,0.43
84.13,1.55,-0.04,0.43
84.14,1.55,-0.04,0.43
84.15,1.55,-0.04,0.43
84.16,1.55,-0.04,0.43
84.17,1.55,-0.04,0.43
84.18,1.55,-0.04,0.43
84.19,1.55,-0.04,0.43
84.2,1.55,-0.04,0.43
84.21,1.55,-0.04,0.43
84.22,1.55,-0.04,0.43
84.23,1.55,-0.04,0.43
84.24,1.55,-0.04,0.43
84.25,1.55,-0.04,0.42
84.26,1.54,-0.04,0.42
84.27,1.54,-0.04,0.42
84.28,1.54,-0.04,0.42
84.29,1.54,-0.04,0.42
84.3,1.54,-0.04,0.42
84.31,1.54,-0.04,0.42
84.32,1.54,-0.04,0.42
84.33,1.54,-0.04,0.42
84.34,1.54,-0.04,0.42
84.35,1.54,-0.04,0.42
84.36,1.54,-0.04,0.42
84.37,1.54,-0.04,0.42
84.38,1.54,-0.04,0.42
84.39,1.54,-0.04,0.42
84.4,1.54,-0.04,0.42
84.41,1.54,-0.04,0.42
84.42,1.54,-0.04,0.42
84.43,1.54,-0.04,0.42
84.44,1.54,-0.04,0.42
84.45,1.54,-0.04,0.42
84.46,1.54,-0.04,0.42
84.47,1.54,-0.04,0.42
84.48,1.54,-0.04,0.42
84.49,1.54,-0.04,0.42
84.5,1.54,-0.04,0.42
84.51,1.54,-0.04,0.42
84.52,1.53,-0.04,0.42
84.53,1.53,-0.04,0.42
84.54,1.53,-0.04,0.42
84.55,1.53,-0.04,0.42
84.56,1.53,-0.04,0.42
84.57,1.53,-0.04,0.42
84.58,1.53,-0.04,0.42
84.59,1.53,-0.04,0.42
84.6,1.53,-0.04,0.42
84.61,1.53,-0.03,0.42
84.62,1.53,-0.03,0.42
84.63,1.53,-0.03,0.42
84.64,1.53,-0.03,0.42
84.65,1.53,-0.03,0.42
84.66,1.53,-0.03,0.42
84.67,1.53,-0.03,0.42
84.68,1.53,-0.03,0.42
84.69,1.53,-0.03,0.42
84.7,1.53,-0.03,0.42
84.71,1.53,-0.03,0.42
84.72,1.53,-0.03,0.42
84.73,1.53,-0.03,0.42
84.74,1.53,-0.03,0.42
84.75,1.53,-0.03,0.42
84.76,1.53,-0.03,0.42
84.77,1.53,-0.03,0.42
84.78,1.53,-0.03,0.42
84.79,1.53,-0.03,0.42
84.8,1.53,-0.03,0.42
84.81,1.52,-0.03,0.42
84.82,1.52,-0.03,0.42
84.83,1.52,-0.03,0.42
84.84,1.52,-0.03,0.42
84.85,1.52,-0.03,0.42
84.86,1.52,-0.03,0.42
84.87,1.52,-0.03,0.42
84.88,1.52,-0.03,0.42
84.89,1.52,-0.03,0.42
84.9,1.52,-0.03,0.42
84.91,1.52,-0.03,0.42
84.92,1.52,-0.03,0.42
84.93,1.52,-0.03,0.42
84.94,1.52,-0.03,0.42
84.95,1.52,-0.03,0.42
84.96,1.52,-0.03,0.42
84.97,1.52,-0.03,0.42
84.98,1.52,-0.03,0.42
84.99,1.52,-0.03,0.42
85.0,1.52,-0.03,0.42
85.01,1.52,-0.03,0.42
85.02,1.52,-0.03,0.42
85.03,1.52,-0.03,0.42
85.04,1.52,-0.03,0.42
85.05,1.52,-0.03,0.42
85.06,1.52,-0.03,0.42
85.07,1.52,-0.03,0.42
85.08,1.52,-0.03,0.42
85.09,1.52,-0.03,0.42
85.1,1.52,-0.03,0.41
85.11,1.52,-0.03,0.41
85.12,1.52,-0.03,0.41
85.13,1.52,-0.03,0.41
85.14,1.52,-0.02,0.41
85.15,1.52,-0.02,0.41
85.16,1.52,-0.02,0.41
85.17,1.51,-0.02,0.41
85.18,1.51,-0.02,0.41
85.19,1.51,-0.02,0.41
85.2,1.51,-0.02,0.41
85.21,1.51,-0.02,0.41
85.22,1.51,-0.02,0.41
85.23,1.51,-0.02,0.41
85.24,1.51,-0.02,0.41
85.25,1.51,-0.02,0.41
85.26,1.51,-0.02,0.41
85.27,1.51,-0.02,0.41
85.28,1.51,-0.02,0.41
85.29,1.51,-0.02,0.41
85.3,1.51,-0.02,0.41
85.31,1.51,-0.02,0.41
85.32,1.51,-0.02,0.41
85.33,1.51,-0.02,0.41
85.34,1.51,-0.02,0.41
85.35,1.51,-0.02,0.41
85.36,1.51,-0.02,0.41
85.37,1.51,-0.02,0.41
85.38,1.51,-0.02,0.41
85.39,1.51,-0.02,0.41
85.4,1.51,-0.02,0.41
85.41,1.51,-0.02,0.41
85.42,1.51,-0.02,0.41
85.43,1.51,-0.02,0.41
85.44,1.51,-0.02,0.41
85.45,1.51,-0.02,0.41
85.46,1.51,-0.02,0.41
85.47,1.51,-0.02,0.41
85.48,1.51,-0.02,0.41
85.49,1.51,-0.02,0.41
85.5,1.51,-0.02,0.41
85.51,1.51,-0.02,0.41
85.52,1.51,-0.02,0.41
85.53,1.51,-0.02,0.41
85.54,1.51,-0.02,0.41
85.55,1.51,-0.02,0.41
85.56,1.51,-0.02,0.41
85.57,1.51,-0.02,0.41
85.58,1.51,-0.02,0.41
85.59,1.51,-0.02,0.41
85.6,1.51,-0.02,0.41
85.61,1.51,-0.02,0.41
85.62,1.51,-0.02,0.41
85.63,1.51,-0.02,0.41
85.64,1.51,-0.02,0.41
85.65,1.51,-0.01,0.41
85.66,1.51,-0.01,0.41
85.67,1.51,-0.01,0.41
85.68,1.51,-0.01,0.41
85.69,1.5,-0.01,0.41
85.7,1.5,-0.01,0.41
85.71,1.5,-0.01,0.41
85.72,1.5,-0.01,0.41
85.73,1.5,-0.01,0.41
85.74,1.5,-0.01,0.41
85.75,1.5,-0.01,0.41
85.76,1.5,-0.01,0.41
85.77,1.5,-0.01,0.41
85.78,1.5,-0.01,0.41
85.79,1.5,-0.01,0.41
85.8,1.5,-0.01,0.41
85.81,1.5,-0.01,0.41
85.82,1.5,-0.01,0.41
85.83,1.5,-0.01,0.41
85.84,1.5,-0.01,0.41
85.85,1.5,-0.01,0.41
85.86,1.5,-0.01,0.41
85.87,1.5,-0.01,0.4
85.88,1.5,-0.01,0.4
85.89,1.5,-0.01,0.4
85.9,1.5,-0.01,0.4
85.91,1.5,-0.01,0.4
85.92,1.5,-0.01,0.4
85.93,1.5,-0.01,0.4
85.94,1.5,-0.01,0.4
85.95,1.5,-0.01,0.4
85.96,1.5,-0.01,0.4
85.97,1.5,-0.01,0.4
85.98,1.5,-0.01,0.4
85.99,1.5,-0.01,0.4
86.0,1.5,-0.01,0.4
86.01,1.5,-0.01,0.4
86.02,1.5,-0.01,0.4
86.03,1.5,-0.01,0.4
86.04,1.5,-0.01,0.4
86.05,1.5,-0.01,0.4
86.06,1.5,-0.01,0.4
86.07,1.5,-0.01,0.4
86.08,1.5,-0.01,0.4
86.09,1.5,-0.01,0.4
86.1,1.5,-0.01,0.4
86.11,1.5,-0.01,0.4
86.12,1.5,-0.01,0.4
86.13,1.5,-0.01,0.4
86.14,1.5,-0.01,0.4
86.15,1.5,-0.0,0.4
86.16,1.5,-0.0,0.4
86.17,1.5,-0.0,0.4
86.18,1.5,-0.0,0.4
86.19,1.5,-0.0,0.4
86.2,1.5,-0.0,0.4
86.21,1.5,-0.0,0.4
86.22,1.5,-0.0,0.4
86.23,1.5,-0.0,0.4
86.24,1.5,-0.0,0.4
86.25,1.5,-0.0,0.4
86.26,1.5,-0.0,0.4
86.27,1.5,-0.0,0.4
86.28,1.5,-0.0,0.4
86.29,1.5,-0.0,0.4
86.3,1.5,-0.0,0.4
86.31,1.5,-0.0,0.4
86.32,1.5,-0.0,0.4
86.33,1.5,-0.0,0.4
86.34,1.5,-0.0,0.4
86.35,1.5,-0.0,0.4
86.36,1.5,-0.0,0.4
86.37,1.5,-0.0,0.4
86.38,1.5,-0.0,0.4
86.39,1.5,-0.0,0.4
86.4,1.5,0.0,0.4
86.41,1.5,0.0,0.4
86.42,1.5,0.0,0.4
86.43,1.5,0.0,0.4
86.44,1.5,0.0,0.4
86.45,1.5,0.0,0.4
86.46,1.5,0.0,0.4
86.47,1.5,0.0,0.4
86.48,1.5,0.0,0.4
86.49,1.5,0.0,0.4
86.5,1.5,0.0,0.4
86.51,1.5,0.0,0.4
86.52,1.5,0.0,0.4
86.53,1.5,0.0,0.4
86.54,1.5,0.0,0.4
86.55,1.5,0.0,0.4
86.56,1.5,0.0,0.4
86.57,1.5,0.0,0.4
86.58,1.5,0.0,0.4
86.59,1.5,0.0,0.4
86.6,1.5,0.0,0.4
86.61,1.5,0.0,0.4
86.62,1.5,0.0,0.39
86.63,1.5,0.0,0.39
86.64,1.5,0.0,0.39
86.65,1.5,0.01,0.39
86.66,1.5,0.01,0.39
86.67,1.5,0.01,0.39
86.68,1.5,0.01,0.39
86.69,1.5,0.01,0.39
86.7,1.5,0.01,0.39
86.71,1.5,0.01,0.39
86.72,1.5,0.01,0.39
86.73,1.5,0.01,0.39
86.74,1.5,0.01,0.39
86.75,1.5,0.01,0.39
86.76,1.5,0.01,0.39
86.77,1.5,0.01,0.39
86.78,1.5,0.01,0.39
86.79,1.5,0.01,0.39
86.8,1.5,0.01,0.39
86.81,1.5,0.01,0.39
86.82,1.5,0.01,0.39
86.83,1.5,0.01,0.39
86.84,1.5,0.01,0.39
86.85,1.5,0.01,0.39
86.86,1.5,0.01,0.39
86.87,1.5,0.01,0.39
86.88,1.5,0.01,0.39
86.89,1.5,0.01,0.39
86.9,1.5,0.01,0.39
86.91,1.5,0.01,0.39
86.92,1.5,0.01,0.39
86.93,1.5,0.01,0.39
86.94,1.5,0.01,0.39
86.95,1.5,0.01,0.39
86.96,1.5,0.01,0.39
86.97,1.5,0.01,0.39
86.98,1.5,0.01,0.39
86.99,1.5,0.01,0.39
87.0,1.5,0.01,0.39
87.01,1.5,0.01,0.39
87.02,1.5,0.01,0.39
87.03,1.5,0.01,0.39
87.04,1.5,0.01,0.39
87.05,1.5,0.01,0.39
87.06,1.5,0.01,0.39
87.07,1.5,0.01,0.39
87.08,1.5,0.01,0.39
87.09,1.5,0.01,0.39
87.1,1.5,0.01,0.39
87.11,1.51,0.01,0.39
87.12,1.51,0.01,0.39
87.13,1.51,0.01,0.39
87.14,1.51,0.01,0.39
87.15,1.51,0.02,0.39
87.16,1.51,0.02,0.39
87.17,1.51,0.02,0.39
87.18,1.51,0.02,0.39
87.19,1.51,0.02,0.39
87.2,1.51,0.02,0.39
87.21,1.51,0.02,0.39
87.22,1.51,0.02,0.39
87.23,1.51,0.02,0.39
87.24,1.51,0.02,0.39
87.25,1.51,0.02,0.39
87.26,1.51,0.02,0.39
87.27,1.51,0.02,0.39
87.28,1.51,0.02,0.39
87.29,1.51,0.02,0.39
87.3,1.51,0.02,0.39
87.31,1.51,0.02,0.39
87.32,1.51,0.02,0.39
87.33,1.51,0.02,0.39
87.34,1.51,0.02,0.39
87.35,1.51,0.02,0.39
87.36,1.51,0.02,0.39
87.37,1.51,0.02,0.39
87.38,1.51,0.02,0.39
87.39,1.51,0.02,0.38
87.4,1.51,0.02,0.38
87.41,1.51,0.02,0.38
87.42,1.51,0.02,0.38
87.43,1.51,0.02,0.38
87.44,1.51,0.02,0.38
87.45,1.51,0.02,0.38
87.46,1.51,0.02,0.38
87.47,1.51,0.02,0.38
87.48,1.51,0.02,0.38
87.49,1.51,0.02,0.38
87.5,1.51,0.02,0.38
87.51,1.51,0.02,0.38
87.52,1.51,0.02,0.38
87.53,1.51,0.02,0.38
87.54,1.51,0.02,0.38
87.55,1.51,0.02,0.38
87.56,1.51,0.02,0.38
87.57,1.51,0.02,0.38
87.58,1.51,0.02,0.38
87.59,1.51,0.02,0.38
87.6,1.51,0.02,0.38
87.61,1.51,0.02,0.38
87.62,1.51,0.02,0.38
87.63,1.52,0.02,0.38
87.64,1.52,0.02,0.38
87.65,1.52,0.02,0.38
87.66,1.52,0.03,0.38
87.67,1.52,0.03,0.38
87.68,1.52,0.03,0.38
87.69,1.52,0.03,0.38
87.7,1.52,0.03,0.38
87.71,1.52,0.03,0.38
87.72,1.52,0.03,0.38
87.73,1.52,0.03,0.38
87.74,1.52,0.03,0.38
87.75,1.52,0.03,0.38
87.76,1.52,0.03,0.38
87.77,1.52,0.03,0.38
87.78,1.52,0.03,0.38
87.79,1.52,0.03,0.38
87.8,1.52,0.03,0.38
87.81,1.52,0.03,0.38
87.82,1.52,0.03,0.38
87.83,1.52,0.03,0.38
87.84,1.52,0.03,0.38
87.85,1.52,0.03,0.38
87.86,1.52,0.03,0.38
87.87,1.52,0.03,0.38
87.88,1.52,0.03,0.38
87.89,1.52,0.03,0.38
87.9,1.52,0.03,0.38
87.91,1.52,0.03,0.38
87.92,1.52,0.03,0.38
87.93,1.52,0.03,0.38
87.94,1.52,0.03,0.38
87.95,1.52,0.03,0.38
87.96,1.52,0.03,0.38
87.97,1.52,0.03,0.38
87.98,1.52,0.03,0.38
87.99,1.53,0.03,0.38
88.0,1.53,0.03,0.38
88.01,1.53,0.03,0.38
88.02,1.53,0.03,0.38
88.03,1.53,0.03,0.38
88.04,1.53,0.03,0.38
88.05,1.53,0.03,0.38
88.06,1.53,0.03,0.38
88.07,1.53,0.03,0.38
88.08,1.53,0.03,0.38
88.09,1.53,0.03,0.38
88.1,1.53,0.03,0.38
88.11,1.53,0.03,0.38
88.12,1.53,0.03,0.38
88.13,1.53,0.03,0.38
88.14,1.53,0.03,0.38
88.15,1.53,0.03,0.38
88.16,1.53,0.03,0.38
88.17,1.53,0.03,0.38
88.18,1.53,0.03,0.38
88.19,1.53,0.04,0.38
88.2,1.53,0.04,0.37
88.21,1.53,0.04,0.37
88.22,1.53,0.04,0.37
88.23,1.53,0.04,0.37
88.24,1.53,0.04,0.37
88.25,1.53,0.04,0.37
88.26,1.53,0.04,0.37
88.27,1.53,0.04,0.37
88.28,1.54,0.04,0.37
88.29,1.54,0.04,0.37
88.3,1.54,0.04,0.37
88.31,1.54,0.04,0.37
88.32,1.54,0.04,0.37
88.33,1.54,0.04,0.37
88.34,1.54,0.04,0.37
88.35,1.54,0.04,0.37
88.36,1.54,0.04,0.37
88.37,1.54,0.04,0.37
88.38,1.54,0.04,0.37
88.39,1.54,0.04,0.37
88.4,1.54,0.04,0.37
88.41,1.54,0.04,0.37
88.42,1.54,0.04,0.37
88.43,1.54,0.04,0.37
88.44,1.54,0.04,0.37
88.45,1.54,0.04,0.37
88.46,1.54,0.04,0.37
88.47,1.54,0.04,0.37
88.48,1.54,0.04,0.37
88.49,1.54,0.04,0.37
88.5,1.54,0.04,0.37
88.51,1.54,0.04,0.37
88.52,1.54,0.04,0.37
88.53,1.54,0.04,0.37
88.54,1.55,0.04,0.37
88.55,1.55,0.04,0.37
88.56,1.55,0.04,0.37
88.57,1.55,0.04,0.37
88.58,1.55,0.04,0.37
88.59,1.55,0.04,0.37
88.6,1.55,0.04,0.37
88.61,1.55,0.04,0.37
88.62,1.55,0.04,0.37
88.63,1.55,0.04,0.37
88.64,1.55,0.04,0.37
88.65,1.55,0.04,0.37
88.66,1.55,0.04,0.37
88.67,1.55,0.04,0.37
88.68,1.55,0.04,0.37
88.69,1.55,0.04,0.37
88.7,1.55,0.04,0.37
88.71,1.55,0.04,0.37
88.72,1.55,0.04,0.37
88.73,1.55,0.05,0.37
88.74,1.55,0.05,0.37
88.75,1.55,0.05,0.37
88.76,1.55,0.05,0.37
88.77,1.56,0.05,0.37
88.78,1.56,0.05,0.37
88.79,1.56,0.05,0.37
88.8,1.56,0.05,0.37
88.81,1.56,0.05,0.37
88.82,1.56,0.05,0.37
88.83,1.56,0.05,0.37
88.84,1.56,0.05,0.37
88.85,1.56,0.05,0.37
88.86,1.56,0.05,0.37
88.87,1.56,0.05,0.37
88.88,1.56,0.05,0.37
88.89,1.56,0.05,0.37
88.9,1.56,0.05,0.37
88.91,1.56,0.05,0.37
88.92,1.56,0.05,0.37
88.93,1.56,0.05,0.37
88.94,1.56,0.05,0.37
88.95,1.56,0.05,0.37
88.96,1.56,0.05,0.37
88.97,1.56,0.05,0.37
88.98,1.57,0.05,0.37
88.99,1.57,0.05,0.37
89.0,1.57,0.05,0.37
89.01,1.57,0.05,0.37
89.02,1.57,0.05,0.37
89.03,1.57,0.05,0.37
89.04,1.57,0.05,0.37
89.05,1.57,0.05,0.37
89.06,1.57,0.05,0.37
89.07,1.57,0.05,0.37
89.08,1.57,0.05,0.37
89.09,1.57,0.05,0.37
89.1,1.57,0.05,0.37
89.11,1.57,0.05,0.37
89.12,1.57,0.05,0.37
89.13,1.57,0.05,0.36
89.14,1.57,0.05,0.36
89.15,1.57,0.05,0.36
89.16,1.57,0.05,0.36
89.17,1.58,0.05,0.36
89.18,1.58,0.05,0.36
89.19,1.58,0.05,0.36
89.2,1.58,0.05,0.36
89.21,1.58,0.05,0.36
89.22,1.58,0.05,0.36
89.23,1.58,0.05,0.36
89.24,1.58,0.05,0.36
89.25,1.58,0.05,0.36
89.26,1.58,0.05,0.36
89.27,1.58,0.05,0.36
89.28,1.58,0.05,0.36
89.29,1.58,0.05,0.36
89.3,1.58,0.05,0.36
89.31,1.58,0.06,0.36
89.32,1.58,0.06,0.36
89.33,1.58,0.06,0.36
89.34,1.58,0.06,0.36
89.35,1.58,0.06,0.36
89.36,1.59,0.06,0.36
89.37,1.59,0.06,0.36
89.38,1.59,0.06,0.36
89.39,1.59,0.06,0.36
89.4,1.59,0.06,0.36
89.41,1.59,0.06,0.36
89.42,1.59,0.06,0.36
89.43,1.59,0.06,0.36
89.44,1.59,0.06,0.36
89.45,1.59,0.06,0.36
89.46,1.59,0.06,0.36
89.47,1.59,0.06,0.36
89.48,1.59,0.06,0.36
89.49,1.59,0.06,0.36
89.5,1.59,0.06,0.36
89.51,1.59,0.06,0.36
89.52,1.59,0.06,0.36
89.53,1.6,0.06,0.36
89.54,1.6,0.06,0.36
89.55,1.6,0.06,0.36
89.56,1.6,0.06,0.36
89.57,1.6,0.06,0.36
89.58,1.6,0.06,0.36
89.59,1.6,0.06,0.36
89.6,1.6,0.06,0.36
89.61,1.6,0.06,0.36
89.62,1.6,0.06,0.36
89.63,1.6,0.06,0.36
89.64,1.6,0.06,0.36
89.65,1.6,0.06,0.36
89.66,1.6,0.06,0.36
89.67,1.6,0.06,0.36
89.68,1.6,0.06,0.36
89.69,1.6,0.06,0.36
89.7,1.61,0.06,0.36
89.71,1.61,0.06,0.36
89.72,1.61,0.06,0.36
89.73,1.61,0.06,0.36
89.74,1.61,0.06,0.36
89.75,1.61,0.06,0.36
89.76,1.61,0.06,0.36
89.77,1.61,0.06,0.36
89.78,1.61,0.06,0.36
89.79,1.61,0.06,0.36
89.8,1.61,0.06,0.36
89.81,1.61,0.06,0.36
89.82,1.61,0.06,0.36
89.83,1.61,0.06,0.36
89.84,1.61,0.06,0.36
89.85,1.61,0.06,0.36
89.86,1.62,0.06,0.36
89.87,1.62,0.06,0.36
89.88,1.62,0.06,0.36
89.89,1.62,0.06,0.36
89.9,1.62,0.06,0.36
89.91,1.62,0.06,0.36
89.92,1.62,0.06,0.36
89.93,1.62,0.06,0.36
89.94,1.62,0.07,0.36
89.95,1.62,0.07,0.36
89.96,1.62,0.07,0.36
89.97,1.62,0.07,0.36
89.98,1.62,0.07,0.36
89.99,1.62,0.07,0.36
90.0,1.62,0.07,0.36
90.01,1.63,0.07,0.36
90.02,1.63,0.07,0.36
90.03,1.63,0.07,0.36
90.04,1.63,0.07,0.36
90.05,1.63,0.07,0.36
90.06,1.63,0.07,0.36
90.07,1.63,0.07,0.36
90.08,1.63,0.07,0.36
90.09,1.63,0.07,0.36
90.1,1.63,0.07,0.36
90.11,1.63,0.07,0.36
90.12,1.63,0.07,0.36
90.13,1.63,0.07,0.36
90.14,1.63,0.07,0.36
90.15,1.63,0.07,0.36
90.16,1.64,0.07,0.36
90.17,1.64,0.07,0.36
90.18,1.64,0.07,0.36
90.19,1.64,0.07,0.36
90.2,1.64,0.07,0.36
90.21,1.64,0.07,0.36
90.22,1.64,0.07,0.36
90.23,1.64,0.07,0.36
90.24,1.64,0.07,0.36
90.25,1.64,0.07,0.36
90.26,1.64,0.07,0.36
90.27,1.64,0.07,0.36
90.28,1.64,0.07,0.36
90.29,1.64,0.07,0.36
90.3,1.64,0.07,0.36
90.31,1.65,0.07,0.36
90.32,1.65,0.07,0.36
90.33,1.65,0.07,0.36
90.34,1.65,0.07,0.35
90.35,1.65,0.07,0.35
90.36,1.65,0.07,0.35
90.37,1.65,0.07,0.35
90.38,1.65,0.07,0.35
90.39,1.65,0.07,0.35
90.4,1.65,0.07,0.35
90.41,1.65,0.07,0.35
90.42,1.65,0.07,0.35
90.43,1.65,0.07,0.35
90.44,1.65,0.07,0.35
90.45,1.66,0.07,0.35
90.46,1.66,0.07,0.35
90.47,1.66,0.07,0.35
90.48,1.66,0.07,0.35
90.49,1.66,0.07,0.35
90.5,1.66,0.07,0.35
90.51,1.66,0.07,0.35
90.52,1.66,0.07,0.35
90.53,1.66,0.07,0.35
90.54,1.66,0.07,0.35
90.55,1.66,0.07,0.35
90.56,1.66,0.07,0.35
90.57,1.66,0.07,0.35
90.58,1.67,0.07,0.35
90.59,1.67,0.07,0.35
90.6,1.67,0.07,0.35
90.61,1.67,0.07,0.35
90.62,1.67,0.07,0.35
90.63,1.67,0.07,0.35
90.64,1.67,0.08,0.35
90.65,1.67,0.08,0.35
90.66,1.67,0.08,0.35
90.67,1.67,0.08,0.35
90.68,1.67,0.08,0.35
90.69,1.67,0.08,0.35
90.7,1.67,0.08,0.35
90.71,1.68,0.08,0.35
90.72,1.68,0.08,0.35
90.73,1.68,0.08,0.35
90.74,1.68,0.08,0.35
90.75,1.68,0.08,0.35
90.76,1.68,0.08,0.35
90.77,1.68,0.08,0.35
90.78,1.68,0.08,0.35
90.79,1.68,0.08,0.35
90.8,1.68,0.08,0.35
90.81,1.68,0.08,0.35
90.82,1.68,0.08,0.35
90.83,1.68,0.08,0.35
90.84,1.68,0.08,0.35
90.85,1.69,0.08,0.35
90.86,1.69,0.08,0.35
90.87,1.69,0.08,0.35
90.88,1.69,0.08,0.35
90.89,1.69,0.08,0.35
90.9,1.69,0.08,0.35
90.91,1.69,0.08,0.35
90.92,1.69,0.08,0.35
90.93,1.69,0.08,0.35
90.94,1.69,0.08,0.35
90.95,1.69,0.08,0.35
90.96,1.69,0.08,0.35
90.97,1.7,0.08,0.35
90.98,1.7,0.08,0.35
90.99,1.7,0.08,0.35
91.0,1.7,0.08,0.35
91.01,1.7,0.08,0.35
91.02,1.7,0.08,0.35
91.03,1.7,0.08,0.35
91.04,1.7,0.08,0.35
91.05,1.7,0.08,0.35
91.06,1.7,0.08,0.35
91.07,1.7,0.08,0.35
91.08,1.7,0.08,0.35
91.09,1.7,0.08,0.35
91.1,1.71,0.08,0.35
91.11,1.71,0.08,0.35
91.12,1.71,0.08,0.35
91.13,1.71,0.08,0.35
91.14,1.71,0.08,0.35
91.15,1.71,0.08,0.35
91.16,1.71,0.08,0.35
91.17,1.71,0.08,0.35
91.18,1.71,0.08,0.35
91.19,1.71,0.08,0.35
91.2,1.71,0.08,0.35
91.21,1.71,0.08,0.35
91.22,1.72,0.08,0.35
91.23,1.72,0.08,0.35
91.24,1.72,0.08,0.35
91.25,1.72,0.08,0.35
91.26,1.72,0.08,0.35
91.27,1.72,0.08,0.35
91.28,1.72,0.08,0.35
91.29,1.72,0.08,0.35
91.3,1.72,0.08,0.35
91.31,1.72,0.08,0.35
91.32,1.72,0.08,0.35
91.33,1.72,0.08,0.35
91.34,1.73,0.08,0.35
91.35,1.73,0.08,0.35
91.36,1.73,0.08,0.35
91.37,1.73,0.08,0.35
91.38,1.73,0.08,0.35
91.39,1.73,0.08,0.35
91.4,1.73,0.08,0.35
91.41,1.73,0.08,0.35
91.42,1.73,0.08,0.35
91.43,1.73,0.08,0.35
91.44,1.73,0.08,0.35
91.45,1.73,0.08,0.35
91.46,1.74,0.08,0.35
91.47,1.74,0.08,0.35
91.48,1.74,0.09,0.35
91.49,1.74,0.09,0.35
91.5,1.74,0.09,0.35
91.51,1.74,0.09,0.35
91.52,1.74,0.09,0.35
91.53,1.74,0.09,0.35
91.54,1.74,0.09,0.35
91.55,1.74,0.09,0.35
91.56,1.74,0.09,0.35
91.57,1.74,0.09,0.35
91.58,1.75,0.09,0.35
91.59,1.75,0.09,0.35
91.6,1.75,0.09,0.35
91.61,1.75,0.09,0.35
91.62,1.75,0.09,0.35
91.63,1.75,0.09,0.35
91.64,1.75,0.09,0.35
91.65,1.75,0.09,0.35
91.66,1.75,0.09,0.35
91.67,1.75,0.09,0.35
91.68,1.75,0.09,0.35
91.69,1.76,0.09,0.35
91.7,1.76,0.09,0.35
91.71,1.76,0.09,0.35
91.72,1.76,0.09,0.35
91.73,1.76,0.09,0.35
91.74,1.76,0.09,0.35
91.75,1.76,0.09,0.35
91.76,1.76,0.09,0.35
91.77,1.76,0.09,0.35
91.78,1.76,0.09,0.35
91.79,1.76,0.09,0.35
91.8,1.76,0.09,0.35
91.81,1.77,0.09,0.35
91.82,1.77,0.09,0.35
91.83,1.77,0.09,0.35
91.84,1.77,0.09,0.35
91.85,1.77,0.09,0.35
91.86,1.77,0.09,0.35
91.87,1.77,0.09,0.35
91.88,1.77,0.09,0.35
91.89,1.77,0.09,0.35
91.9,1.77,0.09,0.35
91.91,1.77,0.09,0.35
91.92,1.78,0.09,0.35
91.93,1.78,0.09,0.35
91.94,1.78,0.09,0.35
91.95,1.78,0.09,0.35
91.96,1.78,0.09,0.35
91.97,1.78,0.09,0.35
91.98,1.78,0.09,0.35
91.99,1.78,0.09,0.35
92.0,1.78,0.09,0.35
92.01,1.78,0.09,0.35
92.02,1.78,0.09,0.35
92.03,1.79,0.09,0.35
92.04,1.79,0.09,0.35
92.05,1.79,0.09,0.35
92.06,1.79,0.09,0.35
92.07,1.79,0.09,0.35
92.08,1.79,0.09,0.35
92.09,1.79,0.09,0.35
92.1,1.79,0.09,0.35
92.11,1.79,0.09,0.35
92.12,1.79,0.09,0.35
92.13,1.79,0.09,0.35
92.14,1.8,0.09,0.35
92.15,1.8,0.09,0.35
92.16,1.8,0.09,0.35
92.17,1.8,0.09,0.35
92.18,1.8,0.09,0.35
92.19,1.8,0.09,0.35
92.2,1.8,0.09,0.35
92.21,1.8,0.09,0.35
92.22,1.8,0.09,0.35
92.23,1.8,0.09,0.35
92.24,1.8,0.09,0.35
92.25,1.81,0.09,0.35
92.26,1.81,0.09,0.35
92.27,1.81,0.09,0.35
92.28,1.81,0.09,0.35
92.29,1.81,0.09,0.35
92.3,1.81,0.09,0.35
92.31,1.81,0.09,0.35
92.32,1.81,0.09,0.35
92.33,1.81,0.09,0.35
92.34,1.81,0.09,0.35
92.35,1.81,0.09,0.35
92.36,1.82,0.09,0.35
92.37,1.82,0.09,0.35
92.38,1.82,0.09,0.35
92.39,1.82,0.09,0.35
92.4,1.82,0.09,0.35
92.41,1.82,0.09,0.35
92.42,1.82,0.09,0.35
92.43,1.82,0.09,0.35
92.44,1.82,0.09,0.35
92.45,1.82,0.09,0.35
92.46,1.83,0.09,0.35
92.47,1.83,0.09,0.35
92.48,1.83,0.09,0.35
92.49,1.83,0.09,0.35
92.5,1.83,0.09,0.35
92.51,1.83,0.09,0.35
92.52,1.83,0.09,0.35
92.53,1.83,0.09,0.35
92.54,1.83,0.09,0.35
92.55,1.83,0.09,0.35
92.56,1.83,0.09,0.35
92.57,1.84,0.09,0.35
92.58,1.84,0.09,0.35
92.59,1.84,0.09,0.35
92.6,1.84,0.09,0.35
92.61,1.84,0.09,0.35
92.62,1.84,0.09,0.35
92.63,1.84,0.09,0.35
92.64,1.84,0.09,0.35
92.65,1.84,0.09,0.35
92.66,1.84,0.1,0.35
92.67,1.84,0.1,0.35
92.68,1.85,0.1,0.35
92.69,1.85,0.1,0.35
92.7,1.85,0.1,0.35
92.71,1.85,0.1,0.35
92.72,1.85,0.1,0.35
92.73,1.85,0.1,0.35
92.74,1.85,0.1,0.35
92.75,1.85,0.1,0.35
92.76,1.85,0.1,0.35
92.77,1.85,0.1,0.35
92.78,1.86,0.1,0.35
92.79,1.86,0.1,0.35
92.8,1.86,0.1,0.35
92.81,1.86,0.1,0.35
92.82,1.86,0.1,0.35
92.83,1.86,0.1,0.35
92.84,1.86,0.1,0.35
92.85,1.86,0.1,0.35
92.86,1.86,0.1,0.35
92.87,1.86,0.1,0.35
92.88,1.86,0.1,0.35
92.89,1.87,0.1,0.35
92.9,1.87,0.1,0.35
92.91,1.87,0.1,0.35
92.92,1.87,0.1,0.35
92.93,1.87,0.1,0.35
92.94,1.87,0.1,0.35
92.95,1.87,0.1,0.35
92.96,1.87,0.1,0.35
92.97,1.87,0.1,0.35
92.98,1.87,0.1,0.35
92.99,1.88,0.1,0.35
93.0,1.88,0.1,0.35
93.01,1.88,0.1,0.35
93.02,1.88,0.1,0.35
93.03,1.88,0.1,0.35
93.04,1.88,0.1,0.35
93.05,1.88,0.1,0.35
93.06,1.88,0.1,0.35
93.07,1.88,0.1,0.35
93.08,1.88,0.1,0.35
93.09,1.89,0.1,0.35
93.1,1.89,0.1,0.35
93.11,1.89,0.1,0.35
93.12,1.89,0.1,0.35
93.13,1.89,0.1,0.35
93.14,1.89,0.1,0.35
93.15,1.89,0.1,0.35
93.16,1.89,0.1,0.35
93.17,1.89,0.1,0.35
93.18,1.89,0.1,0.35
93.19,1.9,0.1,0.35
93.2,1.9,0.1,0.35
93.21,1.9,0.1,0.35
93.22,1.9,0.1,0.35
93.23,1.9,0.1,0.35
93.24,1.9,0.1,0.35
93.25,1.9,0.1,0.35
93.26,1.9,0.1,0.35
93.27,1.9,0.1,0.35
93.28,1.9,0.1,0.35
93.29,1.9,0.1,0.35
93.3,1.91,0.1,0.35
93.31,1.91,0.1,0.35
93.32,1.91,0.1,0.35
93.33,1.91,0.1,0.35
93.34,1.91,0.1,0.35
93.35,1.91,0.1,0.35
93.36,1.91,0.1,0.35
93.37,1.91,0.1,0.35
93.38,1.91,0.1,0.35
93.39,1.91,0.1,0.35
93.4,1.92,0.1,0.35
93.41,1.92,0.1,0.35
93.42,1.92,0.1,0.35
93.43,1.92,0.1,0.35
93.44,1.92,0.1,0.35
93.45,1.92,0.1,0.35
93.46,1.92,0.1,0.35
93.47,1.92,0.1,0.35
93.48,1.92,0.1,0.35
93.49,1.92,0.1,0.35
93.5,1.93,0.1,0.35
93.51,1.93,0.1,0.35
93.52,1.93,0.1,0.35
93.53,1.93,0.1,0.35
93.54,1.93,0.1,0.35
93.55,1.93,0.1,0.35
93.56,1.93,0.1,0.35
93.57,1.93,0.1,0.35
93.58,1.93,0.1,0.35
93.59,1.93,0.1,0.35
93.6,1.94,0.1,0.35
93.61,1.94,0.1,0.35
93.62,1.94,0.1,0.35
93.63,1.94,0.1,0.35
93.64,1.94,0.1,0.35
93.65,1.94,0.1,0.35
93.66,1.94,0.1,0.35
93.67,1.94,0.1,0.35
93.68,1.94,0.1,0.35
93.69,1.94,0.1,0.35
93.7,1.95,0.1,0.35
93.71,1.95,0.1,0.35
93.72,1.95,0.1,0.35
93.73,1.95,0.1,0.35
93.74,1.95,0.1,0.35
93.75,1.95,0.1,0.35
93.76,1.95,0.1,0.35
93.77,1.95,0.1,0.35
93.78,1.95,0.1,0.35
93.79,1.95,0.1,0.35
93.8,1.96,0.1,0.35
93.81,1.96,0.1,0.35
93.82,1.96,0.1,0.35
93.83,1.96,0.1,0.35
93.84,1.96,0.1,0.35
93.85,1.96,0.1,0.35
93.86,1.96,0.1,0.35
93.87,1.96,0.1,0.35
93.88,1.96,0.1,0.35
93.89,1.96,0.1,0.35
93.9,1.97,0.1,0.35
93.91,1.97,0.1,0.35
93.92,1.97,0.1,0.35
93.93,1.97,0.1,0.35
93.94,1.97,0.1,0.35
93.95,1.97,0.1,0.35
93.96,1.97,0.1,0.35
93.97,1.97,0.1,0.35
93.98,1.97,0.1,0.35
93.99,1.97,0.1,0.35
94.0,1.98,0.1,0.35
94.01,1.98,0.1,0.35
94.02,1.98,0.1,0.35
94.03,1.98,0.1,0.35
94.04,1.98,0.1,0.35
94.05,1.98,0.1,0.35
94.06,1.98,0.1,0.35
94.07,1.98,0.1,0.35
94.08,1.98,0.1,0.35
94.09,1.98,0.1,0.35
94.1,1.99,0.1,0.35
94.11,1.99,0.1,0.35
94.12,1.99,0.1,0.35
94.13,1.99,0.1,0.35
94.14,1.99,0.1,0.35
94.15,1.99,0.1,0.35
94.16,1.99,0.1,0.35
94.17,1.99,0.1,0.35
94.18,1.99,0.1,0.35
94.19,1.99,0.1,0.35
94.2,2.0,0.1,0.35
94.21,2.0,0.1,0.35
94.22,2.0,0.1,0.35
94.23,2.0,0.1,0.35
94.24,2.0,0.1,0.35
94.25,2.0,0.1,0.35
94.26,2.0,0.1,0.35
94.27,2.0,0.1,0.35
94.28,2.0,0.1,0.35
94.29,2.0,0.1,0.35
94.3,2.01,0.1,0.35
94.31,2.01,0.1,0.35
94.32,2.01,0.1,0.35
94.33,2.01,0.1,0.35
94.34,2.01,0.1,0.35
94.35,2.01,0.1,0.35
94.36,2.01,0.1,0.35
94.37,2.01,0.1,0.35
94.38,2.01,0.1,0.35
94.39,2.01,0.1,0.35
94.4,2.02,0.1,0.35
94.41,2.02,0.1,0.35
94.42,2.02,0.1,0.35
94.43,2.02,0.1,0.35
94.44,2.02,0.1,0.35
94.45,2.02,0.1,0.35
94.46,2.02,0.1,0.35
94.47,2.02,0.1,0.35
94.48,2.02,0.1,0.35
94.49,2.02,0.1,0.35
94.5,2.03,0.1,0.35
94.51,2.03,0.1,0.35
94.52,2.03,0.1,0.35
94.53,2.03,0.1,0.35
94.54,2.03,0.1,0.35
94.55,2.03,0.1,0.35
94.56,2.03,0.1,0.35
94.57,2.03,0.1,0.35
94.58,2.03,0.1,0.35
94.59,2.03,0.1,0.35
94.6,2.04,0.1,0.35
94.61,2.04,0.1,0.35
94.62,2.04,0.1,0.35
94.63,2.04,0.1,0.35
94.64,2.04,0.1,0.35
94.65,2.04,0.1,0.35
94.66,2.04,0.1,0.35
94.67,2.04,0.1,0.35
94.68,2.04,0.1,0.35
94.69,2.04,0.1,0.35
94.7,2.05,0.1,0.35
94.71,2.05,0.1,0.35
94.72,2.05,0.1,0.35
94.73,2.05,0.1,0.35
94.74,2.05,0.1,0.35
94.75,2.05,0.1,0.35
94.76,2.05,0.1,0.35
94.77,2.05,0.1,0.35
94.78,2.05,0.1,0.35
94.79,2.05,0.1,0.35
94.8,2.06,0.1,0.35
94.81,2.06,0.1,0.35
94.82,2.06,0.1,0.35
94.83,2.06,0.1,0.35
94.84,2.06,0.1,0.35
94.85,2.06,0.1,0.35
94.86,2.06,0.1,0.35
94.87,2.06,0.1,0.35
94.88,2.06,0.1,0.35
94.89,2.06,0.1,0.35
94.9,2.07,0.1,0.35
94.91,2.07,0.1,0.35
94.92,2.07,0.1,0.35
94.93,2.07,0.1,0.35
94.94,2.07,0.1,0.35
94.95,2.07,0.1,0.35
94.96,2.07,0.1,0.35
94.97,2.07,0.1,0.35
94.98,2.07,0.1,0.35
94.99,2.07,0.1,0.35
95.0,2.07,0.1,0.35
95.01,2.08,0.1,0.35
95.02,2.08,0.1,0.35
95.03,2.08,0.1,0.35
95.04,2.08,0.1,0.35
95.05,2.08,0.1,0.35
95.06,2.08,0.1,0.35
95.07,2.08,0.1,0.35
95.08,2.08,0.1,0.35
95.09,2.08,0.1,0.35
95.1,2.08,0.1,0.35
95.11,2.09,0.1,0.35
95.12,2.09,0.1,0.35
95.13,2.09,0.1,0.35
95.14,2.09,0.1,0.35
95.15,2.09,0.1,0.35
95.16,2.09,0.1,0.35
95.17,2.09,0.1,0.35
95.18,2.09,0.1,0.35
95.19,2.09,0.1,0.35
95.2,2.09,0.1,0.35
95.21,2.1,0.1,0.35
95.22,2.1,0.1,0.35
95.23,2.1,0.1,0.35
95.24,2.1,0.1,0.35
95.25,2.1,0.1,0.35
95.26,2.1,0.1,0.35
95.27,2.1,0.1,0.35
95.28,2.1,0.1,0.35
95.29,2.1,0.1,0.35
95.3,2.1,0.1,0.35
95.31,2.11,0.1,0.35
95.32,2.11,0.1,0.35
95.33,2.11,0.1,0.35
95.34,2.11,0.1,0.35
95.35,2.11,0.1,0.35
95.36,2.11,0.1,0.35
95.37,2.11,0.1,0.35
95.38,2.11,0.1,0.35
95.39,2.11,0.1,0.35
95.4,2.11,0.1,0.35
95.41,2.12,0.1,0.35
95.42,2.12,0.1,0.35
95.43,2.12,0.1,0.35
95.44,2.12,0.1,0.35
95.45,2.12,0.1,0.35
95.46,2.12,0.1,0.35
95.47,2.12,0.1,0.35
95.48,2.12,0.1,0.35
95.49,2.12,0.1,0.35
95.5,2.12,0.1,0.35
95.51,2.12,0.1,0.35
95.52,2.13,0.1,0.35
95.53,2.13,0.1,0.35
95.54,2.13,0.1,0.35
95.55,2.13,0.1,0.35
95.56,2.13,0.1,0.35
95.57,2.13,0.1,0.35
95.58,2.13,0.1,0.35
95.59,2.13,0.1,0.35
95.6,2.13,0.1,0.35
95.61,2.13,0.1,0.35
95.62,2.14,0.1,0.35
95.63,2.14,0.1,0.35
95.64,2.14,0.1,0.35
95.65,2.14,0.1,0.35
95.66,2.14,0.1,0.35
95.67,2.14,0.1,0.35
95.68,2.14,0.1,0.35
95.69,2.14,0.1,0.35
95.7,2.14,0.1,0.35
95.71,2.14,0.1,0.35
95.72,2.15,0.1,0.35
95.73,2.15,0.1,0.35
95.74,2.15,0.1,0.35
95.75,2.15,0.1,0.35
95.76,2.15,0.1,0.35
95.77,2.15,0.1,0.35
95.78,2.15,0.1,0.35
95.79,2.15,0.1,0.35
95.8,2.15,0.1,0.35
95.81,2.15,0.1,0.35
95.82,2.15,0.1,0.35
95.83,2.16,0.1,0.35
95.84,2.16,0.09,0.35
95.85,2.16,0.09,0.35
95.86,2.16,0.09,0.35
95.87,2.16,0.09,0.35
95.88,2.16,0.09,0.35
95.89,2.16,0.09,0.35
95.9,2.16,0.09,0.35
95.91,2.16,0.09,0.35
95.92,2.16,0.09,0.35
95.93,2.17,0.09,0.35
95.94,2.17,0.09,0.35
95.95,2.17,0.09,0.35
95.96,2.17,0.09,0.35
95.97,2.17,0.09,0.35
95.98,2.17,0.09,0.35
95.99,2.17,0.09,0.35
96.0,2.17,0.09,0.35
96.01,2.17,0.09,0.35
96.02,2.17,0.09,0.35
96.03,2.17,0.09,0.35
96.04,2.18,0.09,0.35
96.05,2.18,0.09,0.36
96.06,2.18,0.09,0.36
96.07,2.18,0.09,0.36
96.08,2.18,0.09,0.36
96.09,2.18,0.09,0.36
96.1,2.18,0.09,0.36
96.11,2.18,0.09,0.36
96.12,2.18,0.09,0.36
96.13,2.18,0.09,0.36
96.14,2.18,0.09,0.36
96.15,2.19,0.09,0.36
96.16,2.19,0.09,0.36
96.17,2.19,0.09,0.36
96.18,2.19,0.09,0.36
96.19,2.19,0.09,0.36
96.2,2.19,0.09,0.36
96.21,2.19,0.09,0.36
96.22,2.19,0.09,0.36
96.23,2.19,0.09,0.36
96.24,2.19,0.09,0.36
96.25,2.19,0.09,0.36
96.26,2.2,0.09,0.36
96.27,2.2,0.09,0.36
96.28,2.2,0.09,0.36
96.29,2.2,0.09,0.36
96.3,2.2,0.09,0.36
96.31,2.2,0.09,0.36
96.32,2.2,0.09,0.36
96.33,2.2,0.09,0.36
96.34,2.2,0.09,0.36
96.35,2.2,0.09,0.36
96.36,2.2,0.09,0.36
96.37,2.21,0.09,0.36
96.38,2.21,0.09,0.36
96.39,2.21,0.09,0.36
96.4,2.21,0.09,0.36
96.41,2.21,0.09,0.36
96.42,2.21,0.09,0.36
96.43,2.21,0.09,0.36
96.44,2.21,0.09,0.36
96.45,2.21,0.09,0.36
96.46,2.21,0.09,0.36
96.47,2.21,0.09,0.36
96.48,2.22,0.09,0.36
96.49,2.22,0.09,0.36
96.5,2.22,0.09,0.36
96.51,2.22,0.09,0.36
96.52,2.22,0.09,0.36
96.53,2.22,0.09,0.36
96.54,2.22,0.09,0.36
96.55,2.22,0.09,0.36
96.56,2.22,0.09,0.36
96.57,2.22,0.09,0.36
96.58,2.22,0.09,0.36
96.59,2.23,0.09,0.36
96.6,2.23,0.09,0.36
96.61,2.23,0.09,0.36
96.62,2.23,0.09,0.36
96.63,2.23,0.09,0.36
96.64,2.23,0.09,0.36
96.65,2.23,0.09,0.36
96.66,2.23,0.09,0.36
96.67,2.23,0.09,0.36
96.68,2.23,0.09,0.36
96.69,2.23,0.09,0.36
96.7,2.24,0.09,0.36
96.71,2.24,0.09,0.36
96.72,2.24,0.09,0.36
96.73,2.24,0.09,0.36
96.74,2.24,0.09,0.36
96.75,2.24,0.09,0.36
96.76,2.24,0.09,0.36
96.77,2.24,0.09,0.36
96.78,2.24,0.09,0.36
96.79,2.24,0.09,0.36
96.8,2.24,0.09,0.36
96.81,2.25,0.09,0.36
96.82,2.25,0.09,0.36
96.83,2.25,0.09,0.36
96.84,2.25,0.09,0.36
96.85,2.25,0.09,0.36
96.86,2.25,0.09,0.36
96.87,2.25,0.09,0.36
96.88,2.25,0.09,0.36
96.89,2.25,0.09,0.36
96.9,2.25,0.09,0.36
96.91,2.25,0.09,0.36
96.92,2.25,0.09,0.36
96.93,2.26,0.09,0.36
96.94,2.26,0.09,0.36
96.95,2.26,0.09,0.36
96.96,2.26,0.09,0.36
96.97,2.26,0.09,0.36
96.98,2.26,0.09,0.36
96.99,2.26,0.09,0.36
97.0,2.26,0.09,0.36
97.01,2.26,0.09,0.36
97.02,2.26,0.09,0.36
97.03,2.26,0.08,0.36
97.04,2.26,0.08,0.36
97.05,2.27,0.08,0.36
97.06,2.27,0.08,0.36
97.07,2.27,0.08,0.36
97.08,2.27,0.08,0.36
97.09,2.27,0.08,0.36
97.1,2.27,0.08,0.36
97.11,2.27,0.08,0.36
97.12,2.27,0.08,0.36
97.13,2.27,0.08,0.36
97.14,2.27,0.08,0.36
97.15,2.27,0.08,0.36
97.16,2.28,0.08,0.36
97.17,2.28,0.08,0.36
97.18,2.28,0.08,0.36
97.19,2.28,0.08,0.36
97.2,2.28,0.08,0.36
97.21,2.28,0.08,0.36
97.22,2.28,0.08,0.36
97.23,2.28,0.08,0.36
97.24,2.28,0.08,0.36
97.25,2.28,0.08,0.36
97.26,2.28,0.08,0.36
97.27,2.28,0.08,0.36
97.28,2.28,0.08,0.36
97.29,2.29,0.08,0.36
97.3,2.29,0.08,0.36
97.31,2.29,0.08,0.36
97.32,2.29,0.08,0.36
97.33,2.29,0.08,0.36
97.34,2.29,0.08,0.36
97.35,2.29,0.08,0.36
97.36,2.29,0.08,0.36
97.37,2.29,0.08,0.36
97.38,2.29,0.08,0.36
97.39,2.29,0.08,0.36
97.4,2.29,0.08,0.36
97.41,2.3,0.08,0.36
97.42,2.3,0.08,0.36
97.43,2.3,0.08,0.36
97.44,2.3,0.08,0.36
97.45,2.3,0.08,0.36
97.46,2.3,0.08,0.36
97.47,2.3,0.08,0.36
97.48,2.3,0.08,0.36
97.49,2.3,0.08,0.36
97.5,2.3,0.08,0.36
97.51,2.3,0.08,0.36
97.52,2.3,0.08,0.36
97.53,2.31,0.08,0.36
97.54,2.31,0.08,0.36
97.55,2.31,0.08,0.36
97.56,2.31,0.08,0.36
97.57,2.31,0.08,0.36
97.58,2.31,0.08,0.36
97.59,2.31,0.08,0.36
97.6,2.31,0.08,0.36
97.61,2.31,0.08,0.36
97.62,2.31,0.08,0.36
97.63,2.31,0.08,0.36
97.64,2.31,0.08,0.36
97.65,2.31,0.08,0.36
97.66,2.32,0.08,0.36
97.67,2.32,0.08,0.36
97.68,2.32,0.08,0.36
97.69,2.32,0.08,0.36
97.7,2.32,0.08,0.36
97.71,2.32,0.08,0.36
97.72,2.32,0.08,0.36
97.73,2.32,0.08,0.36
97.74,2.32,0.08,0.37
97.75,2.32,0.08,0.37
97.76,2.32,0.08,0.37
97.77,2.32,0.08,0.37
97.78,2.32,0.08,0.37
97.79,2.33,0.08,0.37
97.8,2.33,0.08,0.37
97.81,2.33,0.08,0.37
97.82,2.33,0.08,0.37
97.83,2.33,0.08,0.37
97.84,2.33,0.08,0.37
97.85,2.33,0.08,0.37
97.86,2.33,0.08,0.37
97.87,2.33,0.07,0.37
97.88,2.33,0.07,0.37
97.89,2.33,0.07,0.37
97.9,2.33,0.07,0.37
97.91,2.33,0.07,0.37
97.92,2.34,0.07,0.37
97.93,2.34,0.07,0.37
97.94,2.34,0.07,0.37
97.95,2.34,0.07,0.37
97.96,2.34,0.07,0.37
97.97,2.34,0.07,0.37
97.98,2.34,0.07,0.37
97.99,2.34,0.07,0.37
98.0,2.34,0.07,0.37
98.01,2.34,0.07,0.37
98.02,2.34,0.07,0.37
98.03,2.34,0.07,0.37
98.04,2.34,0.07,0.37
98.05,2.34,0.07,0.37
98.06,2.35,0.07,0.37
98.07,2.35,0.07,0.37
98.08,2.35,0.07,0.37
98.09,2.35,0.07,0.37
98.1,2.35,0.07,0.37
98.11,2.35,0.07,0.37
98.12,2.35,0.07,0.37
98.13,2.35,0.07,0.37
98.14,2.35,0.07,0.37
98.15,2.35,0.07,0.37
98.16,2.35,0.07,0.37
98.17,2.35,0.07,0.37
98.18,2.35,0.07,0.37
98.19,2.35,0.07,0.37
98.2,2.36,0.07,0.37
98.21,2.36,0.07,0.37
98.22,2.36,0.07,0.37
98.23,2.36,0.07,0.37
98.24,2.36,0.07,0.37
98.25,2.36,0.07,0.37
98.26,2.36,0.07,0.37
98.27,2.36,0.07,0.37
98.28,2.36,0.07,0.37
98.29,2.36,0.07,0.37
98.3,2.36,0.07,0.37
98.31,2.36,0.07,0.37
98.32,2.36,0.07,0.37
98.33,2.36,0.07,0.37
98.34,2.37,0.07,0.37
98.35,2.37,0.07,0.37
98.36,2.37,0.07,0.37
98.37,2.37,0.07,0.37
98.38,2.37,0.07,0.37
98.39,2.37,0.07,0.37
98.4,2.37,0.07,0.37
98.41,2.37,0.07,0.37
98.42,2.37,0.07,0.37
98.43,2.37,0.07,0.37
98.44,2.37,0.07,0.37
98.45,2.37,0.07,0.37
98.46,2.37,0.07,0.37
98.47,2.37,0.07,0.37
98.48,2.37,0.07,0.37
98.49,2.38,0.07,0.37
98.5,2.38,0.07,0.37
98.51,2.38,0.07,0.37
98.52,2.38,0.07,0.37
98.53,2.38,0.07,0.37
98.54,2.38,0.07,0.37
98.55,2.38,0.07,0.37
98.56,2.38,0.07,0.37
98.57,2.38,0.06,0.37
98.58,2.38,0.06,0.37
98.59,2.38,0.06,0.37
98.6,2.38,0.06,0.37
98.61,2.38,0.06,0.37
98.62,2.38,0.06,0.37
98.63,2.38,0.06,0.37
98.64,2.38,0.06,0.37
98.65,2.39,0.06,0.37
98.66,2.39,0.06,0.37
98.67,2.39,0.06,0.37
98.68,2.39,0.06,0.37
98.69,2.39,0.06,0.37
98.7,2.39,0.06,0.37
98.71,2.39,0.06,0.37
98.72,2.39,0.06,0.37
98.73,2.39,0.06,0.37
98.74,2.39,0.06,0.37
98.75,2.39,0.06,0.37
98.76,2.39,0.06,0.37
98.77,2.39,0.06,0.37
98.78,2.39,0.06,0.37
98.79,2.39,0.06,0.37
98.8,2.39,0.06,0.37
98.81,2.4,0.06,0.37
98.82,2.4,0.06,0.37
98.83,2.4,0.06,0.37
98.84,2.4,0.06,0.37
98.85,2.4,0.06,0.37
98.86,2.4,0.06,0.37
98.87,2.4,0.06,0.37
98.88,2.4,0.06,0.37
98.89,2.4,0.06,0.37
98.9,2.4,0.06,0.37
98.91,2.4,0.06,0.37
98.92,2.4,0.06,0.37
98.93,2.4,0.06,0.37
98.94,2.4,0.06,0.37
98.95,2.4,0.06,0.37
98.96,2.4,0.06,0.37
98.97,2.41,0.06,0.37
98.98,2.41,0.06,0.37
98.99,2.41,0.06,0.37
99.0,2.41,0.06,0.37
99.01,2.41,0.06,0.37
99.02,2.41,0.06,0.37
99.03,2.41,0.06,0.37
99.04,2.41,0.06,0.37
99.05,2.41,0.06,0.37
99.06,2.41,0.06,0.37
99.07,2.41,0.06,0.37
99.08,2.41,0.06,0.37
99.09,2.41,0.06,0.37
99.1,2.41,0.06,0.37
99.11,2.41,0.06,0.37
99.12,2.41,0.06,0.37
99.13,2.41,0.06,0.37
99.14,2.41,0.06,0.37
99.15,2.42,0.06,0.37
99.16,2.42,0.06,0.38
99.17,2.42,0.06,0.38
99.18,2.42,0.06,0.38
99.19,2.42,0.05,0.38
99.2,2.42,0.05,0.38
99.21,2.42,0.05,0.38
99.22,2.42,0.05,0.38
99.23,2.42,0.05,0.38
99.24,2.42,0.05,0.38
99.25,2.42,0.05,0.38
99.26,2.42,0.05,0.38
99.27,2.42,0.05,0.38
99.28,2.42,0.05,0.38
99.29,2.42,0.05,0.38
99.3,2.42,0.05,0.38
99.31,2.42,0.05,0.38
99.32,2.42,0.05,0.38
99.33,2.43,0.05,0.38
99.34,2.43,0.05,0.38
99.35,2.43,0.05,0.38
99.36,2.43,0.05,0.38
99.37,2.43,0.05,0.38
99.38,2.43,0.05,0.38
99.39,2.43,0.05,0.38
99.4,2.43,0.05,0.38
99.41,2.43,0.05,0.38
99.42,2.43,0.05,0.38
99.43,2.43,0.05,0.38
99.44,2.43,0.05,0.38
99.45,2.43,0.05,0.38
99.46,2.43,0.05,0.38
99.47,2.43,0.05,0.38
99.48,2.43,0.05,0.38
99.49,2.43,0.05,0.38
99.5,2.43,0.05,0.38
99.51,2.43,0.05,0.38
99.52,2.43,0.05,0.38
99.53,2.44,0.05,0.38
99.54,2.44,0.05,0.38
99.55,2.44,0.05,0.38
99.56,2.44,0.05,0.38
99.57,2.44,0.05,0.38
99.58,2.44,0.05,0.38
99.59,2.44,0.05,0.38
99.6,2.44,0.05,0.38
99.61,2.44,0.05,0.38
99.62,2.44,0.05,0.38
99.63,2.44,0.05,0.38
99.64,2.44,0.05,0.38
99.65,2.44,0.05,0.38
99.66,2.44,0.05,0.38
99.67,2.44,0.05,0.38
99.68,2.44,0.05,0.38
99.69,2.44,0.05,0.38
99.7,2.44,0.05,0.38
99.71,2.44,0.05,0.38
99.72,2.44,0.05,0.38
99.73,2.44,0.05,0.38
99.74,2.45,0.05,0.38
99.75,2.45,0.05,0.38
99.76,2.45,0.05,0.38
99.77,2.45,0.04,0.38
99.78,2.45,0.04,0.38
99.79,2.45,0.04,0.38
99.8,2.45,0.04,0.38
99.81,2.45,0.04,0.38
99.82,2.45,0.04,0.38
99.83,2.45,0.04,0.38
99.84,2.45,0.04,0.38
99.85,2.45,0.04,0.38
99.86,2.45,0.04,0.38
99.87,2.45,0.04,0.38
99.88,2.45,0.04,0.38
99.89,2.45,0.04,0.38
99.9,2.45,0.04,0.38
99.91,2.45,0.04,0.38
99.92,2.45,0.04,0.38
99.93,2.45,0.04,0.38
99.94,2.45,0.04,0.38
99.95,2.45,0.04,0.38
99.96,2.45,0.04,0.38
99.97,2.46,0.04,0.38
99.98,2.46,0.04,0.38
99.99,2.46,0.04,0.38
100.0,2.46,0.04,0.38
100.01,2.46,0.04,0.38
100.02,2.46,0.04,0.38
100.03,2.46,0.04,0.38
100.04,2.46,0.04,0.38
100.05,2.46,0.04,0.38
100.06,2.46,0.04,0.38
100.07,2.46,0.04,0.38
100.08,2.46,0.04,0.38
100.09,2.46,0.04,0.38
100.1,2.46,0.04,0.38
100.11,2.46,0.04,0.38
100.12,2.46,0.04,0.38
100.13,2.46,0.04,0.38
100.14,2.46,0.04,0.38
100.15,2.46,0.04,0.38
100.16,2.46,0.04,0.38
100.17,2.46,0.04,0.38
100.18,2.46,0.04,0.38
100.19,2.46,0.04,0.38
100.2,2.46,0.04,0.38
100.21,2.46,0.04,0.38
100.22,2.47,0.04,0.38
100.23,2.47,0.04,0.38
100.24,2.47,0.04,0.38
100.25,2.47,0.04,0.38
100.26,2.47,0.04,0.38
100.27,2.47,0.04,0.38
100.28,2.47,0.04,0.38
100.29,2.47,0.04,0.38
100.3,2.47,0.04,0.38
100.31,2.47,0.04,0.38
100.32,2.47,0.03,0.38
100.33,2.47,0.03,0.38
100.34,2.47,0.03,0.38
100.35,2.47,0.03,0.38
100.36,2.47,0.03,0.38
100.37,2.47,0.03,0.38
100.38,2.47,0.03,0.38
100.39,2.47,0.03,0.38
100.4,2.47,0.03,0.38
100.41,2.47,0.03,0.38
100.42,2.47,0.03,0.38
100.43,2.47,0.03,0.38
100.44,2.47,0.03,0.38
100.45,2.47,0.03,0.38
100.46,2.47,0.03,0.38
100.47,2.47,0.03,0.39
100.48,2.47,0.03,0.39
100.49,2.47,0.03,0.39
100.5,2.47,0.03,0.39
100.51,2.47,0.03,0.39
100.52,2.48,0.03,0.39
100.53,2.48,0.03,0.39
100.54,2.48,0.03,0.39
100.55,2.48,0.03,0.39
100.56,2.48,0.03,0.39
100.57,2.48,0.03,0.39
100.58,2.48,0.03,0.39
100.59,2.48,0.03,0.39
100.6,2.48,0.03,0.39
100.61,2.48,0.03,0.39
100.62,2.48,0.03,0.39
100.63,2.48,0.03,0.39
100.64,2.48,0.03,0.39
100.65,2.48,0.03,0.39
100.66,2.48,0.03,0.39
100.67,2.48,0.03,0.39
100.68,2.48,0.03,0.39
100.69,2.48,0.03,0.39
100.7,2.48,0.03,0.39
100.71,2.48,0.03,0.39
100.72,2.48,0.03,0.39
100.73,2.48,0.03,0.39
100.74,2.48,0.03,0.39
100.75,2.48,0.03,0.39
100.76,2.48,0.03,0.39
100.77,2.48,0.03,0.39
100.78,2.48,0.03,0.39
100.79,2.48,0.03,0.39
100.8,2.48,0.03,0.39
100.81,2.48,0.03,0.39
100.82,2.48,0.03,0.39
100.83,2.48,0.03,0.39
100.84,2.48,0.02,0.39
100.85,2.48,0.02,0.39
100.86,2.48,0.02,0.39
100.87,2.48,0.02,0.39
100.88,2.49,0.02,0.39
100.89,2.49,0.02,0.39
100.9,2.49,0.02,0.39
100.91,2.49,0.02,0.39
100.92,2.49,0.02,0.39
100.93,2.49,0.02,0.39
100.94,2.49,0.02,0.39
100.95,2.49,0.02,0.39
100.96,2.49,0.02,0.39
100.97,2.49,0.02,0.39
100.98,2.49,0.02,0.39
100.99,2.49,0.02,0.39
101.0,2.49,0.02,0.39
101.01,2.49,0.02,0.39
101.02,2.49,0.02,0.39
101.03,2.49,0.02,0.39
101.04,2.49,0.02,0.39
101.05,2.49,0.02,0.39
101.06,2.49,0.02,0.39
101.07,2.49,0.02,0.39
101.08,2.49,0.02,0.39
101.09,2.49,0.02,0.39
101.1,2.49,0.02,0.39
101.11,2.49,0.02,0.39
101.12,2.49,0.02,0.39
101.13,2.49,0.02,0.39
101.14,2.49,0.02,0.39
101.15,2.49,0.02,0.39
101.16,2.49,0.02,0.39
101.17,2.49,0.02,0.39
101.18,2.49,0.02,0.39
101.19,2.49,0.02,0.39
101.2,2.49,0.02,0.39
101.21,2.49,0.02,0.39
101.22,2.49,0.02,0.39
101.23,2.49,0.02,0.39
101.24,2.49,0.02,0.39
101.25,2.49,0.02,0.39
101.26,2.49,0.02,0.39
101.27,2.49,0.02,0.39
101.28,2.49,0.02,0.39
101.29,2.49,0.02,0.39
101.3,2.49,0.02,0.39
101.31,2.49,0.02,0.39
101.32,2.49,0.02,0.39
101.33,2.49,0.02,0.39
101.34,2.49,0.02,0.39
101.35,2.49,0.01,0.39
101.36,2.49,0.01,0.39
101.37,2.49,0.01,0.39
101.38,2.49,0.01,0.39
101.39,2.49,0.01,0.39
101.4,2.5,0.01,0.39
101.41,2.5,0.01,0.39
101.42,2.5,0.01,0.39
101.43,2.5,0.01,0.39
101.44,2.5,0.01,0.39
101.45,2.5,0.01,0.39
101.46,2.5,0.01,0.39
101.47,2.5,0.01,0.39
101.48,2.5,0.01,0.39
101.49,2.5,0.01,0.39
101.5,2.5,0.01,0.39
101.51,2.5,0.01,0.39
101.52,2.5,0.01,0.39
101.53,2.5,0.01,0.39
101.54,2.5,0.01,0.39
101.55,2.5,0.01,0.39
101.56,2.5,0.01,0.39
101.57,2.5,0.01,0.39
101.58,2.5,0.01,0.39
101.59,2.5,0.01,0.39
101.6,2.5,0.01,0.39
101.61,2.5,0.01,0.39
101.62,2.5,0.01,0.39
101.63,2.5,0.01,0.39
101.64,2.5,0.01,0.39
101.65,2.5,0.01,0.39
101.66,2.5,0.01,0.39
101.67,2.5,0.01,0.39
101.68,2.5,0.01,0.39
101.69,2.5,0.01,0.39
101.7,2.5,0.01,0.39
101.71,2.5,0.01,0.39
101.72,2.5,0.01,0.39
101.73,2.5,0.01,0.4
101.74,2.5,0.01,0.4
101.75,2.5,0.01,0.4
101.76,2.5,0.01,0.4
101.77,2.5,0.01,0.4
101.78,2.5,0.01,0.4
101.79,2.5,0.01,0.4
101.8,2.5,0.01,0.4
101.81,2.5,0.01,0.4
101.82,2.5,0.01,0.4
101.83,2.5,0.01,0.4
101.84,2.5,0.01,0.4
101.85,2.5,0.01,0.4
101.86,2.5,0.0,0.4
101.87,2.5,0.0,0.4
101.88,2.5,0.0,0.4
101.89,2.5,0.0,0.4
101.9,2.5,0.0,0.4
101.91,2.5,0.0,0.4
101.92,2.5,0.0,0.4
101.93,2.5,0.0,0.4
101.94,2.5,0.0,0.4
101.95,2.5,0.0,0.4
101.96,2.5,0.0,0.4
101.97,2.5,0.0,0.4
101.98,2.5,0.0,0.4
101.99,2.5,0.0,0.4
102.0,2.5,0.0,0.4
102.01,2.5,0.0,0.4
102.02,2.5,0.0,0.4
102.03,2.5,0.0,0.4
102.04,2.5,0.0,0.4
102.05,2.5,0.0,0.4
102.06,2.5,0.0,0.4
102.07,2.5,0.0,0.4
102.08,2.5,0.0,0.4
102.09,2.5,0.0,0.4
102.1,2.5,0.0,0.4
102.11,2.5,-0.0,0.4
102.12,2.5,-0.0,0.4
102.13,2.5,-0.0,0.4
102.14,2.5,-0.0,0.4
102.15,2.5,-0.0,0.4
102.16,2.5,-0.0,0.4
102.17,2.5,-0.0,0.4
102.18,2.5,-0.0,0.4
102.19,2.5,-0.0,0.4
102.2,2.5,-0.0,0.4
102.21,2.5,-0.0,0.4
102.22,2.5,-0.0,0.4
102.23,2.5,-0.0,0.4
102.24,2.5,-0.0,0.4
102.25,2.5,-0.0,0.4
102.26,2.5,-0.0,0.4
102.27,2.5,-0.0,0.4
102.28,2.5,-0.0,0.4
102.29,2.5,-0.0,0.4
102.3,2.5,-0.0,0.4
102.31,2.5,-0.0,0.4
102.32,2.5,-0.0,0.4
102.33,2.5,-0.0,0.4
102.34,2.5,-0.0,0.4
102.35,2.5,-0.0,0.4
102.36,2.5,-0.01,0.4
102.37,2.5,-0.01,0.4
102.38,2.5,-0.01,0.4
102.39,2.5,-0.01,0.4
102.4,2.5,-0.01,0.4
102.41,2.5,-0.01,0.4
102.42,2.5,-0.01,0.4
102.43,2.5,-0.01,0.4
102.44,2.5,-0.01,0.4
102.45,2.5,-0.01,0.4
102.46,2.5,-0.01,0.4
102.47,2.5,-0.01,0.4
102.48,2.5,-0.01,0.4
102.49,2.5,-0.01,0.4
102.5,2.5,-0.01,0.4
102.51,2.5,-0.01,0.4
102.52,2.5,-0.01,0.4
102.53,2.5,-0.01,0.4
102.54,2.5,-0.01,0.4
102.55,2.5,-0.01,0.4
102.56,2.5,-0.01,0.4
102.57,2.5,-0.01,0.4
102.58,2.5,-0.01,0.4
102.59,2.5,-0.01,0.4
102.6,2.5,-0.01,0.4
102.61,2.5,-0.01,0.4
102.62,2.5,-0.01,0.4
102.63,2.5,-0.01,0.4
102.64,2.5,-0.01,0.4
102.65,2.5,-0.01,0.4
102.66,2.5,-0.01,0.4
102.67,2.5,-0.01,0.4
102.68,2.5,-0.01,0.4
102.69,2.5,-0.01,0.4
102.7,2.5,-0.01,0.4
102.71,2.5,-0.01,0.4
102.72,2.5,-0.01,0.4
102.73,2.5,-0.01,0.4
102.74,2.5,-0.01,0.4
102.75,2.5,-0.01,0.4
102.76,2.5,-0.01,0.4
102.77,2.5,-0.01,0.4
102.78,2.5,-0.01,0.4
102.79,2.5,-0.01,0.4
102.8,2.5,-0.01,0.4
102.81,2.49,-0.01,0.4
102.82,2.49,-0.01,0.4
102.83,2.49,-0.01,0.4
102.84,2.49,-0.01,0.4
102.85,2.49,-0.01,0.4
102.86,2.49,-0.02,0.4
102.87,2.49,-0.02,0.4
102.88,2.49,-0.02,0.4
102.89,2.49,-0.02,0.4
102.9,2.49,-0.02,0.4
102.91,2.49,-0.02,0.4
102.92,2.49,-0.02,0.4
102.93,2.49,-0.02,0.4
102.94,2.49,-0.02,0.4
102.95,2.49,-0.02,0.4
102.96,2.49,-0.02,0.4
102.97,2.49,-0.02,0.4
102.98,2.49,-0.02,0.41
102.99,2.49,-0.02,0.41
103.0,2.49,-0.02,0.41
103.01,2.49,-0.02,0.41
103.02,2.49,-0.02,0.41
103.03,2.49,-0.02,0.41
103.04,2.49,-0.02,0.41
103.05,2.49,-0.02,0.41
103.06,2.49,-0.02,0.41
103.07,2.49,-0.02,0.41
103.08,2.49,-0.02,0.41
103.09,2.49,-0.02,0.41
103.1,2.49,-0.02,0.41
103.11,2.49,-0.02,0.41
103.12,2.49,-0.02,0.41
103.13,2.49,-0.02,0.41
103.14,2.49,-0.02,0.41
103.15,2.49,-0.02,0.41
103.16,2.49,-0.02,0.41
103.17,2.49,-0.02,0.41
103.18,2.49,-0.02,0.41
103.19,2.49,-0.02,0.41
103.2,2.49,-0.02,0.41
103.21,2.49,-0.02,0.41
103.22,2.49,-0.02,0.41
103.23,2.49,-0.02,0.41
103.24,2.49,-0.02,0.41
103.25,2.49,-0.02,0.41
103.26,2.49,-0.02,0.41
103.27,2.49,-0.02,0.41
103.28,2.49,-0.02,0.41
103.29,2.49,-0.02,0.41
103.3,2.49,-0.02,0.41
103.31,2.49,-0.02,0.41
103.32,2.49,-0.02,0.41
103.33,2.48,-0.02,0.41
103.34,2.48,-0.02,0.41
103.35,2.48,-0.02,0.41
103.36,2.48,-0.02,0.41
103.37,2.48,-0.03,0.41
103.38,2.48,-0.03,0.41
103.39,2.48,-0.03,0.41
103.4,2.48,-0.03,0.41
103.41,2.48,-0.03,0.41
103.42,2.48,-0.03,0.41
103.43,2.48,-0.03,0.41
103.44,2.48,-0.03,0.41
103.45,2.48,-0.03,0.41
103.46,2.48,-0.03,0.41
103.47,2.48,-0.03,0.41
103.48,2.48,-0.03,0.41
103.49,2.48,-0.03,0.41
103.5,2.48,-0.03,0.41
103.51,2.48,-0.03,0.41
103.52,2.48,-0.03,0.41
103.53,2.48,-0.03,0.41
103.54,2.48,-0.03,0.41
103.55,2.48,-0.03,0.41
103.56,2.48,-0.03,0.41
103.57,2.48,-0.03,0.41
103.58,2.48,-0.03,0.41
103.59,2.48,-0.03,0.41
103.6,2.48,-0.03,0.41
103.61,2.48,-0.03,0.41
103.62,2.48,-0.03,0.41
103.63,2.48,-0.03,0.41
103.64,2.48,-0.03,0.41
103.65,2.48,-0.03,0.41
103.66,2.48,-0.03,0.41
103.67,2.48,-0.03,0.41
103.68,2.48,-0.03,0.41
103.69,2.47,-0.03,0.41
103.7,2.47,-0.03,0.41
103.71,2.47,-0.03,0.41
103.72,2.47,-0.03,0.41
103.73,2.47,-0.03,0.41
103.74,2.47,-0.03,0.41
103.75,2.47,-0.03,0.41
103.76,2.47,-0.03,0.41
103.77,2.47,-0.03,0.41
103.78,2.47,-0.03,0.41
103.79,2.47,-0.03,0.41
103.8,2.47,-0.03,0.41
103.81,2.47,-0.03,0.41
103.82,2.47,-0.03,0.41
103.83,2.47,-0.03,0.41
103.84,2.47,-0.03,0.41
103.85,2.47,-0.03,0.41
103.86,2.47,-0.03,0.41
103.87,2.47,-0.03,0.41
103.88,2.47,-0.03,0.41
103.89,2.47,-0.04,0.41
103.9,2.47,-0.04,0.41
103.91,2.47,-0.04,0.41
103.92,2.47,-0.04,0.41
103.93,2.47,-0.04,0.41
103.94,2.47,-0.04,0.41
103.95,2.47,-0.04,0.41
103.96,2.47,-0.04,0.41
103.97,2.47,-0.04,0.41
103.98,2.47,-0.04,0.41
103.99,2.46,-0.04,0.41
104.0,2.46,-0.04,0.41
104.01,2.46,-0.04,0.41
104.02,2.46,-0.04,0.41
104.03,2.46,-0.04,0.41
104.04,2.46,-0.04,0.41
104.05,2.46,-0.04,0.41
104.06,2.46,-0.04,0.41
104.07,2.46,-0.04,0.41
104.08,2.46,-0.04,0.41
104.09,2.46,-0.04,0.41
104.1,2.46,-0.04,0.41
104.11,2.46,-0.04,0.41
104.12,2.46,-0.04,0.41
104.13,2.46,-0.04,0.41
104.14,2.46,-0.04,0.41
104.15,2.46,-0.04,0.41
104.16,2.46,-0.04,0.41
104.17,2.46,-0.04,0.41
104.18,2.46,-0.04,0.41
104.19,2.46,-0.04,0.41
104.2,2.46,-0.04,0.41
104.21,2.46,-0.04,0.41
104.22,2.46,-0.04,0.41
104.23,2.46,-0.04,0.41
104.24,2.45,-0.04,0.41
104.25,2.45,-0.04,0.41
104.26,2.45,-0.04,0.42
104.27,2.45,-0.04,0.42
104.28,2.45,-0.04,0.42
104.29,2.45,-0.04,0.42
104.3,2.45,-0.04,0.42
104.31,2.45,-0.04,0.42
104.32,2.45,-0.04,0.42
104.33,2.45,-0.04,0.42
104.34,2.45,-0.04,0.42
104.35,2.45,-0.04,0.42
104.36,2.45,-0.04,0.42
104.37,2.45,-0.04,0.42
104.38,2.45,-0.04,0.42
104.39,2.45,-0.04,0.42
104.4,2.45,-0.04,0.42
104.41,2.45,-0.04,0.42
104.42,2.45,-0.04,0.42
104.43,2.45,-0.04,0.42
104.44,2.45,-0.05,0.42
104.45,2.45,-0.05,0.42
104.46,2.45,-0.05,0.42
104.47,2.44,-0.05,0.42
104.48,2.44,-0.05,0.42
104.49,2.44,-0.05,0.42
104.5,2.44,-0.05,0.42
104.51,2.44,-0.05,0.42
104.52,2.44,-0.05,0.42
104.53,2.44,-0.05,0.42
104.54,2.44,-0.05,0.42
104.55,2.44,-0.05,0.42
104.56,2.44,-0.05,0.42
104.57,2.44,-0.05,0.42
104.58,2.44,-0.05,0.42
104.59,2.44,-0.05,0.42
104.6,2.44,-0.05,0.42
104.61,2.44,-0.05,0.42
104.62,2.44,-0.05,0.42
104.63,2.44,-0.05,0.42
104.64,2.44,-0.05,0.42
104.65,2.44,-0.05,0.42
104.66,2.44,-0.05,0.42
104.67,2.44,-0.05,0.42
104.68,2.43,-0.05,0.42
104.69,2.43,-0.05,0.42
104.7,2.43,-0.05,0.42
104.71,2.43,-0.05,0.42
104.72,2.43,-0.05,0.42
104.73,2.43,-0.05,0.42
104.74,2.43,-0.05,0.42
104.75,2.43,-0.05,0.42
104.76,2.43,-0.05,0.42
104.77,2.43,-0.05,0.42
104.78,2.43,-0.05,0.42
104.79,2.43,-0.05,0.42
104.8,2.43,-0.05,0.42
104.81,2.43,-0.05,0.42
104.82,2.43,-0.05,0.42
104.83,2.43,-0.05,0.42
104.84,2.43,-0.05,0.42
104.85,2.43,-0.05,0.42
104.86,2.43,-0.05,0.42
104.87,2.43,-0.05,0.42
104.88,2.42,-0.05,0.42
104.89,2.42,-0.05,0.42
104.9,2.42,-0.05,0.42
104.91,2.42,-0.05,0.42
104.92,2.42,-0.05,0.42
104.93,2.42,-0.05,0.42
104.94,2.42,-0.05,0.42
104.95,2.42,-0.05,0.42
104.96,2.42,-0.05,0.42
104.97,2.42,-0.05,0.42
104.98,2.42,-0.05,0.42
104.99,2.42,-0.05,0.42
105.0,2.42,-0.05,0.42
105.01,2.42,-0.05,0.42
105.02,2.42,-0.06,0.42
105.03,2.42,-0.06,0.42
105.04,2.42,-0.06,0.42
105.05,2.42,-0.06,0.42
105.06,2.42,-0.06,0.42
105.07,2.41,-0.06,0.42
105.08,2.41,-0.06,0.42
105.09,2.41,-0.06,0.42
105.1,2.41,-0.06,0.42
105.11,2.41,-0.06,0.42
105.12,2.41,-0.06,0.42
105.13,2.41,-0.06,0.42
105.14,2.41,-0.06,0.42
105.15,2.41,-0.06,0.42
105.16,2.41,-0.06,0.42
105.17,2.41,-0.06,0.42
105.18,2.41,-0.06,0.42
105.19,2.41,-0.06,0.42
105.2,2.41,-0.06,0.42
105.21,2.41,-0.06,0.42
105.22,2.41,-0.06,0.42
105.23,2.41,-0.06,0.42
105.24,2.4,-0.06,0.42
105.25,2.4,-0.06,0.42
105.26,2.4,-0.06,0.42
105.27,2.4,-0.06,0.42
105.28,2.4,-0.06,0.42
105.29,2.4,-0.06,0.42
105.3,2.4,-0.06,0.42
105.31,2.4,-0.06,0.42
105.32,2.4,-0.06,0.42
105.33,2.4,-0.06,0.42
105.34,2.4,-0.06,0.42
105.35,2.4,-0.06,0.42
105.36,2.4,-0.06,0.42
105.37,2.4,-0.06,0.42
105.38,2.4,-0.06,0.42
105.39,2.4,-0.06,0.42
105.4,2.4,-0.06,0.42
105.41,2.39,-0.06,0.42
105.42,2.39,-0.06,0.42
105.43,2.39,-0.06,0.42
105.44,2.39,-0.06,0.42
105.45,2.39,-0.06,0.42
105.46,2.39,-0.06,0.42
105.47,2.39,-0.06,0.42
105.48,2.39,-0.06,0.42
105.49,2.39,-0.06,0.42
105.5,2.39,-0.06,0.42
105.51,2.39,-0.06,0.42
105.52,2.39,-0.06,0.42
105.53,2.39,-0.06,0.42
105.54,2.39,-0.06,0.42
105.55,2.39,-0.06,0.42
105.56,2.39,-0.06,0.42
105.57,2.38,-0.06,0.42
105.58,2.38,-0.06,0.42
105.59,2.38,-0.06,0.42
105.6,2.38,-0.06,0.43
105.61,2.38,-0.06,0.43
105.62,2.38,-0.06,0.43
105.63,2.38,-0.06,0.43
105.64,2.38,-0.07,0.43
105.65,2.38,-0.07,0.43
105.66,2.38,-0.07,0.43
105.67,2.38,-0.07,0.43
105.68,2.38,-0.07,0.43
105.69,2.38,-0.07,0.43
105.7,2.38,-0.07,0.43
105.71,2.38,-0.07,0.43
105.72,2.37,-0.07,0.43
105.73,2.37,-0.07,0.43
105.74,2.37,-0.07,0.43
105.75,2.37,-0.07,0.43
105.76,2.37,-0.07,0.43
105.77,2.37,-0.07,0.43
105.78,2.37,-0.07,0.43
105.79,2.37,-0.07,0.43
105.8,2.37,-0.07,0.43
105.81,2.37,-0.07,0.43
105.82,2.37,-0.07,0.43
105.83,2.37,-0.07,0.43
105.84,2.37,-0.07,0.43
105.85,2.37,-0.07,0.43
105.86,2.37,-0.07,0.43
105.87,2.36,-0.07,0.43
105.88,2.36,-0.07,0.43
105.89,2.36,-0.07,0.43
105.9,2.36,-0.07,0.43
105.91,2.36,-0.07,0.43
105.92,2.36,-0.07,0.43
105.93,2.36,-0.07,0.43
105.94,2.36,-0.07,0.43
105.95,2.36,-0.07,0.43
105.96,2.36,-0.07,0.43
105.97,2.36,-0.07,0.43
105.98,2.36,-0.07,0.43
105.99,2.36,-0.07,0.43
106.0,2.36,-0.07,0.43
106.01,2.35,-0.07,0.43
106.02,2.35,-0.07,0.43
106.03,2.35,-0.07,0.43
106.04,2.35,-0.07,0.43
106.05,2.35,-0.07,0.43
106.06,2.35,-0.07,0.43
106.07,2.35,-0.07,0.43
106.08,2.35,-0.07,0.43
106.09,2.35,-0.07,0.43
106.1,2.35,-0.07,0.43
106.11,2.35,-0.07,0.43
106.12,2.35,-0.07,0.43
106.13,2.35,-0.07,0.43
106.14,2.35,-0.07,0.43
106.15,2.34,-0.07,0.43
106.16,2.34,-0.07,0.43
106.17,2.34,-0.07,0.43
106.18,2.34,-0.07,0.43
106.19,2.34,-0.07,0.43
106.2,2.34,-0.07,0.43
106.21,2.34,-0.07,0.43
106.22,2.34,-0.07,0.43
106.23,2.34,-0.07,0.43
106.24,2.34,-0.07,0.43
106.25,2.34,-0.07,0.43
106.26,2.34,-0.07,0.43
106.27,2.34,-0.07,0.43
106.28,2.34,-0.07,0.43
106.29,2.33,-0.07,0.43
106.3,2.33,-0.07,0.43
106.31,2.33,-0.07,0.43
106.32,2.33,-0.07,0.43
106.33,2.33,-0.07,0.43
106.34,2.33,-0.07,0.43
106.35,2.33,-0.08,0.43
106.36,2.33,-0.08,0.43
106.37,2.33,-0.08,0.43
106.38,2.33,-0.08,0.43
106.39,2.33,-0.08,0.43
106.4,2.33,-0.08,0.43
106.41,2.33,-0.08,0.43
106.42,2.32,-0.08,0.43
106.43,2.32,-0.08,0.43
106.44,2.32,-0.08,0.43
106.45,2.32,-0.08,0.43
106.46,2.32,-0.08,0.43
106.47,2.32,-0.08,0.43
106.48,2.32,-0.08,0.43
106.49,2.32,-0.08,0.43
106.5,2.32,-0.08,0.43
106.51,2.32,-0.08,0.43
106.52,2.32,-0.08,0.43
106.53,2.32,-0.08,0.43
106.54,2.32,-0.08,0.43
106.55,2.31,-0.08,0.43
106.56,2.31,-0.08,0.43
106.57,2.31,-0.08,0.43
106.58,2.31,-0.08,0.43
106.59,2.31,-0.08,0.43
106.6,2.31,-0.08,0.43
106.61,2.31,-0.08,0.43
106.62,2.31,-0.08,0.43
106.63,2.31,-0.08,0.43
106.64,2.31,-0.08,0.43
106.65,2.31,-0.08,0.43
106.66,2.31,-0.08,0.43
106.67,2.31,-0.08,0.43
106.68,2.3,-0.08,0.43
106.69,2.3,-0.08,0.43
106.7,2.3,-0.08,0.43
106.71,2.3,-0.08,0.43
106.72,2.3,-0.08,0.43
106.73,2.3,-0.08,0.43
106.74,2.3,-0.08,0.43
106.75,2.3,-0.08,0.43
106.76,2.3,-0.08,0.43
106.77,2.3,-0.08,0.43
106.78,2.3,-0.08,0.43
106.79,2.3,-0.08,0.43
106.8,2.3,-0.08,0.43
106.81,2.29,-0.08,0.43
106.82,2.29,-0.08,0.43
106.83,2.29,-0.08,0.43
106.84,2.29,-0.08,0.43
106.85,2.29,-0.08,0.43
106.86,2.29,-0.08,0.43
106.87,2.29,-0.08,0.43
106.88,2.29,-0.08,0.43
106.89,2.29,-0.08,0.43
106.9,2.29,-0.08,0.43
106.91,2.29,-0.08,0.43
106.92,2.29,-0.08,0.43
106.93,2.28,-0.08,0.43
106.94,2.28,-0.08,0.43
106.95,2.28,-0.08,0.43
106.96,2.28,-0.08,0.43
106.97,2.28,-0.08,0.43
106.98,2.28,-0.08,0.43
106.99,2.28,-0.08,0.43
107.0,2.28,-0.08,0.43
107.01,2.28,-0.08,0.43
107.02,2.28,-0.08,0.43
107.03,2.28,-0.08,0.43
107.04,2.28,-0.08,0.43
107.05,2.27,-0.08,0.43
107.06,2.27,-0.08,0.43
107.07,2.27,-0.08,0.43
107.08,2.27,-0.08,0.43
107.09,2.27,-0.08,0.44
107.1,2.27,-0.08,0.44
107.11,2.27,-0.08,0.44
107.12,2.27,-0.08,0.44
107.13,2.27,-0.08,0.44
107.14,2.27,-0.08,0.44
107.15,2.27,-0.08,0.44
107.16,2.27,-0.08,0.44
107.17,2.26,-0.08,0.44
107.18,2.26,-0.08,0.44
107.19,2.26,-0.09,0.44
107.2,2.26,-0.09,0.44
107.21,2.26,-0.09,0.44
107.22,2.26,-0.09,0.44
107.23,2.26,-0.09,0.44
107.24,2.26,-0.09,0.44
107.25,2.26,-0.09,0.44
107.26,2.26,-0.09,0.44
107.27,2.26,-0.09,0.44
107.28,2.25,-0.09,0.44
107.29,2.25,-0.09,0.44
107.3,2.25,-0.09,0.44
107.31,2.25,-0.09,0.44
107.32,2.25,-0.09,0.44
107.33,2.25,-0.09,0.44
107.34,2.25,-0.09,0.44
107.35,2.25,-0.09,0.44
107.36,2.25,-0.09,0.44
107.37,2.25,-0.09,0.44
107.38,2.25,-0.09,0.44
107.39,2.25,-0.09,0.44
107.4,2.24,-0.09,0.44
107.41,2.24,-0.09,0.44
107.42,2.24,-0.09,0.44
107.43,2.24,-0.09,0.44
107.44,2.24,-0.09,0.44
107.45,2.24,-0.09,0.44
107.46,2.24,-0.09,0.44
107.47,2.24,-0.09,0.44
107.48,2.24,-0.09,0.44
107.49,2.24,-0.09,0.44
107.5,2.24,-0.09,0.44
107.51,2.23,-0.09,0.44
107.52,2.23,-0.09,0.44
107.53,2.23,-0.09,0.44
107.54,2.23,-0.09,0.44
107.55,2.23,-0.09,0.44
107.56,2.23,-0.09,0.44
107.57,2.23,-0.09,0.44
107.58,2.23,-0.09,0.44
107.59,2.23,-0.09,0.44
107.6,2.23,-0.09,0.44
107.61,2.23,-0.09,0.44
107.62,2.23,-0.09,0.44
107.63,2.22,-0.09,0.44
107.64,2.22,-0.09,0.44
107.65,2.22,-0.09,0.44
107.66,2.22,-0.09,0.44
107.67,2.22,-0.09,0.44
107.68,2.22,-0.09,0.44
107.69,2.22,-0.09,0.44
107.7,2.22,-0.09,0.44
107.71,2.22,-0.09,0.44
107.72,2.22,-0.09,0.44
107.73,2.22,-0.09,0.44
107.74,2.21,-0.09,0.44
107.75,2.21,-0.09,0.44
107.76,2.21,-0.09,0.44
107.77,2.21,-0.09,0.44
107.78,2.21,-0.09,0.44
107.79,2.21,-0.09,0.44
107.8,2.21,-0.09,0.44
107.81,2.21,-0.09,0.44
107.82,2.21,-0.09,0.44
107.83,2.21,-0.09,0.44
107.84,2.21,-0.09,0.44
107.85,2.2,-0.09,0.44
107.86,2.2,-0.09,0.44
107.87,2.2,-0.09,0.44
107.88,2.2,-0.09,0.44
107.89,2.2,-0.09,0.44
107.9,2.2,-0.09,0.44
107.91,2.2,-0.09,0.44
107.92,2.2,-0.09,0.44
107.93,2.2,-0.09,0.44
107.94,2.2,-0.09,0.44
107.95,2.2,-0.09,0.44
107.96,2.19,-0.09,0.44
107.97,2.19,-0.09,0.44
107.98,2.19,-0.09,0.44
107.99,2.19,-0.09,0.44
108.0,2.19,-0.09,0.44
108.01,2.19,-0.09,0.44
108.02,2.19,-0.09,0.44
108.03,2.19,-0.09,0.44
108.04,2.19,-0.09,0.44
108.05,2.19,-0.09,0.44
108.06,2.19,-0.09,0.44
108.07,2.18,-0.09,0.44
108.08,2.18,-0.09,0.44
108.09,2.18,-0.09,0.44
108.1,2.18,-0.09,0.44
108.11,2.18,-0.09,0.44
108.12,2.18,-0.09,0.44
108.13,2.18,-0.09,0.44
108.14,2.18,-0.09,0.44
108.15,2.18,-0.09,0.44
108.16,2.18,-0.09,0.44
108.17,2.17,-0.09,0.44
108.18,2.17,-0.09,0.44
108.19,2.17,-0.09,0.44
108.2,2.17,-0.09,0.44
108.21,2.17,-0.09,0.44
108.22,2.17,-0.09,0.44
108.23,2.17,-0.09,0.44
108.24,2.17,-0.09,0.44
108.25,2.17,-0.09,0.44
108.26,2.17,-0.09,0.44
108.27,2.17,-0.09,0.44
108.28,2.16,-0.09,0.44
108.29,2.16,-0.09,0.44
108.3,2.16,-0.09,0.44
108.31,2.16,-0.09,0.44
108.32,2.16,-0.09,0.44
108.33,2.16,-0.09,0.44
108.34,2.16,-0.09,0.44
108.35,2.16,-0.09,0.44
108.36,2.16,-0.09,0.44
108.37,2.16,-0.1,0.44
108.38,2.15,-0.1,0.44
108.39,2.15,-0.1,0.44
108.4,2.15,-0.1,0.44
108.41,2.15,-0.1,0.44
108.42,2.15,-0.1,0.44
108.43,2.15,-0.1,0.44
108.44,2.15,-0.1,0.44
108.45,2.15,-0.1,0.44
108.46,2.15,-0.1,0.44
108.47,2.15,-0.1,0.44
108.48,2.15,-0.1,0.44
108.49,2.14,-0.1,0.44
108.5,2.14,-0.1,0.44
108.51,2.14,-0.1,0.44
108.52,2.14,-0.1,0.44
108.53,2.14,-0.1,0.44
108.54,2.14,-0.1,0.44
108.55,2.14,-0.1,0.44
108.56,2.14,-0.1,0.44
108.57,2.14,-0.1,0.44
108.58,2.14,-0.1,0.44
108.59,2.13,-0.1,0.44
108.6,2.13,-0.1,0.44
108.61,2.13,-0.1,0.44
108.62,2.13,-0.1,0.44
108.63,2.13,-0.1,0.44
108.64,2.13,-0.1,0.44
108.65,2.13,-0.1,0.44
108.66,2.13,-0.1,0.44
108.67,2.13,-0.1,0.44
108.68,2.13,-0.1,0.44
108.69,2.13,-0.1,0.44
108.7,2.12,-0.1,0.44
108.71,2.12,-0.1,0.44
108.72,2.12,-0.1,0.44
108.73,2.12,-0.1,0.44
108.74,2.12,-0.1,0.44
108.75,2.12,-0.1,0.44
108.76,2.12,-0.1,0.44
108.77,2.12,-0.1,0.44
108.78,2.12,-0.1,0.44
108.79,2.12,-0.1,0.44
108.8,2.11,-0.1,0.44
108.81,2.11,-0.1,0.44
108.82,2.11,-0.1,0.44
108.83,2.11,-0.1,0.44
108.84,2.11,-0.1,0.44
108.85,2.11,-0.1,0.44
108.86,2.11,-0.1,0.44
108.87,2.11,-0.1,0.44
108.88,2.11,-0.1,0.44
108.89,2.11,-0.1,0.44
108.9,2.1,-0.1,0.44
108.91,2.1,-0.1,0.44
108.92,2.1,-0.1,0.44
108.93,2.1,-0.1,0.44
108.94,2.1,-0.1,0.44
108.95,2.1,-0.1,0.44
108.96,2.1,-0.1,0.44
108.97,2.1,-0.1,0.44
108.98,2.1,-0.1,0.44
108.99,2.1,-0.1,0.44
109.0,2.09,-0.1,0.44
109.01,2.09,-0.1,0.44
109.02,2.09,-0.1,0.44
109.03,2.09,-0.1,0.44
109.04,2.09,-0.1,0.45
109.05,2.09,-0.1,0.45
109.06,2.09,-0.1,0.45
109.07,2.09,-0.1,0.45
109.08,2.09,-0.1,0.45
109.09,2.09,-0.1,0.45
109.1,2.09,-0.1,0.45
109.11,2.08,-0.1,0.45
109.12,2.08,-0.1,0.45
109.13,2.08,-0.1,0.45
109.14,2.08,-0.1,0.45
109.15,2.08,-0.1,0.45
109.16,2.08,-0.1,0.45
109.17,2.08,-0.1,0.45
109.18,2.08,-0.1,0.45
109.19,2.08,-0.1,0.45
109.2,2.08,-0.1,0.45
109.21,2.07,-0.1,0.45
109.22,2.07,-0.1,0.45
109.23,2.07,-0.1,0.45
109.24,2.07,-0.1,0.45
109.25,2.07,-0.1,0.45
109.26,2.07,-0.1,0.45
109.27,2.07,-0.1,0.45
109.28,2.07,-0.1,0.45
109.29,2.07,-0.1,0.45
109.3,2.07,-0.1,0.45
109.31,2.06,-0.1,0.45
109.32,2.06,-0.1,0.45
109.33,2.06,-0.1,0.45
109.34,2.06,-0.1,0.45
109.35,2.06,-0.1,0.45
109.36,2.06,-0.1,0.45
109.37,2.06,-0.1,0.45
109.38,2.06,-0.1,0.45
109.39,2.06,-0.1,0.45
109.4,2.06,-0.1,0.45
109.41,2.05,-0.1,0.45
109.42,2.05,-0.1,0.45
109.43,2.05,-0.1,0.45
109.44,2.05,-0.1,0.45
109.45,2.05,-0.1,0.45
109.46,2.05,-0.1,0.45
109.47,2.05,-0.1,0.45
109.48,2.05,-0.1,0.45
109.49,2.05,-0.1,0.45
109.5,2.05,-0.1,0.45
109.51,2.04,-0.1,0.45
109.52,2.04,-0.1,0.45
109.53,2.04,-0.1,0.45
109.54,2.04,-0.1,0.45
109.55,2.04,-0.1,0.45
109.56,2.04,-0.1,0.45
109.57,2.04,-0.1,0.45
109.58,2.04,-0.1,0.45
109.59,2.04,-0.1,0.45
109.6,2.04,-0.1,0.45
109.61,2.03,-0.1,0.45
109.62,2.03,-0.1,0.45
109.63,2.03,-0.1,0.45
109.64,2.03,-0.1,0.45
109.65,2.03,-0.1,0.45
109.66,2.03,-0.1,0.45
109.67,2.03,-0.1,0.45
109.68,2.03,-0.1,0.45
109.69,2.03,-0.1,0.45
109.7,2.03,-0.1,0.45
109.71,2.02,-0.1,0.45
109.72,2.02,-0.1,0.45
109.73,2.02,-0.1,0.45
109.74,2.02,-0.1,0.45
109.75,2.02,-0.1,0.45
109.76,2.02,-0.1,0.45
109.77,2.02,-0.1,0.45
109.78,2.02,-0.1,0.45
109.79,2.02,-0.1,0.45
109.8,2.02,-0.1,0.45
109.81,2.01,-0.1,0.45
109.82,2.01,-0.1,0.45
109.83,2.01,-0.1,0.45
109.84,2.01,-0.1,0.45
109.85,2.01,-0.1,0.45
109.86,2.01,-0.1,0.45
109.87,2.01,-0.1,0.45
109.88,2.01,-0.1,0.45
109.89,2.01,-0.1,0.45
109.9,2.01,-0.1,0.45
109.91,2.0,-0.1,0.45
109.92,2.0,-0.1,0.45
109.93,2.0,-0.1,0.45
109.94,2.0,-0.1,0.45
109.95,2.0,-0.1,0.45
109.96,2.0,-0.1,0.45
109.97,2.0,-0.1,0.45
109.98,2.0,-0.1,0.45
109.99,2.0,-0.1,0.45
110.0,2.0,-0.1,0.45
110.01,1.99,-0.1,0.45
110.02,1.99,-0.1,0.45
110.03,1.99,-0.1,0.45
110.04,1.99,-0.1,0.45
110.05,1.99,-0.1,0.45
110.06,1.99,-0.1,0.45
110.07,1.99,-0.1,0.45
110.08,1.99,-0.1,0.45
110.09,1.99,-0.1,0.45
110.1,1.99,-0.1,0.45
110.11,1.98,-0.1,0.45
110.12,1.98,-0.1,0.45
110.13,1.98,-0.1,0.45
110.14,1.98,-0.1,0.45
110.15,1.98,-0.1,0.45
110.16,1.98,-0.1,0.45
110.17,1.98,-0.1,0.45
110.18,1.98,-0.1,0.45
110.19,1.98,-0.1,0.45
110.2,1.98,-0.1,0.45
110.21,1.97,-0.1,0.45
110.22,1.97,-0.1,0.45
110.23,1.97,-0.1,0.45
110.24,1.97,-0.1,0.45
110.25,1.97,-0.1,0.45
110.26,1.97,-0.1,0.45
110.27,1.97,-0.1,0.45
110.28,1.97,-0.1,0.45
110.29,1.97,-0.1,0.45
110.3,1.97,-0.1,0.45
110.31,1.96,-0.1,0.45
110.32,1.96,-0.1,0.45
110.33,1.96,-0.1,0.45
110.34,1.96,-0.1,0.45
110.35,1.96,-0.1,0.45
110.36,1.96,-0.1,0.45
110.37,1.96,-0.1,0.45
110.38,1.96,-0.1,0.45
110.39,1.96,-0.1,0.45
110.4,1.96,-0.1,0.45
110.41,1.95,-0.1,0.45
110.42,1.95,-0.1,0.45
110.43,1.95,-0.1,0.45
110.44,1.95,-0.1,0.45
110.45,1.95,-0.1,0.45
110.46,1.95,-0.1,0.45
110.47,1.95,-0.1,0.45
110.48,1.95,-0.1,0.45
110.49,1.95,-0.1,0.45
110.5,1.95,-0.1,0.45
110.51,1.94,-0.1,0.45
110.52,1.94,-0.1,0.45
110.53,1.94,-0.1,0.45
110.54,1.94,-0.1,0.45
110.55,1.94,-0.1,0.45
110.56,1.94,-0.1,0.45
110.57,1.94,-0.1,0.45
110.58,1.94,-0.1,0.45
110.59,1.94,-0.1,0.45
110.6,1.94,-0.1,0.45
110.61,1.93,-0.1,0.45
110.62,1.93,-0.1,0.45
110.63,1.93,-0.1,0.45
110.64,1.93,-0.1,0.45
110.65,1.93,-0.1,0.45
110.66,1.93,-0.1,0.45
110.67,1.93,-0.1,0.45
110.68,1.93,-0.1,0.45
110.69,1.93,-0.1,0.45
110.7,1.93,-0.1,0.45
110.71,1.92,-0.1,0.45
110.72,1.92,-0.1,0.45
110.73,1.92,-0.1,0.45
110.74,1.92,-0.1,0.45
110.75,1.92,-0.1,0.45
110.76,1.92,-0.1,0.45
110.77,1.92,-0.1,0.45
110.78,1.92,-0.1,0.45
110.79,1.92,-0.1,0.45
110.8,1.92,-0.1,0.45
110.81,1.91,-0.1,0.45
110.82,1.91,-0.1,0.45
110.83,1.91,-0.1,0.45
110.84,1.91,-0.1,0.45
110.85,1.91,-0.1,0.45
110.86,1.91,-0.1,0.45
110.87,1.91,-0.1,0.45
110.88,1.91,-0.1,0.45
110.89,1.91,-0.1,0.45
110.9,1.91,-0.1,0.45
110.91,1.91,-0.1,0.45
110.92,1.9,-0.1,0.45
110.93,1.9,-0.1,0.45
110.94,1.9,-0.1,0.45
110.95,1.9,-0.1,0.45
110.96,1.9,-0.1,0.45
110.97,1.9,-0.1,0.45
110.98,1.9,-0.1,0.45
110.99,1.9,-0.1,0.45
111.0,1.9,-0.1,0.45
111.01,1.9,-0.1,0.45
111.02,1.89,-0.1,0.45
111.03,1.89,-0.1,0.45
111.04,1.89,-0.1,0.45
111.05,1.89,-0.1,0.45
111.06,1.89,-0.1,0.45
111.07,1.89,-0.1,0.45
111.08,1.89,-0.1,0.45
111.09,1.89,-0.1,0.45
111.1,1.89,-0.1,0.45
111.11,1.89,-0.1,0.45
111.12,1.88,-0.1,0.45
111.13,1.88,-0.1,0.45
111.14,1.88,-0.1,0.45
111.15,1.88,-0.1,0.45
111.16,1.88,-0.1,0.45
111.17,1.88,-0.1,0.45
111.18,1.88,-0.1,0.45
111.19,1.88,-0.1,0.45
111.2,1.88,-0.1,0.45
111.21,1.88,-0.1,0.45
111.22,1.87,-0.1,0.45
111.23,1.87,-0.1,0.45
111.24,1.87,-0.1,0.45
111.25,1.87,-0.1,0.45
111.26,1.87,-0.1,0.45
111.27,1.87,-0.1,0.45
111.28,1.87,-0.1,0.45
111.29,1.87,-0.1,0.45
111.3,1.87,-0.1,0.45
111.31,1.87,-0.1,0.45
111.32,1.87,-0.1,0.45
111.33,1.86,-0.1,0.45
111.34,1.86,-0.1,0.45
111.35,1.86,-0.1,0.45
111.36,1.86,-0.1,0.45
111.37,1.86,-0.1,0.45
111.38,1.86,-0.1,0.45
111.39,1.86,-0.1,0.45
111.4,1.86,-0.1,0.45
111.41,1.86,-0.1,0.45
111.42,1.86,-0.1,0.45
111.43,1.85,-0.1,0.45
111.44,1.85,-0.1,0.45
111.45,1.85,-0.1,0.45
111.46,1.85,-0.1,0.45
111.47,1.85,-0.1,0.45
111.48,1.85,-0.1,0.45
111.49,1.85,-0.1,0.45
111.5,1.85,-0.1,0.45
111.51,1.85,-0.1,0.45
111.52,1.85,-0.1,0.45
111.53,1.85,-0.1,0.45
111.54,1.84,-0.1,0.45
111.55,1.84,-0.09,0.45
111.56,1.84,-0.09,0.45
111.57,1.84,-0.09,0.45
111.58,1.84,-0.09,0.45
111.59,1.84,-0.09,0.45
111.6,1.84,-0.09,0.45
111.61,1.84,-0.09,0.45
111.62,1.84,-0.09,0.45
111.63,1.84,-0.09,0.45
111.64,1.83,-0.09,0.45
111.65,1.83,-0.09,0.45
111.66,1.83,-0.09,0.45
111.67,1.83,-0.09,0.45
111.68,1.83,-0.09,0.45
111.69,1.83,-0.09,0.45
111.7,1.83,-0.09,0.45
111.71,1.83,-0.09,0.45
111.72,1.83,-0.09,0.45
111.73,1.83,-0.09,0.45
111.74,1.83,-0.09,0.45
111.75,1.82,-0.09,0.45
111.76,1.82,-0.09,0.45
111.77,1.82,-0.09,0.45
111.78,1.82,-0.09,0.45
111.79,1.82,-0.09,0.45
111.8,1.82,-0.09,0.45
111.81,1.82,-0.09,0.45
111.82,1.82,-0.09,0.45
111.83,1.82,-0.09,0.45
111.84,1.82,-0.09,0.45
111.85,1.82,-0.09,0.45
111.86,1.81,-0.09,0.45
111.87,1.81,-0.09,0.45
111.88,1.81,-0.09,0.45
111.89,1.81,-0.09,0.45
111.9,1.81,-0.09,0.45
111.91,1.81,-0.09,0.45
111.92,1.81,-0.09,0.45
111.93,1.81,-0.09,0.45
111.94,1.81,-0.09,0.45
111.95,1.81,-0.09,0.45
111.96,1.8,-0.09,0.45
111.97,1.8,-0.09,0.45
111.98,1.8,-0.09,0.45
111.99,1.8,-0.09,0.45
112.0,1.8,-0.09,0.45
112.01,1.8,-0.09,0.45
112.02,1.8,-0.09,0.45
112.03,1.8,-0.09,0.45
112.04,1.8,-0.09,0.45
112.05,1.8,-0.09,0.45
112.06,1.8,-0.09,0.45
112.07,1.79,-0.09,0.45
112.08,1.79,-0.09,0.45
112.09,1.79,-0.09,0.45
112.1,1.79,-0.09,0.45
112.11,1.79,-0.09,0.45
112.12,1.79,-0.09,0.45
112.13,1.79,-0.09,0.45
112.14,1.79,-0.09,0.45
112.15,1.79,-0.09,0.45
112.16,1.79,-0.09,0.45
112.17,1.79,-0.09,0.45
112.18,1.78,-0.09,0.45
112.19,1.78,-0.09,0.45
112.2,1.78,-0.09,0.45
112.21,1.78,-0.09,0.45
112.22,1.78,-0.09,0.45
112.23,1.78,-0.09,0.45
112.24,1.78,-0.09,0.45
112.25,1.78,-0.09,0.45
112.26,1.78,-0.09,0.45
112.27,1.78,-0.09,0.45
112.28,1.78,-0.09,0.45
112.29,1.77,-0.09,0.45
112.3,1.77,-0.09,0.45
112.31,1.77,-0.09,0.45
112.32,1.77,-0.09,0.45
112.33,1.77,-0.09,0.45
112.34,1.77,-0.09,0.45
112.35,1.77,-0.09,0.45
112.36,1.77,-0.09,0.45
112.37,1.77,-0.09,0.45
112.38,1.77,-0.09,0.45
112.39,1.77,-0.09,0.45
112.4,1.77,-0.09,0.45
112.41,1.76,-0.09,0.45
112.42,1.76,-0.09,0.45
112.43,1.76,-0.09,0.45
112.44,1.76,-0.09,0.45
112.45,1.76,-0.09,0.45
112.46,1.76,-0.09,0.45
112.47,1.76,-0.09,0.45
112.48,1.76,-0.09,0.45
112.49,1.76,-0.09,0.45
112.5,1.76,-0.09,0.45
112.51,1.76,-0.09,0.45
112.52,1.75,-0.09,0.45
112.53,1.75,-0.09,0.45
112.54,1.75,-0.09,0.45
112.55,1.75,-0.09,0.45
112.56,1.75,-0.09,0.45
112.57,1.75,-0.09,0.45
112.58,1.75,-0.09,0.45
112.59,1.75,-0.09,0.45
112.6,1.75,-0.09,0.45
112.61,1.75,-0.09,0.45
112.62,1.75,-0.09,0.45
112.63,1.75,-0.09,0.45
112.64,1.74,-0.09,0.45
112.65,1.74,-0.09,0.45
112.66,1.74,-0.09,0.45
112.67,1.74,-0.09,0.45
112.68,1.74,-0.09,0.45
112.69,1.74,-0.09,0.45
112.7,1.74,-0.09,0.45
112.71,1.74,-0.09,0.45
112.72,1.74,-0.09,0.45
112.73,1.74,-0.08,0.45
112.74,1.74,-0.08,0.45
112.75,1.73,-0.08,0.45
112.76,1.73,-0.08,0.45
112.77,1.73,-0.08,0.45
112.78,1.73,-0.08,0.45
112.79,1.73,-0.08,0.45
112.8,1.73,-0.08,0.45
112.81,1.73,-0.08,0.45
112.82,1.73,-0.08,0.45
112.83,1.73,-0.08,0.45
112.84,1.73,-0.08,0.45
112.85,1.73,-0.08,0.45
112.86,1.73,-0.08,0.45
112.87,1.72,-0.08,0.45
112.88,1.72,-0.08,0.45
112.89,1.72,-0.08,0.45
112.9,1.72,-0.08,0.45
112.91,1.72,-0.08,0.45
112.92,1.72,-0.08,0.45
112.93,1.72,-0.08,0.45
112.94,1.72,-0.08,0.45
112.95,1.72,-0.08,0.45
112.96,1.72,-0.08,0.45
112.97,1.72,-0.08,0.45
112.98,1.72,-0.08,0.45
112.99,1.71,-0.08,0.45
113.0,1.71,-0.08,0.45
113.01,1.71,-0.08,0.45
113.02,1.71,-0.08,0.45
113.03,1.71,-0.08,0.45
113.04,1.71,-0.08,0.45
113.05,1.71,-0.08,0.45
113.06,1.71,-0.08,0.45
113.07,1.71,-0.08,0.45
113.08,1.71,-0.08,0.45
113.09,1.71,-0.08,0.45
113.1,1.71,-0.08,0.45
113.11,1.71,-0.08,0.45
113.12,1.7,-0.08,0.45
113.13,1.7,-0.08,0.45
113.14,1.7,-0.08,0.45
113.15,1.7,-0.08,0.45
113.16,1.7,-0.08,0.45
113.17,1.7,-0.08,0.45
113.18,1.7,-0.08,0.45
113.19,1.7,-0.08,0.44
113.2,1.7,-0.08,0.44
113.21,1.7,-0.08,0.44
113.22,1.7,-0.08,0.44
113.23,1.7,-0.08,0.44
113.24,1.69,-0.08,0.44
113.25,1.69,-0.08,0.44
113.26,1.69,-0.08,0.44
113.27,1.69,-0.08,0.44
113.28,1.69,-0.08,0.44
113.29,1.69,-0.08,0.44
113.3,1.69,-0.08,0.44
113.31,1.69,-0.08,0.44
113.32,1.69,-0.08,0.44
113.33,1.69,-0.08,0.44
113.34,1.69,-0.08,0.44
113.35,1.69,-0.08,0.44
113.36,1.69,-0.08,0.44
113.37,1.68,-0.08,0.44
113.38,1.68,-0.08,0.44
113.39,1.68,-0.08,0.44
113.4,1.68,-0.08,0.44
113.41,1.68,-0.08,0.44
113.42,1.68,-0.08,0.44
113.43,1.68,-0.08,0.44
113.44,1.68,-0.08,0.44
113.45,1.68,-0.08,0.44
113.46,1.68,-0.08,0.44
113.47,1.68,-0.08,0.44
113.48,1.68,-0.08,0.44
113.49,1.68,-0.08,0.44
113.5,1.67,-0.08,0.44
113.51,1.67,-0.08,0.44
113.52,1.67,-0.08,0.44
113.53,1.67,-0.08,0.44
113.54,1.67,-0.08,0.44
113.55,1.67,-0.08,0.44
113.56,1.67,-0.08,0.44
113.57,1.67,-0.07,0.44
113.58,1.67,-0.07,0.44
113.59,1.67,-0.07,0.44
113.6,1.67,-0.07,0.44
113.61,1.67,-0.07,0.44
113.62,1.67,-0.07,0.44
113.63,1.66,-0.07,0.44
113.64,1.66,-0.07,0.44
113.65,1.66,-0.07,0.44
113.66,1.66,-0.07,0.44
113.67,1.66,-0.07,0.44
113.68,1.66,-0.07,0.44
113.69,1.66,-0.07,0.44
113.7,1.66,-0.07,0.44
113.71,1.66,-0.07,0.44
113.72,1.66,-0.07,0.44
113.73,1.66,-0.07,0.44
113.74,1.66,-0.07,0.44
113.75,1.66,-0.07,0.44
113.76,1.66,-0.07,0.44
113.77,1.65,-0.07,0.44
113.78,1.65,-0.07,0.44
113.79,1.65,-0.07,0.44
113.8,1.65,-0.07,0.44
113.81,1.65,-0.07,0.44
113.82,1.65,-0.07,0.44
113.83,1.65,-0.07,0.44
113.84,1.65,-0.07,0.44
113.85,1.65,-0.07,0.44
113.86,1.65,-0.07,0.44
113.87,1.65,-0.07,0.44
113.88,1.65,-0.07,0.44
113.89,1.65,-0.07,0.44
113.9,1.65,-0.07,0.44
113.91,1.64,-0.07,0.44
113.92,1.64,-0.07,0.44
113.93,1.64,-0.07,0.44
113.94,1.64,-0.07,0.44
113.95,1.64,-0.07,0.44
113.96,1.64,-0.07,0.44
113.97,1.64,-0.07,0.44
113.98,1.64,-0.07,0.44
113.99,1.64,-0.07,0.44
114.0,1.64,-0.07,0.44
114.01,1.64,-0.07,0.44
114.02,1.64,-0.07,0.44
114.03,1.64,-0.07,0.44
114.04,1.64,-0.07,0.44
114.05,1.63,-0.07,0.44
114.06,1.63,-0.07,0.44
114.07,1.63,-0.07,0.44
114.08,1.63,-0.07,0.44
114.09,1.63,-0.07,0.44
114.1,1.63,-0.07,0.44
114.11,1.63,-0.07,0.44
114.12,1.63,-0.07,0.44
114.13,1.63,-0.07,0.44
114.14,1.63,-0.07,0.44
114.15,1.63,-0.07,0.44
114.16,1.63,-0.07,0.44
114.17,1.63,-0.07,0.44
114.18,1.63,-0.07,0.44
114.19,1.63,-0.07,0.44
114.2,1.62,-0.07,0.44
114.21,1.62,-0.07,0.44
114.22,1.62,-0.07,0.44
114.23,1.62,-0.07,0.44
114.24,1.62,-0.07,0.44
114.25,1.62,-0.07,0.44
114.26,1.62,-0.07,0.44
114.27,1.62,-0.07,0.44
114.28,1.62,-0.06,0.44
114.29,1.62,-0.06,0.44
114.3,1.62,-0.06,0.44
114.31,1.62,-0.06,0.44
114.32,1.62,-0.06,0.44
114.33,1.62,-0.06,0.44
114.34,1.62,-0.06,0.44
114.35,1.61,-0.06,0.44
114.36,1.61,-0.06,0.44
114.37,1.61,-0.06,0.44
114.38,1.61,-0.06,0.44
114.39,1.61,-0.06,0.44
114.4,1.61,-0.06,0.44
114.41,1.61,-0.06,0.44
114.42,1.61,-0.06,0.44
114.43,1.61,-0.06,0.44
114.44,1.61,-0.06,0.44
114.45,1.61,-0.06,0.44
114.46,1.61,-0.06,0.44
114.47,1.61,-0.06,0.44
114.48,1.61,-0.06,0.44
114.49,1.61,-0.06,0.44
114.5,1.61,-0.06,0.44
114.51,1.6,-0.06,0.44
114.52,1.6,-0.06,0.44
114.53,1.6,-0.06,0.44
114.54,1.6,-0.06,0.44
114.55,1.6,-0.06,0.44
114.56,1.6,-0.06,0.44
114.57,1.6,-0.06,0.44
114.58,1.6,-0.06,0.44
114.59,1.6,-0.06,0.44
114.6,1.6,-0.06,0.44
114.61,1.6,-0.06,0.44
114.62,1.6,-0.06,0.44
114.63,1.6,-0.06,0.44
114.64,1.6,-0.06,0.44
114.65,1.6,-0.06,0.44
114.66,1.6,-0.06,0.43
114.67,1.6,-0.06,0.43
114.68,1.59,-0.06,0.43
114.69,1.59,-0.06,0.43
114.7,1.59,-0.06,0.43
114.71,1.59,-0.06,0.43
114.72,1.59,-0.06,0.43
114.73,1.59,-0.06,0.43
114.74,1.59,-0.06,0.43
114.75,1.59,-0.06,0.43
114.76,1.59,-0.06,0.43
114.77,1.59,-0.06,0.43
114.78,1.59,-0.06,0.43
114.79,1.59,-0.06,0.43
114.8,1.59,-0.06,0.43
114.81,1.59,-0.06,0.43
114.82,1.59,-0.06,0.43
114.83,1.59,-0.06,0.43
114.84,1.59,-0.06,0.43
114.85,1.59,-0.06,0.43
114.86,1.58,-0.06,0.43
114.87,1.58,-0.06,0.43
114.88,1.58,-0.06,0.43
114.89,1.58,-0.06,0.43
114.9,1.58,-0.05,0.43
114.91,1.58,-0.05,0.43
114.92,1.58,-0.05,0.43
114.93,1.58,-0.05,0.43
114.94,1.58,-0.05,0.43
114.95,1.58,-0.05,0.43
114.96,1.58,-0.05,0.43
114.97,1.58,-0.05,0.43
114.98,1.58,-0.05,0.43
114.99,1.58,-0.05,0.43
115.0,1.58,-0.05,0.43
115.01,1.58,-0.05,0.43
115.02,1.58,-0.05,0.43
115.03,1.58,-0.05,0.43
115.04,1.57,-0.05,0.43
115.05,1.57,-0.05,0.43
115.06,1.57,-0.05,0.43
115.07,1.57,-0.05,0.43
115.08,1.57,-0.05,0.43
115.09,1.57,-0.05,0.43
115.1,1.57,-0.05,0.43
115.11,1.57,-0.05,0.43
115.12,1.57,-0.05,0.43
115.13,1.57,-0.05,0.43
115.14,1.57,-0.05,0.43
115.15,1.57,-0.05,0.43
115.16,1.57,-0.05,0.43
115.17,1.57,-0.05,0.43
115.18,1.57,-0.05,0.43
115.19,1.57,-0.05,0.43
115.2,1.57,-0.05,0.43
115.21,1.57,-0.05,0.43
115.22,1.57,-0.05,0.43
115.23,1.57,-0.05,0.43
115.24,1.56,-0.05,0.43
115.25,1.56,-0.05,0.43
115.26,1.56,-0.05,0.43
115.27,1.56,-0.05,0.43
115.28,1.56,-0.05,0.43
115.29,1.56,-0.05,0.43
115.3,1.56,-0.05,0.43
115.31,1.56,-0.05,0.43
115.32,1.56,-0.05,0.43
115.33,1.56,-0.05,0.43
115.34,1.56,-0.05,0.43
115.35,1.56,-0.05,0.43
115.36,1.56,-0.05,0.43
115.37,1.56,-0.05,0.43
115.38,1.56,-0.05,0.43
115.39,1.56,-0.05,0.43
115.4,1.56,-0.05,0.43
115.41,1.56,-0.05,0.43
115.42,1.56,-0.05,0.43
115.43,1.56,-0.05,0.43
115.44,1.56,-0.05,0.43
115.45,1.55,-0.05,0.43
115.46,1.55,-0.05,0.43
115.47,1.55,-0.05,0.43
115.48,1.55,-0.04,0.43
115.49,1.55,-0.04,0.43
115.5,1.55,-0.04,0.43
115.51,1.55,-0.04,0.43
115.52,1.55,-0.04,0.43
115.53,1.55,-0.04,0.43
115.54,1.55,-0.04,0.43
115.55,1.55,-0.04,0.43
115.56,1.55,-0.04,0.43
115.57,1.55,-0.04,0.43
115.58,1.55,-0.04,0.43
115.59,1.55,-0.04,0.43
115.6,1.55,-0.04,0.43
115.61,1.55,-0.04,0.43
115.62,1.55,-0.04,0.43
115.63,1.55,-0.04,0.43
115.64,1.55,-0.04,0.43
115.65,1.55,-0.04,0.43
115.66,1.55,-0.04,0.42
115.67,1.55,-0.04,0.42
115.68,1.54,-0.04,0.42
115.69,1.54,-0.04,0.42
115.7,1.54,-0.04,0.42
115.71,1.54,-0.04,0.42
115.72,1.54,-0.04,0.42
115.73,1.54,-0.04,0.42
115.74,1.54,-0.04,0.42
115.75,1.54,-0.04,0.42
115.76,1.54,-0.04,0.42
115.77,1.54,-0.04,0.42
115.78,1.54,-0.04,0.42
115.79,1.54,-0.04,0.42
115.8,1.54,-0.04,0.42
115.81,1.54,-0.04,0.42
115.82,1.54,-0.04,0.42
115.83,1.54,-0.04,0.42
115.84,1.54,-0.04,0.42
115.85,1.54,-0.04,0.42
115.86,1.54,-0.04,0.42
115.87,1.54,-0.04,0.42
115.88,1.54,-0.04,0.42
115.89,1.54,-0.04,0.42
115.9,1.54,-0.04,0.42
115.91,1.54,-0.04,0.42
115.92,1.54,-0.04,0.42
115.93,1.53,-0.04,0.42
115.94,1.53,-0.04,0.42
115.95,1.53,-0.04,0.42
115.96,1.53,-0.04,0.42
115.97,1.53,-0.04,0.42
115.98,1.53,-0.04,0.42
115.99,1.53,-0.04,0.42
116.0,1.53,-0.04,0.42
116.01,1.53,-0.04,0.42
116.02,1.53,-0.04,0.42
116.03,1.53,-0.03,0.42
116.04,1.53,-0.03,0.42
116.05,1.53,-0.03,0.42
116.06,1.53,-0.03,0.42
116.07,1.53,-0.03,0.42
116.08,1.53,-0.03,0.42
116.09,1.53,-0.03,0.42
116.1,1.53,-0.03,0.42
116.11,1.53,-0.03,0.42
116.12,1.53,-0.03,0.42
116.13,1.53,-0.03,0.42
116.14,1.53,-0.03,0.42
116.15,1.53,-0.03,0.42
116.16,1.53,-0.03,0.42
116.17,1.53,-0.03,0.42
116.18,1.53,-0.03,0.42
116.19,1.53,-0.03,0.42
116.2,1.53,-0.03,0.42
116.21,1.53,-0.03,0.42
116.22,1.53,-0.03,0.42
116.23,1.52,-0.03,0.42
116.24,1.52,-0.03,0.42
116.25,1.52,-0.03,0.42
116.26,1.52,-0.03,0.42
116.27,1.52,-0.03,0.42
116.28,1.52,-0.03,0.42
116.29,1.52,-0.03,0.42
116.3,1.52,-0.03,0.42
116.31,1.52,-0.03,0.42
116.32,1.52,-0.03,0.42
116.33,1.52,-0.03,0.42
116.34,1.52,-0.03,0.42
116.35,1.52,-0.03,0.42
116.36,1.52,-0.03,0.42
116.37,1.52,-0.03,0.42
116.38,1.52,-0.03,0.42
116.39,1.52,-0.03,0.42
116.4,1.52,-0.03,0.42
116.41,1.52,-0.03,0.42
116.42,1.52,-0.03,0.42
116.43,1.52,-0.03,0.42
116.44,1.52,-0.03,0.42
116.45,1.52,-0.03,0.42
116.46,1.52,-0.03,0.42
116.47,1.52,-0.03,0.42
116.48,1.52,-0.03,0.42
116.49,1.52,-0.03,0.42
116.5,1.52,-0.03,0.42
116.51,1.52,-0.03,0.41
116.52,1.52,-0.03,0.41
116.53,1.52,-0.03,0.41
116.54,1.52,-0.03,0.41
116.55,1.52,-0.02,0.41
116.56,1.52,-0.02,0.41
116.57,1.52,-0.02,0.41
116.58,1.52,-0.02,0.41
116.59,1.51,-0.02,0.41
116.6,1.51,-0.02,0.41
116.61,1.51,-0.02,0.41
116.62,1.51,-0.02,0.41
116.63,1.51,-0.02,0.41
116.64,1.51,-0.02,0.41
116.65,1.51,-0.02,0.41
116.66,1.51,-0.02,0.41
116.67,1.51,-0.02,0.41
116.68,1.51,-0.02,0.41
116.69,1.51,-0.02,0.41
116.7,1.51,-0.02,0.41
116.71,1.51,-0.02,0.41
116.72,1.51,-0.02,0.41
116.73,1.51,-0.02,0.41
116.74,1.51,-0.02,0.41
116.75,1.51,-0.02,0.41
116.76,1.51,-0.02,0.41
116.77,1.51,-0.02,0.41
116.78,1.51,-0.02,0.41
116.79,1.51,-0.02,0.41
116.8,1.51,-0.02,0.41
116.81,1.51,-0.02,0.41
116.82,1.51,-0.02,0.41
116.83,1.51,-0.02,0.41
116.84,1.51,-0.02,0.41
116.85,1.51,-0.02,0.41
116.86,1.51,-0.02,0.41
116.87,1.51,-0.02,0.41
116.88,1.51,-0.02,0.41
116.89,1.51,-0.02,0.41
116.9,1.51,-0.02,0.41
116.91,1.51,-0.02,0.41
116.92,1.51,-0.02,0.41
116.93,1.51,-0.02,0.41
116.94,1.51,-0.02,0.41
116.95,1.51,-0.02,0.41
116.96,1.51,-0.02,0.41
116.97,1.51,-0.02,0.41
116.98,1.51,-0.02,0.41
116.99,1.51,-0.02,0.41
117.0,1.51,-0.02,0.41
117.01,1.51,-0.02,0.41
117.02,1.51,-0.02,0.41
117.03,1.51,-0.02,0.41
117.04,1.51,-0.02,0.41
117.05,1.51,-0.02,0.41
117.06,1.51,-0.01,0.41
117.07,1.51,-0.01,0.41
117.08,1.51,-0.01,0.41
117.09,1.51,-0.01,0.41
117.1,1.51,-0.01,0.41
117.11,1.5,-0.01,0.41
117.12,1.5,-0.01,0.41
117.13,1.5,-0.01,0.41
117.14,1.5,-0.01,0.41
117.15,1.5,-0.01,0.41
117.16,1.5,-0.01,0.41
117.17,1.5,-0.01,0.41
117.18,1.5,-0.01,0.41
117.19,1.5,-0.01,0.41
117.2,1.5,-0.01,0.41
117.21,1.5,-0.01,0.41
117.22,1.5,-0.01,0.41
117.23,1.5,-0.01,0.41
117.24,1.5,-0.01,0.41
117.25,1.5,-0.01,0.41
117.26,1.5,-0.01,0.41
117.27,1.5,-0.01,0.41
117.28,1.5,-0.01,0.41
117.29,1.5,-0.01,0.4
117.3,1.5,-0.01,0.4
117.31,1.5,-0.01,0.4
117.32,1.5,-0.01,0.4
117.33,1.5,-0.01,0.4
117.34,1.5,-0.01,0.4
117.35,1.5,-0.01,0.4
117.36,1.5,-0.01,0.4
117.37,1.5,-0.01,0.4
117.38,1.5,-0.01,0.4
117.39,1.5,-0.01,0.4
117.4,1.5,-0.01,0.4
117.41,1.5,-0.01,0.4
117.42,1.5,-0.01,0.4
117.43,1.5,-0.01,0.4
117.44,1.5,-0.01,0.4
117.45,1.5,-0.01,0.4
117.46,1.5,-0.01,0.4
117.47,1.5,-0.01,0.4
117.48,1.5,-0.01,0.4
117.49,1.5,-0.01,0.4
117.5,1.5,-0.01,0.4
117.51,1.5,-0.01,0.4
117.52,1.5,-0.01,0.4
117.53,1.5,-0.01,0.4
117.54,1.5,-0.01,0.4
117.55,1.5,-0.01,0.4
117.56,1.5,-0.0,0.4
117.57,1.5,-0.0,0.4
117.58,1.5,-0.0,0.4
117.59,1.5,-0.0,0.4
117.6,1.5,-0.0,0.4
117.61,1.5,-0.0,0.4
117.62,1.5,-0.0,0.4
117.63,1.5,-0.0,0.4
117.64,1.5,-0.0,0.4
117.65,1.5,-0.0,0.4
117.66,1.5,-0.0,0.4
117.67,1.5,-0.0,0.4
117.68,1.5,-0.0,0.4
117.69,1.5,-0.0,0.4
117.7,1.5,-0.0,0.4
117.71,1.5,-0.0,0.4
117.72,1.5,-0.0,0.4
117.73,1.5,-0.0,0.4
117.74,1.5,-0.0,0.4
117.75,1.5,-0.0,0.4
117.76,1.5,-0.0,0.4
117.77,1.5,-0.0,0.4
117.78,1.5,-0.0,0.4
117.79,1.5,-0.0,0.4
117.8,1.5,-0.0,0.4
117.81,1.5,0.0,0.4
117.82,1.5,0.0,0.4
117.83,1.5,0.0,0.4
117.84,1.5,0.0,0.4
117.85,1.5,0.0,0.4
117.86,1.5,0.0,0.4
117.87,1.5,0.0,0.4
117.88,1.5,0.0,0.4
117.89,1.5,0.0,0.4
117.9,1.5,0.0,0.4
117.91,1.5,0.0,0.4
117.92,1.5,0.0,0.4
117.93,1.5,0.0,0.4
117.94,1.5,0.0,0.4
117.95,1.5,0.0,0.4
117.96,1.5,0.0,0.4
117.97,1.5,0.0,0.4
117.98,1.5,0.0,0.4
117.99,1.5,0.0,0.4
118.0,1.5,0.0,0.4
118.01,1.5,0.0,0.4
118.02,1.5,0.0,0.4
118.03,1.5,0.0,0.4
118.04,1.5,0.0,0.39
118.05,1.5,0.0,0.39
118.06,1.5,0.01,0.39
118.07,1.5,0.01,0.39
118.08,1.5,0.01,0.39
118.09,1.5,0.01,0.39
118.1,1.5,0.01,0.39
118.11,1.5,0.01,0.39
118.12,1.5,0.01,0.39
118.13,1.5,0.01,0.39
118.14,1.5,0.01,0.39
118.15,1.5,0.01,0.39
118.16,1.5,0.01,0.39
118.17,1.5,0.01,0.39
118.18,1.5,0.01,0.39
118.19,1.5,0.01,0.39
118.2,1.5,0.01,0.39
118.21,1.5,0.01,0.39
118.22,1.5,0.01,0.39
118.23,1.5,0.01,0.39
118.24,1.5,0.01,0.39
118.25,1.5,0.01,0.39
118.26,1.5,0.01,0.39
118.27,1.5,0.01,0.39
118.28,1.5,0.01,0.39
118.29,1.5,0.01,0.39
118.3,1.5,0.01,0.39
118.31,1.5,0.01,0.39
118.32,1.5,0.01,0.39
118.33,1.5,0.01,0.39
118.34,1.5,0.01,0.39
118.35,1.5,0.01,0.39
118.36,1.5,0.01,0.39
118.37,1.5,0.01,0.39
118.38,1.5,0.01,0.39
118.39,1.5,0.01,0.39
118.4,1.5,0.01,0.39
118.41,1.5,0.01,0.39
118.42,1.5,0.01,0.39
118.43,1.5,0.01,0.39
118.44,1.5,0.01,0.39
118.45,1.5,0.01,0.39
118.46,1.5,0.01,0.39
118.47,1.5,0.01,0.39
118.48,1.5,0.01,0.39
118.49,1.5,0.01,0.39
118.5,1.5,0.01,0.39
118.51,1.5,0.01,0.39
118.52,1.51,0.01,0.39
118.53,1.51,0.01,0.39
118.54,1.51,0.01,0.39
118.55,1.51,0.01,0.39
118.56,1.51,0.01,0.39
118.57,1.51,0.02,0.39
118.58,1.51,0.02,0.39
118.59,1.51,0.02,0.39
118.6,1.51,0.02,0.39
118.61,1.51,0.02,0.39
118.62,1.51,0.02,0.39
118.63,1.51,0.02,0.39
118.64,1.51,0.02,0.39
118.65,1.51,0.02,0.39
118.66,1.51,0.02,0.39
118.67,1.51,0.02,0.39
118.68,1.51,0.02,0.39
118.69,1.51,0.02,0.39
118.7,1.51,0.02,0.39
118.71,1.51,0.02,0.39
118.72,1.51,0.02,0.39
118.73,1.51,0.02,0.39
118.74,1.51,0.02,0.39
118.75,1.51,0.02,0.39
118.76,1.51,0.02,0.39
118.77,1.51,0.02,0.39
118.78,1.51,0.02,0.39
118.79,1.51,0.02,0.39
118.8,1.51,0.02,0.38
118.81,1.51,0.02,0.38
118.82,1.51,0.02,0.38
118.83,1.51,0.02,0.38
118.84,1.51,0.02,0.38
118.85,1.51,0.02,0.38
118.86,1.51,0.02,0.38
118.87,1.51,0.02,0.38
118.88,1.51,0.02,0.38
118.89,1.51,0.02,0.38
118.9,1.51,0.02,0.38
118.91,1.51,0.02,0.38
118.92,1.51,0.02,0.38
118.93,1.51,0.02,0.38
118.94,1.51,0.02,0.38
118.95,1.51,0.02,0.38
118.96,1.51,0.02,0.38
118.97,1.51,0.02,0.38
118.98,1.51,0.02,0.38
118.99,1.51,0.02,0.38
119.0,1.51,0.02,0.38
119.01,1.51,0.02,0.38
119.02,1.51,0.02,0.38
119.03,1.51,0.02,0.38
119.04,1.52,0.02,0.38
119.05,1.52,0.02,0.38
119.06,1.52,0.02,0.38
119.07,1.52,0.02,0.38
119.08,1.52,0.03,0.38
119.09,1.52,0.03,0.38
119.1,1.52,0.03,0.38
119.11,1.52,0.03,0.38
119.12,1.52,0.03,0.38
119.13,1.52,0.03,0.38
119.14,1.52,0.03,0.38
119.15,1.52,0.03,0.38
119.16,1.52,0.03,0.38
119.17,1.52,0.03,0.38
119.18,1.52,0.03,0.38
119.19,1.52,0.03,0.38
119.2,1.52,0.03,0.38
119.21,1.52,0.03,0.38
119.22,1.52,0.03,0.38
119.23,1.52,0.03,0.38
119.24,1.52,0.03,0.38
119.25,1.52,0.03,0.38
119.26,1.52,0.03,0.38
119.27,1.52,0.03,0.38
119.28,1.52,0.03,0.38
119.29,1.52,0.03,0.38
119.3,1.52,0.03,0.38
119.31,1.52,0.03,0.38
119.32,1.52,0.03,0.38
119.33,1.52,0.03,0.38
119.34,1.52,0.03,0.38
119.35,1.52,0.03,0.38
119.36,1.52,0.03,0.38
119.37,1.52,0.03,0.38
119.38,1.52,0.03,0.38
119.39,1.52,0.03,0.38
119.4,1.53,0.03,0.38
119.41,1.53,0.03,0.38
119.42,1.53,0.03,0.38
119.43,1.53,0.03,0.38
119.44,1.53,0.03,0.38
119.45,1.53,0.03,0.38
119.46,1.53,0.03,0.38
119.47,1.53,0.03,0.38
119.48,1.53,0.03,0.38
119.49,1.53,0.03,0.38
119.5,1.53,0.03,0.38
119.51,1.53,0.03,0.38
119.52,1.53,0.03,0.38
119.53,1.53,0.03,0.38
119.54,1.53,0.03,0.38
119.55,1.53,0.03,0.38
119.56,1.53,0.03,0.38
119.57,1.53,0.03,0.38
119.58,1.53,0.03,0.38
119.59,1.53,0.03,0.38
119.6,1.53,0.04,0.38
119.61,1.53,0.04,0.38
119.62,1.53,0.04,0.37
119.63,1.53,0.04,0.37
119.64,1.53,0.04,0.37
119.65,1.53,0.04,0.37
119.66,1.53,0.04,0.37
119.67,1.53,0.04,0.37
119.68,1.53,0.04,0.37
119.69,1.53,0.04,0.37
119.7,1.54,0.04,0.37
119.71,1.54,0.04,0.37
119.72,1.54,0.04,0.37
119.73,1.54,0.04,0.37
119.74,1.54,0.04,0.37
119.75,1.54,0.04,0.37
119.76,1.54,0.04,0.37
119.77,1.54,0.04,0.37
119.78,1.54,0.04,0.37
119.79,1.54,0.04,0.37
119.8,1.54,0.04,0.37
119.81,1.54,0.04,0.37
119.82,1.54,0.04,0.37
119.83,1.54,0.04,0.37
119.84,1.54,0.04,0.37
119.85,1.54,0.04,0.37
119.86,1.54,0.04,0.37
119.87,1.54,0.04,0.37
119.88,1.54,0.04,0.37
119.89,1.54,0.04,0.37
119.9,1.54,0.04,0.37
119.91,1.54,0.04,0.37
119.92,1.54,0.04,0.37
119.93,1.54,0.04,0.37
119.94,1.54,0.04,0.37
119.95,1.55,0.04,0.37
119.96,1.55,0.04,0.37
119.97,1.55,0.04,0.37
119.98,1.55,0.04,0.37
119.99,1.55,0.04,0.37
120.0,1.55,0.04,0.37
120.01,1.55,0.04,0.37
120.02,1.55,0.04,0.37
120.03,1.55,0.04,0.37
120.04,1.55,0.04,0.37
120.05,1.55,0.04,0.37
120.06,1.55,0.04,0.37
120.07,1.55,0.04,0.37
120.08,1.55,0.04,0.37
120.09,1.55,0.04,0.37
120.1,1.55,0.04,0.37
120.11,1.55,0.04,0.37
120.12,1.55,0.04,0.37
120.13,1.55,0.04,0.37
120.14,1.55,0.04,0.37
120.15,1.55,0.05,0.37
120.16,1.55,0.05,0.37
120.17,1.55,0.05,0.37
120.18,1.56,0.05,0.37
120.19,1.56,0.05,0.37
120.2,1.56,0.05,0.37
120.21,1.56,0.05,0.37
120.22,1.56,0.05,0.37
120.23,1.56,0.05,0.37
120.24,1.56,0.05,0.37
120.25,1.56,0.05,0.37
120.26,1.56,0.05,0.37
120.27,1.56,0.05,0.37
120.28,1.56,0.05,0.37
120.29,1.56,0.05,0.37
120.3,1.56,0.05,0.37
120.31,1.56,0.05,0.37
120.32,1.56,0.05,0.37
120.33,1.56,0.05,0.37
120.34,1.56,0.05,0.37
120.35,1.56,0.05,0.37
120.36,1.56,0.05,0.37
120.37,1.56,0.05,0.37
120.38,1.56,0.05,0.37
120.39,1.57,0.05,0.37
120.4,1.57,0.05,0.37
120.41,1.57,0.05,0.37
120.42,1.57,0.05,0.37
120.43,1.57,0.05,0.37
120.44,1.57,0.05,0.37
120.45,1.57,0.05,0.37
120.46,1.57,0.05,0.37
120.47,1.57,0.05,0.37
120.48,1.57,0.05,0.37
120.49,1.57,0.05,0.37
120.5,1.57,0.05,0.37
120.51,1.57,0.05,0.37
120.52,1.57,0.05,0.37
120.53,1.57,0.05,0.37
120.54,1.57,0.05,0.36
120.55,1.57,0.05,0.36
120.56,1.57,0.05,0.36
120.57,1.57,0.05,0.36
120.58,1.57,0.05,0.36
120.59,1.58,0.05,0.36
120.6,1.58,0.05,0.36
120.61,1.58,0.05,0.36
120.62,1.58,0.05,0.36
120.63,1.58,0.05,0.36
120.64,1.58,0.05,0.36
120.65,1.58,0.05,0.36
120.66,1.58,0.05,0.36
120.67,1.58,0.05,0.36
120.68,1.58,0.05,0.36
120.69,1.58,0.05,0.36
120.7,1.58,0.05,0.36
120.71,1.58,0.05,0.36
120.72,1.58,0.05,0.36
120.73,1.58,0.06,0.36
120.74,1.58,0.06,0.36
120.75,1.58,0.06,0.36
120.76,1.58,0.06,0.36
120.77,1.59,0.06,0.36
120.78,1.59,0.06,0.36
120.79,1.59,0.06,0.36
120.8,1.59,0.06,0.36
120.81,1.59,0.06,0.36
120.82,1.59,0.06,0.36
120.83,1.59,0.06,0.36
120.84,1.59,0.06,0.36
120.85,1.59,0.06,0.36
120.86,1.59,0.06,0.36
120.87,1.59,0.06,0.36
120.88,1.59,0.06,0.36
120.89,1.59,0.06,0.36
120.9,1.59,0.06,0.36
120.91,1.59,0.06,0.36
120.92,1.59,0.06,0.36
120.93,1.59,0.06,0.36
120.94,1.59,0.06,0.36
120.95,1.6,0.06,0.36
120.96,1.6,0.06,0.36
120.97,1.6,0.06,0.36
120.98,1.6,0.06,0.36
120.99,1.6,0.06,0.36
121.0,1.6,0.06,0.36
121.01,1.6,0.06,0.36
121.02,1.6,0.06,0.36
121.03,1.6,0.06,0.36
121.04,1.6,0.06,0.36
121.05,1.6,0.06,0.36
121.06,1.6,0.06,0.36
121.07,1.6,0.06,0.36
121.08,1.6,0.06,0.36
121.09,1.6,0.06,0.36
121.1,1.6,0.06,0.36
121.11,1.61,0.06,0.36
121.12,1.61,0.06,0.36
121.13,1.61,0.06,0.36
121.14,1.61,0.06,0.36
121.15,1.61,0.06,0.36
121.16,1.61,0.06,0.36
121.17,1.61,0.06,0.36
121.18,1.61,0.06,0.36
121.19,1.61,0.06,0.36
121.2,1.61,0.06,0.36
121.21,1.61,0.06,0.36
121.22,1.61,0.06,0.36
121.23,1.61,0.06,0.36
121.24,1.61,0.06,0.36
121.25,1.61,0.06,0.36
121.26,1.61,0.06,0.36
121.27,1.62,0.06,0.36
121.28,1.62,0.06,0.36
121.29,1.62,0.06,0.36
121.3,1.62,0.06,0.36
121.31,1.62,0.06,0.36
121.32,1.62,0.06,0.36
121.33,1.62,0.06,0.36
121.34,1.62,0.06,0.36
121.35,1.62,0.07,0.36
121.36,1.62,0.07,0.36
121.37,1.62,0.07,0.36
121.38,1.62,0.07,0.36
121.39,1.62,0.07,0.36
121.4,1.62,0.07,0.36
121.41,1.62,0.07,0.36
121.42,1.62,0.07,0.36
121.43,1.63,0.07,0.36
121.44,1.63,0.07,0.36
121.45,1.63,0.07,0.36
121.46,1.63,0.07,0.36
121.47,1.63,0.07,0.36
121.48,1.63,0.07,0.36
121.49,1.63,0.07,0.36
121.5,1.63,0.07,0.36
121.51,1.63,0.07,0.36
121.52,1.63,0.07,0.36
121.53,1.63,0.07,0.36
121.54,1.63,0.07,0.36
121.55,1.63,0.07,0.36
121.56,1.63,0.07,0.36
121.57,1.63,0.07,0.36
121.58,1.64,0.07,0.36
121.59,1.64,0.07,0.36
121.6,1.64,0.07,0.36
121.61,1.64,0.07,0.36
121.62,1.64,0.07,0.36
121.63,1.64,0.07,0.36
121.64,1.64,0.07,0.36
121.65,1.64,0.07,0.36
121.66,1.64,0.07,0.36
121.67,1.64,0.07,0.36
121.68,1.64,0.07,0.36
121.69,1.64,0.07,0.36
121.7,1.64,0.07,0.36
121.71,1.64,0.07,0.36
121.72,1.65,0.07,0.36
121.73,1.65,0.07,0.36
121.74,1.65,0.07,0.36
121.75,1.65,0.07,0.35
121.76,1.65,0.07,0.35
121.77,1.65,0.07,0.35
121.78,1.65,0.07,0.35
121.79,1.65,0.07,0.35
121.8,1.65,0.07,0.35
121.81,1.65,0.07,0.35
121.82,1.65,0.07,0.35
121.83,1.65,0.07,0.35
121.84,1.65,0.07,0.35
121.85,1.65,0.07,0.35
121.86,1.66,0.07,0.35
121.87,1.66,0.07,0.35
121.88,1.66,0.07,0.35
121.89,1.66,0.07,0.35
121.9,1.66,0.07,0.35
121.91,1.66,0.07,0.35
121.92,1.66,0.07,0.35
121.93,1.66,0.07,0.35
121.94,1.66,0.07,0.35
121.95,1.66,0.07,0.35
121.96,1.66,0.07,0.35
121.97,1.66,0.07,0.35
121.98,1.66,0.07,0.35
121.99,1.66,0.07,0.35
122.0,1.67,0.07,0.35
122.01,1.67,0.07,0.35
122.02,1.67,0.07,0.35
122.03,1.67,0.07,0.35
122.04,1.67,0.07,0.35
122.05,1.67,0.07,0.35
122.06,1.67,0.08,0.35
122.07,1.67,0.08,0.35
122.08,1.67,0.08,0.35
122.09,1.67,0.08,0.35
122.1,1.67,0.08,0.35
122.11,1.67,0.08,0.35
122.12,1.67,0.08,0.35
122.13,1.68,0.08,0.35
122.14,1.68,0.08,0.35
122.15,1.68,0.08,0.35
122.16,1.68,0.08,0.35
122.17,1.68,0.08,0.35
122.18,1.68,0.08,0.35
122.19,1.68,0.08,0.35
122.2,1.68,0.08,0.35
122.21,1.68,0.08,0.35
122.22,1.68,0.08,0.35
122.23,1.68,0.08,0.35
122.24,1.68,0.08,0.35
122.25,1.68,0.08,0.35
122.26,1.69,0.08,0.35
122.27,1.69,0.08,0.35
122.28,1.69,0.08,0.35
122.29,1.69,0.08,0.35
122.3,1.69,0.08,0.35
122.31,1.69,0.08,0.35
122.32,1.69,0.08,0.35
122.33,1.69,0.08,0.35
122.34,1.69,0.08,0.35
122.35,1.69,0.08,0.35
122.36,1.69,0.08,0.35
122.37,1.69,0.08,0.35
122.38,1.69,0.08,0.35
122.39,1.7,0.08,0.35
122.4,1.7,0.08,0.35
122.41,1.7,0.08,0.35
122.42,1.7,0.08,0.35
122.43,1.7,0.08,0.35
122.44,1.7,0.08,0.35
122.45,1.7,0.08,0.35
122.46,1.7,0.08,0.35
122.47,1.7,0.08,0.35
122.48,1.7,0.08,0.35
122.49,1.7,0.08,0.35
122.5,1.7,0.08,0.35
122.51,1.71,0.08,0.35
122.52,1.71,0.08,0.35
122.53,1.71,0.08,0.35
122.54,1.71,0.08,0.35
122.55,1.71,0.08,0.35
122.56,1.71,0.08,0.35
122.57,1.71,0.08,0.35
122.58,1.71,0.08,0.35
122.59,1.71,0.08,0.35
122.6,1.71,0.08,0.35
122.61,1.71,0.08,0.35
122.62,1.71,0.08,0.35
122.63,1.71,0.08,0.35
122.64,1.72,0.08,0.35
122.65,1.72,0.08,0.35
122.66,1.72,0.08,0.35
122.67,1.72,0.08,0.35
122.68,1.72,0.08,0.35
122.69,1.72,0.08,0.35
122.7,1.72,0.08,0.35
122.71,1.72,0.08,0.35
122.72,1.72,0.08,0.35
122.73,1.72,0.08,0.35
122.74,1.72,0.08,0.35
122.75,1.72,0.08,0.35
122.76,1.73,0.08,0.35
122.77,1.73,0.08,0.35
122.78,1.73,0.08,0.35
122.79,1.73,0.08,0.35
122.8,1.73,0.08,0.35
122.81,1.73,0.08,0.35
122.82,1.73,0.08,0.35
122.83,1.73,0.08,0.35
122.84,1.73,0.08,0.35
122.85,1.73,0.08,0.35
122.86,1.73,0.08,0.35
122.87,1.73,0.08,0.35
122.88,1.74,0.08,0.35
122.89,1.74,0.09,0.35
122.9,1.74,0.09,0.35
122.91,1.74,0.09,0.35
122.92,1.74,0.09,0.35
122.93,1.74,0.09,0.35
122.94,1.74,0.09,0.35
122.95,1.74,0.09,0.35
122.96,1.74,0.09,0.35
122.97,1.74,0.09,0.35
122.98,1.74,0.09,0.35
122.99,1.75,0.09,0.35
123.0,1.75,0.09,0.35
123.01,1.75,0.09,0.35
123.02,1.75,0.09,0.35
123.03,1.75,0.09,0.35
123.04,1.75,0.09,0.35
123.05,1.75,0.09,0.35
123.06,1.75,0.09,0.35
123.07,1.75,0.09,0.35
123.08,1.75,0.09,0.35
123.09,1.75,0.09,0.35
123.1,1.75,0.09,0.35
123.11,1.76,0.09,0.35
123.12,1.76,0.09,0.35
123.13,1.76,0.09,0.35
123.14,1.76,0.09,0.35
123.15,1.76,0.09,0.35
123.16,1.76,0.09,0.35
123.17,1.76,0.09,0.35
123.18,1.76,0.09,0.35
123.19,1.76,0.09,0.35
123.2,1.76,0.09,0.35
123.21,1.76,0.09,0.35
123.22,1.77,0.09,0.35
123.23,1.77,0.09,0.35
123.24,1.77,0.09,0.35
123.25,1.77,0.09,0.35
123.26,1.77,0.09,0.35
123.27,1.77,0.09,0.35
123.28,1.77,0.09,0.35
123.29,1.77,0.09,0.35
123.3,1.77,0.09,0.35
123.31,1.77,0.09,0.35
123.32,1.77,0.09,0.35
123.33,1.78,0.09,0.35
123.34,1.78,0.09,0.35
123.35,1.78,0.09,0.35
123.36,1.78,0.09,0.35
123.37,1.78,0.09,0.35
123.38,1.78,0.09,0.35
123.39,1.78,0.09,0.35
123.4,1.78,0.09,0.35
123.41,1.78,0.09,0.35
123.42,1.78,0.09,0.35
123.43,1.78,0.09,0.35
123.44,1.78,0.09,0.35
123.45,1.79,0.09,0.35
123.46,1.79,0.09,0.35
123.47,1.79,0.09,0.35
123.48,1.79,0.09,0.35
123.49,1.79,0.09,0.35
123.5,1.79,0.09,0.35
123.51,1.79,0.09,0.35
123.52,1.79,0.09,0.35
123.53,1.79,0.09,0.35
123.54,1.79,0.09,0.35
123.55,1.79,0.09,0.35
123.56,1.8,0.09,0.35
123.57,1.8,0.09,0.35
123.58,1.8,0.09,0.35
123.59,1.8,0.09,0.35
123.6,1.8,0.09,0.35
123.61,1.8,0.09,0.35
123.62,1.8,0.09,0.35
123.63,1.8,0.09,0.35
123.64,1.8,0.09,0.35
123.65,1.8,0.09,0.35
123.66,1.8,0.09,0.35
123.67,1.81,0.09,0.35
123.68,1.81,0.09,0.35
123.69,1.81,0.09,0.35
123.7,1.81,0.09,0.35
123.71,1.81,0.09,0.35
123.72,1.81,0.09,0.35
123.73,1.81,0.09,0.35
123.74,1.81,0.09,0.35
123.75,1.81,0.09,0.35
123.76,1.81,0.09,0.35
123.77,1.82,0.09,0.35
123.78,1.82,0.09,0.35
123.79,1.82,0.09,0.35
123.8,1.82,0.09,0.35
123.81,1.82,0.09,0.35
123.82,1.82,0.09,0.35
123.83,1.82,0.09,0.35
123.84,1.82,0.09,0.35
123.85,1.82,0.09,0.35
123.86,1.82,0.09,0.35
123.87,1.82,0.09,0.35
123.88,1.83,0.09,0.35
123.89,1.83,0.09,0.35
123.9,1.83,0.09,0.35
123.91,1.83,0.09,0.35
123.92,1.83,0.09,0.35
123.93,1.83,0.09,0.35
123.94,1.83,0.09,0.35
123.95,1.83,0.09,0.35
123.96,1.83,0.09,0.35
123.97,1.83,0.09,0.35
123.98,1.83,0.09,0.35
123.99,1.84,0.09,0.35
124.0,1.84,0.09,0.35
124.01,1.84,0.09,0.35
124.02,1.84,0.09,0.35
124.03,1.84,0.09,0.35
124.04,1.84,0.09,0.35
124.05,1.84,0.09,0.35
124.06,1.84,0.09,0.35
124.07,1.84,0.09,0.35
124.08,1.84,0.1,0.35
124.09,1.85,0.1,0.35
124.1,1.85,0.1,0.35
124.11,1.85,0.1,0.35
124.12,1.85,0.1,0.35
124.13,1.85,0.1,0.35
124.14,1.85,0.1,0.35
124.15,1.85,0.1,0.35
124.16,1.85,0.1,0.35
124.17,1.85,0.1,0.35
124.18,1.85,0.1,0.35
124.19,1.85,0.1,0.35
124.2,1.86,0.1,0.35
124.21,1.86,0.1,0.35
124.22,1.86,0.1,0.35
124.23,1.86,0.1,0.35
124.24,1.86,0.1,0.35
124.25,1.86,0.1,0.35
124.26,1.86,0.1,0.35
124.27,1.86,0.1,0.35
124.28,1.86,0.1,0.35
124.29,1.86,0.1,0.35
124.3,1.87,0.1,0.35
124.31,1.87,0.1,0.35
124.32,1.87,0.1,0.35
124.33,1.87,0.1,0.35
124.34,1.87,0.1,0.35
124.35,1.87,0.1,0.35
124.36,1.87,0.1,0.35
124.37,1.87,0.1,0.35
124.38,1.87,0.1,0.35
124.39,1.87,0.1,0.35
124.4,1.87,0.1,0.35
124.41,1.88,0.1,0.35
124.42,1.88,0.1,0.35
124.43,1.88,0.1,0.35
124.44,1.88,0.1,0.35
124.45,1.88,0.1,0.35
124.46,1.88,0.1,0.35
124.47,1.88,0.1,0.35
124.48,1.88,0.1,0.35
124.49,1.88,0.1,0.35
124.5,1.88,0.1,0.35
124.51,1.89,0.1,0.35
124.52,1.89,0.1,0.35
124.53,1.89,0.1,0.35
124.54,1.89,0.1,0.35
124.55,1.89,0.1,0.35
124.56,1.89,0.1,0.35
124.57,1.89,0.1,0.35
124.58,1.89,0.1,0.35
124.59,1.89,0.1,0.35
124.6,1.89,0.1,0.35
124.61,1.9,0.1,0.35
124.62,1.9,0.1,0.35
124.63,1.9,0.1,0.35
124.64,1.9,0.1,0.35
124.65,1.9,0.1,0.35
124.66,1.9,0.1,0.35
124.67,1.9,0.1,0.35
124.68,1.9,0.1,0.35
124.69,1.9,0.1,0.35
124.7,1.9,0.1,0.35
124.71,1.91,0.1,0.35
124.72,1.91,0.1,0.35
124.73,1.91,0.1,0.35
124.74,1.91,0.1,0.35
124.75,1.91,0.1,0.35
124.76,1.91,0.1,0.35
124.77,1.91,0.1,0.35
124.78,1.91,0.1,0.35
124.79,1.91,0.1,0.35
124.8,1.91,0.1,0.35
124.81,1.92,0.1,0.35
124.82,1.92,0.1,0.35
124.83,1.92,0.1,0.35
124.84,1.92,0.1,0.35
124.85,1.92,0.1,0.35
124.86,1.92,0.1,0.35
124.87,1.92,0.1,0.35
124.88,1.92,0.1,0.35
124.89,1.92,0.1,0.35
124.9,1.92,0.1,0.35
124.91,1.92,0.1,0.35
124.92,1.93,0.1,0.35
124.93,1.93,0.1,0.35
124.94,1.93,0.1,0.35
124.95,1.93,0.1,0.35
124.96,1.93,0.1,0.35
124.97,1.93,0.1,0.35
124.98,1.93,0.1,0.35
124.99,1.93,0.1,0.35
125.0,1.93,0.1,0.35
125.01,1.93,0.1,0.35
125.02,1.94,0.1,0.35
125.03,1.94,0.1,0.35
125.04,1.94,0.1,0.35
125.05,1.94,0.1,0.35
125.06,1.94,0.1,0.35
125.07,1.94,0.1,0.35
125.08,1.94,0.1,0.35
125.09,1.94,0.1,0.35
125.1,1.94,0.1,0.35
125.11,1.94,0.1,0.35
125.12,1.95,0.1,0.35
125.13,1.95,0.1,0.35
125.14,1.95,0.1,0.35
125.15,1.95,0.1,0.35
125.16,1.95,0.1,0.35
125.17,1.95,0.1,0.35
125.18,1.95,0.1,0.35
125.19,1.95,0.1,0.35
125.2,1.95,0.1,0.35
125.21,1.95,0.1,0.35
125.22,1.96,0.1,0.35
125.23,1.96,0.1,0.35
125.24,1.96,0.1,0.35
125.25,1.96,0.1,0.35
125.26,1.96,0.1,0.35
125.27,1.96,0.1,0.35
125.28,1.96,0.1,0.35
125.29,1.96,0.1,0.35
125.3,1.96,0.1,0.35
125.31,1.96,0.1,0.35
125.32,1.97,0.1,0.35
125.33,1.97,0.1,0.35
125.34,1.97,0.1,0.35
125.35,1.97,0.1,0.35
125.36,1.97,0.1,0.35
125.37,1.97,0.1,0.35
125.38,1.97,0.1,0.35
125.39,1.97,0.1,0.35
125.4,1.97,0.1,0.35
125.41,1.97,0.1,0.35
125.42,1.98,0.1,0.35
125.43,1.98,0.1,0.35
125.44,1.98,0.1,0.35
125.45,1.98,0.1,0.35
125.46,1.98,0.1,0.35
125.47,1.98,0.1,0.35
125.48,1.98,0.1,0.35
125.49,1.98,0.1,0.35
125.5,1.98,0.1,0.35
125.51,1.98,0.1,0.35
125.52,1.99,0.1,0.35
125.53,1.99,0.1,0.35
125.54,1.99,0.1,0.35
125.55,1.99,0.1,0.35
125.56,1.99,0.1,0.35
125.57,1.99,0.1,0.35
125.58,1.99,0.1,0.35
125.59,1.99,0.1,0.35
125.6,1.99,0.1,0.35
125.61,1.99,0.1,0.35
125.62,2.0,0.1,0.35
125.63,2.0,0.1,0.35
125.64,2.0,0.1,0.35
125.65,2.0,0.1,0.35
125.66,2.0,0.1,0.35
125.67,2.0,0.1,0.35
125.68,2.0,0.1,0.35
125.69,2.0,0.1,0.35
125.7,2.0,0.1,0.35
125.71,2.0,0.1,0.35
125.72,2.01,0.1,0.35
125.73,2.01,0.1,0.35
125.74,2.01,0.1,0.35
125.75,2.01,0.1,0.35
125.76,2.01,0.1,0.35
125.77,2.01,0.1,0.35
125.78,2.01,0.1,0.35
125.79,2.01,0.1,0.35
125.8,2.01,0.1,0.35
125.81,2.01,0.1,0.35
125.82,2.02,0.1,0.35
125.83,2.02,0.1,0.35
125.84,2.02,0.1,0.35
125.85,2.02,0.1,0.35
125.86,2.02,0.1,0.35
125.87,2.02,0.1,0.35
125.88,2.02,0.1,0.35
125.89,2.02,0.1,0.35
125.9,2.02,0.1,0.35
125.91,2.02,0.1,0.35
125.92,2.03,0.1,0.35
125.93,2.03,0.1,0.35
125.94,2.03,0.1,0.35
125.95,2.03,0.1,0.35
125.96,2.03,0.1,0.35
125.97,2.03,0.1,0.35
125.98,2.03,0.1,0.35
125.99,2.03,0.1,0.35
126.0,2.03,0.1,0.35
126.01,2.03,0.1,0.35
126.02,2.04,0.1,0.35
126.03,2.04,0.1,0.35
126.04,2.04,0.1,0.35
126.05,2.04,0.1,0.35
126.06,2.04,0.1,0.35
126.07,2.04,0.1,0.35
126.08,2.04,0.1,0.35
126.09,2.04,0.1,0.35
126.1,2.04,0.1,0.35
126.11,2.04,0.1,0.35
126.12,2.05,0.1,0.35
126.13,2.05,0.1,0.35
126.14,2.05,0.1,0.35
126.15,2.05,0.1,0.35
126.16,2.05,0.1,0.35
126.17,2.05,0.1,0.35
126.18,2.05,0.1,0.35
126.19,2.05,0.1,0.35
126.2,2.05,0.1,0.35
126.21,2.05,0.1,0.35
126.22,2.06,0.1,0.35
126.23,2.06,0.1,0.35
126.24,2.06,0.1,0.35
126.25,2.06,0.1,0.35
126.26,2.06,0.1,0.35
126.27,2.06,0.1,0.35
126.28,2.06,0.1,0.35
126.29,2.06,0.1,0.35
126.3,2.06,0.1,0.35
126.31,2.06,0.1,0.35
126.32,2.07,0.1,0.35
126.33,2.07,0.1,0.35
126.34,2.07,0.1,0.35
126.35,2.07,0.1,0.35
126.36,2.07,0.1,0.35
126.37,2.07,0.1,0.35
126.38,2.07,0.1,0.35
126.39,2.07,0.1,0.35
126.4,2.07,0.1,0.35
126.41,2.07,0.1,0.35
126.42,2.08,0.1,0.35
126.43,2.08,0.1,0.35
126.44,2.08,0.1,0.35
126.45,2.08,0.1,0.35
126.46,2.08,0.1,0.35
126.47,2.08,0.1,0.35
126.48,2.08,0.1,0.35
126.49,2.08,0.1,0.35
126.5,2.08,0.1,0.35
126.51,2.08,0.1,0.35
126.52,2.09,0.1,0.35
126.53,2.09,0.1,0.35
126.54,2.09,0.1,0.35
126.55,2.09,0.1,0.35
126.56,2.09,0.1,0.35
126.57,2.09,0.1,0.35
126.58,2.09,0.1,0.35
126.59,2.09,0.1,0.35
126.6,2.09,0.1,0.35
126.61,2.09,0.1,0.35
126.62,2.1,0.1,0.35
126.63,2.1,0.1,0.35
126.64,2.1,0.1,0.35
126.65,2.1,0.1,0.35
126.66,2.1,0.1,0.35
126.67,2.1,0.1,0.35
126.68,2.1,0.1,0.35
126.69,2.1,0.1,0.35
126.7,2.1,0.1,0.35
126.71,2.1,0.1,0.35
126.72,2.1,0.1,0.35
126.73,2.11,0.1,0.35
126.74,2.11,0.1,0.35
126.75,2.11,0.1,0.35
126.76,2.11,0.1,0.35
126.77,2.11,0.1,0.35
126.78,2.11,0.1,0.35
126.79,2.11,0.1,0.35
126.8,2.11,0.1,0.35
126.81,2.11,0.1,0.35
126.82,2.11,0.1,0.35
126.83,2.12,0.1,0.35
126.84,2.12,0.1,0.35
126.85,2.12,0.1,0.35
126.86,2.12,0.1,0.35
126.87,2.12,0.1,0.35
126.88,2.12,0.1,0.35
126.89,2.12,0.1,0.35
126.9,2.12,0.1,0.35
126.91,2.12,0.1,0.35
126.92,2.12,0.1,0.35
126.93,2.13,0.1,0.35
126.94,2.13,0.1,0.35
126.95,2.13,0.1,0.35
126.96,2.13,0.1,0.35
126.97,2.13,0.1,0.35
126.98,2.13,0.1,0.35
126.99,2.13,0.1,0.35
127.0,2.13,0.1,0.35
127.01,2.13,0.1,0.35
127.02,2.13,0.1,0.35
127.03,2.13,0.1,0.35
127.04,2.14,0.1,0.35
127.05,2.14,0.1,0.35
127.06,2.14,0.1,0.35
127.07,2.14,0.1,0.35
127.08,2.14,0.1,0.35
127.09,2.14,0.1,0.35
127.1,2.14,0.1,0.35
127.11,2.14,0.1,0.35
127.12,2.14,0.1,0.35
127.13,2.14,0.1,0.35
127.14,2.15,0.1,0.35
127.15,2.15,0.1,0.35
127.16,2.15,0.1,0.35
127.17,2.15,0.1,0.35
127.18,2.15,0.1,0.35
127.19,2.15,0.1,0.35
127.2,2.15,0.1,0.35
127.21,2.15,0.1,0.35
127.22,2.15,0.1,0.35
127.23,2.15,0.1,0.35
127.24,2.16,0.1,0.35
127.25,2.16,0.1,0.35
127.26,2.16,0.09,0.35
127.27,2.16,0.09,0.35
127.28,2.16,0.09,0.35
127.29,2.16,0.09,0.35
127.3,2.16,0.09,0.35
127.31,2.16,0.09,0.35
127.32,2.16,0.09,0.35
127.33,2.16,0.09,0.35
127.34,2.16,0.09,0.35
127.35,2.17,0.09,0.35
127.36,2.17,0.09,0.35
127.37,2.17,0.09,0.35
127.38,2.17,0.09,0.35
127.39,2.17,0.09,0.35
127.4,2.17,0.09,0.35
127.41,2.17,0.09,0.35
127.42,2.17,0.09,0.35
127.43,2.17,0.09,0.35
127.44,2.17,0.09,0.35
127.45,2.17,0.09,0.35
127.46,2.18,0.09,0.35
127.47,2.18,0.09,0.36
127.48,2.18,0.09,0.36
127.49,2.18,0.09,0.36
127.5,2.18,0.09,0.36
127.51,2.18,0.09,0.36
127.52,2.18,0.09,0.36
127.53,2.18,0.09,0.36
127.54,2.18,0.09,0.36
127.55,2.18,0.09,0.36
127.56,2.19,0.09,0.36
127.57,2.19,0.09,0.36
127.58,2.19,0.09,0.36
127.59,2.19,0.09,0.36
127.6,2.19,0.09,0.36
127.61,2.19,0.09,0.36
127.62,2.19,0.09,0.36
127.63,2.19,0.09,0.36
127.64,2.19,0.09,0.36
127.65,2.19,0.09,0.36
127.66,2.19,0.09,0.36
127.67,2.2,0.09,0.36
127.68,2.2,0.09,0.36
127.69,2.2,0.09,0.36
127.7,2.2,0.09,0.36
127.71,2.2,0.09,0.36
127.72,2.2,0.09,0.36
127.73,2.2,0.09,0.36
127.74,2.2,0.09,0.36
127.75,2.2,0.09,0.36
127.76,2.2,0.09,0.36
127.77,2.2,0.09,0.36
127.78,2.21,0.09,0.36
127.79,2.21,0.09,0.36
127.8,2.21,0.09,0.36
127.81,2.21,0.09,0.36
127.82,2.21,0.09,0.36
127.83,2.21,0.09,0.36
127.84,2.21,0.09,0.36
127.85,2.21,0.09,0.36
127.86,2.21,0.09,0.36
127.87,2.21,0.09,0.36
127.88,2.21,0.09,0.36
127.89,2.22,0.09,0.36
127.9,2.22,0.09,0.36
127.91,2.22,0.09,0.36
127.92,2.22,0.09,0.36
127.93,2.22,0.09,0.36
127.94,2.22,0.09,0.36
127.95,2.22,0.09,0.36
127.96,2.22,0.09,0.36
127.97,2.22,0.09,0.36
127.98,2.22,0.09,0.36
127.99,2.22,0.09,0.36
128.0,2.23,0.09,0.36
128.01,2.23,0.09,0.36
128.02,2.23,0.09,0.36
128.03,2.23,0.09,0.36
128.04,2.23,0.09,0.36
128.05,2.23,0.09,0.36
128.06,2.23,0.09,0.36
128.07,2.23,0.09,0.36
128.08,2.23,0.09,0.36
128.09,2.23,0.09,0.36
128.1,2.23,0.09,0.36
128.11,2.23,0.09,0.36
128.12,2.24,0.09,0.36
128.13,2.24,0.09,0.36
128.14,2.24,0.09,0.36
128.15,2.24,0.09,0.36
128.16,2.24,0.09,0.36
128.17,2.24,0.09,0.36
128.18,2.24,0.09,0.36
128.19,2.24,0.09,0.36
128.2,2.24,0.09,0.36
128.21,2.24,0.09,0.36
128.22,2.24,0.09,0.36
128.23,2.25,0.09,0.36
128.24,2.25,0.09,0.36
128.25,2.25,0.09,0.36
128.26,2.25,0.09,0.36
128.27,2.25,0.09,0.36
128.28,2.25,0.09,0.36
128.29,2.25,0.09,0.36
128.3,2.25,0.09,0.36
128.31,2.25,0.09,0.36
128.32,2.25,0.09,0.36
128.33,2.25,0.09,0.36
128.34,2.26,0.09,0.36
128.35,2.26,0.09,0.36
128.36,2.26,0.09,0.36
128.37,2.26,0.09,0.36
128.38,2.26,0.09,0.36
128.39,2.26,0.09,0.36
128.4,2.26,0.09,0.36
128.41,2.26,0.09,0.36
128.42,2.26,0.09,0.36
128.43,2.26,0.09,0.36
128.44,2.26,0.08,0.36
128.45,2.26,0.08,0.36
128.46,2.27,0.08,0.36
128.47,2.27,0.08,0.36
128.48,2.27,0.08,0.36
128.49,2.27,0.08,0.36
128.5,2.27,0.08,0.36
128.51,2.27,0.08,0.36
128.52,2.27,0.08,0.36
128.53,2.27,0.08,0.36
128.54,2.27,0.08,0.36
128.55,2.27,0.08,0.36
128.56,2.27,0.08,0.36
128.57,2.27,0.08,0.36
128.58,2.28,0.08,0.36
128.59,2.28,0.08,0.36
128.6,2.28,0.08,0.36
128.61,2.28,0.08,0.36
128.62,2.28,0.08,0.36
128.63,2.28,0.08,0.36
128.64,2.28,0.08,0.36
128.65,2.28,0.08,0.36
128.66,2.28,0.08,0.36
128.67,2.28,0.08,0.36
128.68,2.28,0.08,0.36
128.69,2.28,0.08,0.36
128.7,2.29,0.08,0.36
128.71,2.29,0.08,0.36
128.72,2.29,0.08,0.36
128.73,2.29,0.08,0.36
128.74,2.29,0.08,0.36
128.75,2.29,0.08,0.36
128.76,2.29,0.08,0.36
128.77,2.29,0.08,0.36
128.78,2.29,0.08,0.36
128.79,2.29,0.08,0.36
128.8,2.29,0.08,0.36
128.81,2.29,0.08,0.36
128.82,2.3,0.08,0.36
128.83,2.3,0.08,0.36
128.84,2.3,0.08,0.36
128.85,2.3,0.08,0.36
128.86,2.3,0.08,0.36
128.87,2.3,0.08,0.36
128.88,2.3,0.08,0.36
128.89,2.3,0.08,0.36
128.9,2.3,0.08,0.36
128.91,2.3,0.08,0.36
128.92,2.3,0.08,0.36
128.93,2.3,0.08,0.36
128.94,2.3,0.08,0.36
128.95,2.31,0.08,0.36
128.96,2.31,0.08,0.36
128.97,2.31,0.08,0.36
128.98,2.31,0.08,0.36
128.99,2.31,0.08,0.36
129.0,2.31,0.08,0.36
129.01,2.31,0.08,0.36
129.02,2.31,0.08,0.36
129.03,2.31,0.08,0.36
129.04,2.31,0.08,0.36
129.05,2.31,0.08,0.36
129.06,2.31,0.08,0.36
129.07,2.31,0.08,0.36
129.08,2.32,0.08,0.36
129.09,2.32,0.08,0.36
129.1,2.32,0.08,0.36
129.11,2.32,0.08,0.36
129.12,2.32,0.08,0.36
129.13,2.32,0.08,0.36
129.14,2.32,0.08,0.36
129.15,2.32,0.08,0.36
129.16,2.32,0.08,0.37
129.17,2.32,0.08,0.37
129.18,2.32,0.08,0.37
129.19,2.32,0.08,0.37
129.2,2.32,0.08,0.37
129.21,2.33,0.08,0.37
129.22,2.33,0.08,0.37
129.23,2.33,0.08,0.37
129.24,2.33,0.08,0.37
129.25,2.33,0.08,0.37
129.26,2.33,0.08,0.37
129.27,2.33,0.08,0.37
129.28,2.33,0.07,0.37
129.29,2.33,0.07,0.37
129.3,2.33,0.07,0.37
129.31,2.33,0.07,0.37
129.32,2.33,0.07,0.37
129.33,2.33,0.07,0.37
129.34,2.34,0.07,0.37
129.35,2.34,0.07,0.37
129.36,2.34,0.07,0.37
129.37,2.34,0.07,0.37
129.38,2.34,0.07,0.37
129.39,2.34,0.07,0.37
129.4,2.34,0.07,0.37
129.41,2.34,0.07,0.37
129.42,2.34,0.07,0.37
129.43,2.34,0.07,0.37
129.44,2.34,0.07,0.37
129.45,2.34,0.07,0.37
129.46,2.34,0.07,0.37
129.47,2.34,0.07,0.37
129.48,2.35,0.07,0.37
129.49,2.35,0.07,0.37
129.5,2.35,0.07,0.37
129.51,2.35,0.07,0.37
129.52,2.35,0.07,0.37
129.53,2.35,0.07,0.37
129.54,2.35,0.07,0.37
129.55,2.35,0.07,0.37
129.56,2.35,0.07,0.37
129.57,2.35,0.07,0.37
129.58,2.35,0.07,0.37
129.59,2.35,0.07,0.37
129.6,2.35,0.07,0.37
129.61,2.35,0.07,0.37
129.62,2.36,0.07,0.37
129.63,2.36,0.07,0.37
129.64,2.36,0.07,0.37
129.65,2.36,0.07,0.37
129.66,2.36,0.07,0.37
129.67,2.36,0.07,0.37
129.68,2.36,0.07,0.37
129.69,2.36,0.07,0.37
129.7,2.36,0.07,0.37
129.71,2.36,0.07,0.37
129.72,2.36,0.07,0.37
129.73,2.36,0.07,0.37
129.74,2.36,0.07,0.37
129.75,2.36,0.07,0.37
129.76,2.37,0.07,0.37
129.77,2.37,0.07,0.37
129.78,2.37,0.07,0.37
129.79,2.37,0.07,0.37
129.8,2.37,0.07,0.37
129.81,2.37,0.07,0.37
129.82,2.37,0.07,0.37
129.83,2.37,0.07,0.37
129.84,2.37,0.07,0.37
129.85,2.37,0.07,0.37
129.86,2.37,0.07,0.37
129.87,2.37,0.07,0.37
129.88,2.37,0.07,0.37
129.89,2.37,0.07,0.37
129.9,2.37,0.07,0.37
129.91,2.38,0.07,0.37
129.92,2.38,0.07,0.37
129.93,2.38,0.07,0.37
129.94,2.38,0.07,0.37
129.95,2.38,0.07,0.37
129.96,2.38,0.07,0.37
129.97,2.38,0.07,0.37
129.98,2.38,0.06,0.37
129.99,2.38,0.06,0.37
130.0,2.38,0.06,0.37
130.01,2.38,0.06,0.37
130.02,2.38,0.06,0.37
130.03,2.38,0.06,0.37
130.04,2.38,0.06,0.37
130.05,2.38,0.06,0.37
130.06,2.39,0.06,0.37
130.07,2.39,0.06,0.37
130.08,2.39,0.06,0.37
130.09,2.39,0.06,0.37
130.1,2.39,0.06,0.37
130.11,2.39,0.06,0.37
130.12,2.39,0.06,0.37
130.13,2.39,0.06,0.37
130.14,2.39,0.06,0.37
130.15,2.39,0.06,0.37
130.16,2.39,0.06,0.37
130.17,2.39,0.06,0.37
130.18,2.39,0.06,0.37
130.19,2.39,0.06,0.37
130.2,2.39,0.06,0.37
130.21,2.39,0.06,0.37
130.22,2.4,0.06,0.37
130.23,2.4,0.06,0.37
130.24,2.4,0.06,0.37
130.25,2.4,0.06,0.37
130.26,2.4,0.06,0.37
130.27,2.4,0.06,0.37
130.28,2.4,0.06,0.37
130.29,2.4,0.06,0.37
130.3,2.4,0.06,0.37
130.31,2.4,0.06,0.37
130.32,2.4,0.06,0.37
130.33,2.4,0.06,0.37
130.34,2.4,0.06,0.37
130.35,2.4,0.06,0.37
130.36,2.4,0.06,0.37
130.37,2.4,0.06,0.37
130.38,2.4,0.06,0.37
130.39,2.41,0.06,0.37
130.4,2.41,0.06,0.37
130.41,2.41,0.06,0.37
130.42,2.41,0.06,0.37
130.43,2.41,0.06,0.37
130.44,2.41,0.06,0.37
130.45,2.41,0.06,0.37
130.46,2.41,0.06,0.37
130.47,2.41,0.06,0.37
130.48,2.41,0.06,0.37
130.49,2.41,0.06,0.37
130.5,2.41,0.06,0.37
130.51,2.41,0.06,0.37
130.52,2.41,0.06,0.37
130.53,2.41,0.06,0.37
130.54,2.41,0.06,0.37
130.55,2.41,0.06,0.37
130.56,2.42,0.06,0.37
130.57,2.42,0.06,0.37
130.58,2.42,0.06,0.38
130.59,2.42,0.06,0.38
130.6,2.42,0.06,0.38
130.61,2.42,0.05,0.38
130.62,2.42,0.05,0.38
130.63,2.42,0.05,0.38
130.64,2.42,0.05,0.38
130.65,2.42,0.05,0.38
130.66,2.42,0.05,0.38
130.67,2.42,0.05,0.38
130.68,2.42,0.05,0.38
130.69,2.42,0.05,0.38
130.7,2.42,0.05,0.38
130.71,2.42,0.05,0.38
130.72,2.42,0.05,0.38
130.73,2.42,0.05,0.38
130.74,2.42,0.05,0.38
130.75,2.43,0.05,0.38
130.76,2.43,0.05,0.38
130.77,2.43,0.05,0.38
130.78,2.43,0.05,0.38
130.79,2.43,0.05,0.38
130.8,2.43,0.05,0.38
130.81,2.43,0.05,0.38
130.82,2.43,0.05,0.38
130.83,2.43,0.05,0.38
130.84,2.43,0.05,0.38
130.85,2.43,0.05,0.38
130.86,2.43,0.05,0.38
130.87,2.43,0.05,0.38
130.88,2.43,0.05,0.38
130.89,2.43,0.05,0.38
130.9,2.43,0.05,0.38
130.91,2.43,0.05,0.38
130.92,2.43,0.05,0.38
130.93,2.43,0.05,0.38
130.94,2.44,0.05,0.38
130.95,2.44,0.05,0.38
130.96,2.44,0.05,0.38
130.97,2.44,0.05,0.38
130.98,2.44,0.05,0.38
130.99,2.44,0.05,0.38
131.0,2.44,0.05,0.38
131.01,2.44,0.05,0.38
131.02,2.44,0.05,0.38
131.03,2.44,0.05,0.38
131.04,2.44,0.05,0.38
131.05,2.44,0.05,0.38
131.06,2.44,0.05,0.38
131.07,2.44,0.05,0.38
131.08,2.44,0.05,0.38
131.09,2.44,0.05,0.38
131.1,2.44,0.05,0.38
131.11,2.44,0.05,0.38
131.12,2.44,0.05,0.38
131.13,2.44,0.05,0.38
131.14,2.44,0.05,0.38
131.15,2.44,0.05,0.38
131.16,2.45,0.05,0.38
131.17,2.45,0.05,0.38
131.18,2.45,0.05,0.38
131.19,2.45,0.04,0.38
131.2,2.45,0.04,0.38
131.21,2.45,0.04,0.38
131.22,2.45,0.04,0.38
131.23,2.45,0.04,0.38
131.24,2.45,0.04,0.38
131.25,2.45,0.04,0.38
131.26,2.45,0.04,0.38
131.27,2.45,0.04,0.38
131.28,2.45,0.04,0.38
131.29,2.45,0.04,0.38
131.3,2.45,0.04,0.38
131.31,2.45,0.04,0.38
131.32,2.45,0.04,0.38
131.33,2.45,0.04,0.38
131.34,2.45,0.04,0.38
131.35,2.45,0.04,0.38
131.36,2.45,0.04,0.38
131.37,2.45,0.04,0.38
131.38,2.45,0.04,0.38
131.39,2.46,0.04,0.38
131.4,2.46,0.04,0.38
131.41,2.46,0.04,0.38
131.42,2.46,0.04,0.38
131.43,2.46,0.04,0.38
131.44,2.46,0.04,0.38
131.45,2.46,0.04,0.38
131.46,2.46,0.04,0.38
131.47,2.46,0.04,0.38
131.48,2.46,0.04,0.38
131.49,2.46,0.04,0.38
131.5,2.46,0.04,0.38
131.51,2.46,0.04,0.38
131.52,2.46,0.04,0.38
131.53,2.46,0.04,0.38
131.54,2.46,0.04,0.38
131.55,2.46,0.04,0.38
131.56,2.46,0.04,0.38
131.57,2.46,0.04,0.38
131.58,2.46,0.04,0.38
131.59,2.46,0.04,0.38
131.6,2.46,0.04,0.38
131.61,2.46,0.04,0.38
131.62,2.46,0.04,0.38
131.63,2.46,0.04,0.38
131.64,2.47,0.04,0.38
131.65,2.47,0.04,0.38
131.66,2.47,0.04,0.38
131.67,2.47,0.04,0.38
131.68,2.47,0.04,0.38
131.69,2.47,0.04,0.38
131.7,2.47,0.04,0.38
131.71,2.47,0.04,0.38
131.72,2.47,0.04,0.38
131.73,2.47,0.03,0.38
131.74,2.47,0.03,0.38
131.75,2.47,0.03,0.38
131.76,2.47,0.03,0.38
131.77,2.47,0.03,0.38
131.78,2.47,0.03,0.38
131.79,2.47,0.03,0.38
131.8,2.47,0.03,0.38
131.81,2.47,0.03,0.38
131.82,2.47,0.03,0.38
131.83,2.47,0.03,0.38
131.84,2.47,0.03,0.38
131.85,2.47,0.03,0.38
131.86,2.47,0.03,0.38
131.87,2.47,0.03,0.38
131.88,2.47,0.03,0.39
131.89,2.47,0.03,0.39
131.9,2.47,0.03,0.39
131.91,2.47,0.03,0.39
131.92,2.47,0.03,0.39
131.93,2.48,0.03,0.39
131.94,2.48,0.03,0.39
131.95,2.48,0.03,0.39
131.96,2.48,0.03,0.39
131.97,2.48,0.03,0.39
131.98,2.48,0.03,0.39
131.99,2.48,0.03,0.39
132.0,2.48,0.03,0.39
132.01,2.48,0.03,0.39
132.02,2.48,0.03,0.39
132.03,2.48,0.03,0.39
132.04,2.48,0.03,0.39
132.05,2.48,0.03,0.39
132.06,2.48,0.03,0.39
132.07,2.48,0.03,0.39
132.08,2.48,0.03,0.39
132.09,2.48,0.03,0.39
132.1,2.48,0.03,0.39
132.11,2.48,0.03,0.39
132.12,2.48,0.03,0.39
132.13,2.48,0.03,0.39
132.14,2.48,0.03,0.39
132.15,2.48,0.03,0.39
132.16,2.48,0.03,0.39
132.17,2.48,0.03,0.39
132.18,2.48,0.03,0.39
132.19,2.48,0.03,0.39
132.2,2.48,0.03,0.39
132.21,2.48,0.03,0.39
132.22,2.48,0.03,0.39
132.23,2.48,0.03,0.39
132.24,2.48,0.03,0.39
132.25,2.48,0.03,0.39
132.26,2.48,0.02,0.39
132.27,2.48,0.02,0.39
132.28,2.48,0.02,0.39
132.29,2.49,0.02,0.39
132.3,2.49,0.02,0.39
132.31,2.49,0.02,0.39
132.32,2.49,0.02,0.39
132.33,2.49,0.02,0.39
132.34,2.49,0.02,0.39
132.35,2.49,0.02,0.39
132.36,2.49,0.02,0.39
132.37,2.49,0.02,0.39
132.38,2.49,0.02,0.39
132.39,2.49,0.02,0.39
132.4,2.49,0.02,0.39
132.41,2.49,0.02,0.39
132.42,2.49,0.02,0.39
132.43,2.49,0.02,0.39
132.44,2.49,0.02,0.39
132.45,2.49,0.02,0.39
132.46,2.49,0.02,0.39
132.47,2.49,0.02,0.39
132.48,2.49,0.02,0.39
132.49,2.49,0.02,0.39
132.5,2.49,0.02,0.39
132.51,2.49,0.02,0.39
132.52,2.49,0.02,0.39
132.53,2.49,0.02,0.39
132.54,2.49,0.02,0.39
132.55,2.49,0.02,0.39
132.56,2.49,0.02,0.39
132.57,2.49,0.02,0.39
132.58,2.49,0.02,0.39
132.59,2.49,0.02,0.39
132.6,2.49,0.02,0.39
132.61,2.49,0.02,0.39
132.62,2.49,0.02,0.39
132.63,2.49,0.02,0.39
132.64,2.49,0.02,0.39
132.65,2.49,0.02,0.39
132.66,2.49,0.02,0.39
132.67,2.49,0.02,0.39
132.68,2.49,0.02,0.39
132.69,2.49,0.02,0.39
132.7,2.49,0.02,0.39
132.71,2.49,0.02,0.39
132.72,2.49,0.02,0.39
132.73,2.49,0.02,0.39
132.74,2.49,0.02,0.39
132.75,2.49,0.02,0.39
132.76,2.49,0.02,0.39
132.77,2.49,0.01,0.39
132.78,2.49,0.01,0.39
132.79,2.49,0.01,0.39
132.8,2.49,0.01,0.39
132.81,2.5,0.01,0.39
132.82,2.5,0.01,0.39
132.83,2.5,0.01,0.39
132.84,2.5,0.01,0.39
132.85,2.5,0.01,0.39
132.86,2.5,0.01,0.39
132.87,2.5,0.01,0.39
132.88,2.5,0.01,0.39
132.89,2.5,0.01,0.39
132.9,2.5,0.01,0.39
132.91,2.5,0.01,0.39
132.92,2.5,0.01,0.39
132.93,2.5,0.01,0.39
132.94,2.5,0.01,0.39
132.95,2.5,0.01,0.39
132.96,2.5,0.01,0.39
132.97,2.5,0.01,0.39
132.98,2.5,0.01,0.39
132.99,2.5,0.01,0.39
133.0,2.5,0.01,0.39
133.01,2.5,0.01,0.39
133.02,2.5,0.01,0.39
133.03,2.5,0.01,0.39
133.04,2.5,0.01,0.39
133.05,2.5,0.01,0.39
133.06,2.5,0.01,0.39
133.07,2.5,0.01,0.39
133.08,2.5,0.01,0.39
133.09,2.5,0.01,0.39
133.1,2.5,0.01,0.39
133.11,2.5,0.01,0.39
133.12,2.5,0.01,0.39
133.13,2.5,0.01,0.39
133.14,2.5,0.01,0.39
133.15,2.5,0.01,0.4
133.16,2.5,0.01,0.4
133.17,2.5,0.01,0.4
133.18,2.5,0.01,0.4
133.19,2.5,0.01,0.4
133.2,2.5,0.01,0.4
133.21,2.5,0.01,0.4
133.22,2.5,0.01,0.4
133.23,2.5,0.01,0.4
133.24,2.5,0.01,0.4
133.25,2.5,0.01,0.4
133.26,2.5,0.01,0.4
133.27,2.5,0.0,0.4
133.28,2.5,0.0,0.4
133.29,2.5,0.0,0.4
133.3,2.5,0.0,0.4
133.31,2.5,0.0,0.4
133.32,2.5,0.0,0.4
133.33,2.5,0.0,0.4
133.34,2.5,0.0,0.4
133.35,2.5,0.0,0.4
133.36,2.5,0.0,0.4
133.37,2.5,0.0,0.4
133.38,2.5,0.0,0.4
133.39,2.5,0.0,0.4
133.4,2.5,0.0,0.4
133.41,2.5,0.0,0.4
133.42,2.5,0.0,0.4
133.43,2.5,0.0,0.4
133.44,2.5,0.0,0.4
133.45,2.5,0.0,0.4
133.46,2.5,0.0,0.4
133.47,2.5,0.0,0.4
133.48,2.5,0.0,0.4
133.49,2.5,0.0,0.4
133.5,2.5,0.0,0.4
133.51,2.5,0.0,0.4
133.52,2.5,-0.0,0.4
133.53,2.5,-0.0,0.4
133.54,2.5,-0.0,0.4
133.55,2.5,-0.0,0.4
133.56,2.5,-0.0,0.4
133.57,2.5,-0.0,0.4
133.58,2.5,-0.0,0.4
133.59,2.5,-0.0,0.4
133.6,2.5,-0.0,0.4
133.61,2.5,-0.0,0.4
133.62,2.5,-0.0,0.4
133.63,2.5,-0.0,0.4
133.64,2.5,-0.0,0.4
133.65,2.5,-0.0,0.4
133.66,2.5,-0.0,0.4
133.67,2.5,-0.0,0.4
133.68,2.5,-0.0,0.4
133.69,2.5,-0.0,0.4
133.7,2.5,-0.0,0.4
133.71,2.5,-0.0,0.4
133.72,2.5,-0.0,0.4
133.73,2.5,-0.0,0.4
133.74,2.5,-0.0,0.4
133.75,2.5,-0.0,0.4
133.76,2.5,-0.0,0.4
133.77,2.5,-0.01,0.4
133.78,2.5,-0.01,0.4
133.79,2.5,-0.01,0.4
133.8,2.5,-0.01,0.4
133.81,2.5,-0.01,0.4
133.82,2.5,-0.01,0.4
133.83,2.5,-0.01,0.4
133.84,2.5,-0.01,0.4
133.85,2.5,-0.01,0.4
133.86,2.5,-0.01,0.4
133.87,2.5,-0.01,0.4
133.88,2.5,-0.01,0.4
133.89,2.5,-0.01,0.4
133.9,2.5,-0.01,0.4
133.91,2.5,-0.01,0.4
133.92,2.5,-0.01,0.4
133.93,2.5,-0.01,0.4
133.94,2.5,-0.01,0.4
133.95,2.5,-0.01,0.4
133.96,2.5,-0.01,0.4
133.97,2.5,-0.01,0.4
133.98,2.5,-0.01,0.4
133.99,2.5,-0.01,0.4
134.0,2.5,-0.01,0.4
134.01,2.5,-0.01,0.4
134.02,2.5,-0.01,0.4
134.03,2.5,-0.01,0.4
134.04,2.5,-0.01,0.4
134.05,2.5,-0.01,0.4
134.06,2.5,-0.01,0.4
134.07,2.5,-0.01,0.4
134.08,2.5,-0.01,0.4
134.09,2.5,-0.01,0.4
134.1,2.5,-0.01,0.4
134.11,2.5,-0.01,0.4
134.12,2.5,-0.01,0.4
134.13,2.5,-0.01,0.4
134.14,2.5,-0.01,0.4
134.15,2.5,-0.01,0.4
134.16,2.5,-0.01,0.4
134.17,2.5,-0.01,0.4
134.18,2.5,-0.01,0.4
134.19,2.5,-0.01,0.4
134.2,2.5,-0.01,0.4
134.21,2.5,-0.01,0.4
134.22,2.5,-0.01,0.4
134.23,2.49,-0.01,0.4
134.24,2.49,-0.01,0.4
134.25,2.49,-0.01,0.4
134.26,2.49,-0.01,0.4
134.27,2.49,-0.01,0.4
134.28,2.49,-0.02,0.4
134.29,2.49,-0.02,0.4
134.3,2.49,-0.02,0.4
134.31,2.49,-0.02,0.4
134.32,2.49,-0.02,0.4
134.33,2.49,-0.02,0.4
134.34,2.49,-0.02,0.4
134.35,2.49,-0.02,0.4
134.36,2.49,-0.02,0.4
134.37,2.49,-0.02,0.4
134.38,2.49,-0.02,0.4
134.39,2.49,-0.02,0.4
134.4,2.49,-0.02,0.41
134.41,2.49,-0.02,0.41
134.42,2.49,-0.02,0.41
134.43,2.49,-0.02,0.41
134.44,2.49,-0.02,0.41
134.45,2.49,-0.02,0.41
134.46,2.49,-0.02,0.41
134.47,2.49,-0.02,0.41
134.48,2.49,-0.02,0.41
134.49,2.49,-0.02,0.41
134.5,2.49,-0.02,0.41
134.51,2.49,-0.02,0.41
134.52,2.49,-0.02,0.41
134.53,2.49,-0.02,0.41
134.54,2.49,-0.02,0.41
134.55,2.49,-0.02,0.41
134.56,2.49,-0.02,0.41
134.57,2.49,-0.02,0.41
134.58,2.49,-0.02,0.41
134.59,2.49,-0.02,0.41
134.6,2.49,-0.02,0.41
134.61,2.49,-0.02,0.41
134.62,2.49,-0.02,0.41
134.63,2.49,-0.02,0.41
134.64,2.49,-0.02,0.41
134.65,2.49,-0.02,0.41
134.66,2.49,-0.02,0.41
134.67,2.49,-0.02,0.41
134.68,2.49,-0.02,0.41
134.69,2.49,-0.02,0.41
134.7,2.49,-0.02,0.41
134.71,2.49,-0.02,0.41
134.72,2.49,-0.02,0.41
134.73,2.49,-0.02,0.41
134.74,2.49,-0.02,0.41
134.75,2.48,-0.02,0.41
134.76,2.48,-0.02,0.41
134.77,2.48,-0.02,0.41
134.78,2.48,-0.02,0.41
134.79,2.48,-0.03,0.41
134.8,2.48,-0.03,0.41
134.81,2.48,-0.03,0.41
134.82,2.48,-0.03,0.41
134.83,2.48,-0.03,0.41
134.84,2.48,-0.03,0.41
134.85,2.48,-0.03,0.41
134.86,2.48,-0.03,0.41
134.87,2.48,-0.03,0.41
134.88,2.48,-0.03,0.41
134.89,2.48,-0.03,0.41
134.9,2.48,-0.03,0.41
134.91,2.48,-0.03,0.41
134.92,2.48,-0.03,0.41
134.93,2.48,-0.03,0.41
134.94,2.48,-0.03,0.41
134.95,2.48,-0.03,0.41
134.96,2.48,-0.03,0.41
134.97,2.48,-0.03,0.41
134.98,2.48,-0.03,0.41
134.99,2.48,-0.03,0.41
135.0,2.48,-0.03,0.41
135.01,2.48,-0.03,0.41
135.02,2.48,-0.03,0.41
135.03,2.48,-0.03,0.41
135.04,2.48,-0.03,0.41
135.05,2.48,-0.03,0.41
135.06,2.48,-0.03,0.41
135.07,2.48,-0.03,0.41
135.08,2.48,-0.03,0.41
135.09,2.48,-0.03,0.41
135.1,2.48,-0.03,0.41
135.11,2.47,-0.03,0.41
135.12,2.47,-0.03,0.41
135.13,2.47,-0.03,0.41
135.14,2.47,-0.03,0.41
135.15,2.47,-0.03,0.41
135.16,2.47,-0.03,0.41
135.17,2.47,-0.03,0.41
135.18,2.47,-0.03,0.41
135.19,2.47,-0.03,0.41
135.2,2.47,-0.03,0.41
135.21,2.47,-0.03,0.41
135.22,2.47,-0.03,0.41
135.23,2.47,-0.03,0.41
135.24,2.47,-0.03,0.41
135.25,2.47,-0.03,0.41
135.26,2.47,-0.03,0.41
135.27,2.47,-0.03,0.41
135.28,2.47,-0.03,0.41
135.29,2.47,-0.03,0.41
135.3,2.47,-0.03,0.41
135.31,2.47,-0.04,0.41
135.32,2.47,-0.04,0.41
135.33,2.47,-0.04,0.41
135.34,2.47,-0.04,0.41
135.35,2.47,-0.04,0.41
135.36,2.47,-0.04,0.41
135.37,2.47,-0.04,0.41
135.38,2.47,-0.04,0.41
135.39,2.47,-0.04,0.41
135.4,2.46,-0.04,0.41
135.41,2.46,-0.04,0.41
135.42,2.46,-0.04,0.41
135.43,2.46,-0.04,0.41
135.44,2.46,-0.04,0.41
135.45,2.46,-0.04,0.41
135.46,2.46,-0.04,0.41
135.47,2.46,-0.04,0.41
135.48,2.46,-0.04,0.41
135.49,2.46,-0.04,0.41
135.5,2.46,-0.04,0.41
135.51,2.46,-0.04,0.41
135.52,2.46,-0.04,0.41
135.53,2.46,-0.04,0.41
135.54,2.46,-0.04,0.41
135.55,2.46,-0.04,0.41
135.56,2.46,-0.04,0.41
135.57,2.46,-0.04,0.41
135.58,2.46,-0.04,0.41
135.59,2.46,-0.04,0.41
135.6,2.46,-0.04,0.41
135.61,2.46,-0.04,0.41
135.62,2.46,-0.04,0.41
135.63,2.46,-0.04,0.41
135.64,2.46,-0.04,0.41
135.65,2.46,-0.04,0.41
135.66,2.45,-0.04,0.41
135.67,2.45,-0.04,0.42
135.68,2.45,-0.04,0.42
135.69,2.45,-0.04,0.42
135.7,2.45,-0.04,0.42
135.71,2.45,-0.04,0.42
135.72,2.45,-0.04,0.42
135.73,2.45,-0.04,0.42
135.74,2.45,-0.04,0.42
135.75,2.45,-0.04,0.42
135.76,2.45,-0.04,0.42
135.77,2.45,-0.04,0.42
135.78,2.45,-0.04,0.42
135.79,2.45,-0.04,0.42
135.8,2.45,-0.04,0.42
135.81,2.45,-0.04,0.42
135.82,2.45,-0.04,0.42
135.83,2.45,-0.04,0.42
135.84,2.45,-0.04,0.42
135.85,2.45,-0.04,0.42
135.86,2.45,-0.05,0.42
135.87,2.45,-0.05,0.42
135.88,2.45,-0.05,0.42
135.89,2.44,-0.05,0.42
135.9,2.44,-0.05,0.42
135.91,2.44,-0.05,0.42
135.92,2.44,-0.05,0.42
135.93,2.44,-0.05,0.42
135.94,2.44,-0.05,0.42
135.95,2.44,-0.05,0.42
135.96,2.44,-0.05,0.42
135.97,2.44,-0.05,0.42
135.98,2.44,-0.05,0.42
135.99,2.44,-0.05,0.42
136.0,2.44,-0.05,0.42
136.01,2.44,-0.05,0.42
136.02,2.44,-0.05,0.42
136.03,2.44,-0.05,0.42
136.04,2.44,-0.05,0.42
136.05,2.44,-0.05,0.42
136.06,2.44,-0.05,0.42
136.07,2.44,-0.05,0.42
136.08,2.44,-0.05,0.42
136.09,2.44,-0.05,0.42
136.1,2.43,-0.05,0.42
136.11,2.43,-0.05,0.42
136.12,2.43,-0.05,0.42
136.13,2.43,-0.05,0.42
136.14,2.43,-0.05,0.42
136.15,2.43,-0.05,0.42
136.16,2.43,-0.05,0.42
136.17,2.43,-0.05,0.42
136.18,2.43,-0.05,0.42
136.19,2.43,-0.05,0.42
136.2,2.43,-0.05,0.42
136.21,2.43,-0.05,0.42
136.22,2.43,-0.05,0.42
136.23,2.43,-0.05,0.42
136.24,2.43,-0.05,0.42
136.25,2.43,-0.05,0.42
136.26,2.43,-0.05,0.42
136.27,2.43,-0.05,0.42
136.28,2.43,-0.05,0.42
136.29,2.43,-0.05,0.42
136.3,2.42,-0.05,0.42
136.31,2.42,-0.05,0.42
136.32,2.42,-0.05,0.42
136.33,2.42,-0.05,0.42
136.34,2.42,-0.05,0.42
136.35,2.42,-0.05,0.42
136.36,2.42,-0.05,0.42
136.37,2.42,-0.05,0.42
136.38,2.42,-0.05,0.42
136.39,2.42,-0.05,0.42
136.4,2.42,-0.05,0.42
136.41,2.42,-0.05,0.42
136.42,2.42,-0.05,0.42
136.43,2.42,-0.06,0.42
136.44,2.42,-0.06,0.42
136.45,2.42,-0.06,0.42
136.46,2.42,-0.06,0.42
136.47,2.42,-0.06,0.42
136.48,2.41,-0.06,0.42
136.49,2.41,-0.06,0.42
136.5,2.41,-0.06,0.42
136.51,2.41,-0.06,0.42
136.52,2.41,-0.06,0.42
136.53,2.41,-0.06,0.42
136.54,2.41,-0.06,0.42
136.55,2.41,-0.06,0.42
136.56,2.41,-0.06,0.42
136.57,2.41,-0.06,0.42
136.58,2.41,-0.06,0.42
136.59,2.41,-0.06,0.42
136.6,2.41,-0.06,0.42
136.61,2.41,-0.06,0.42
136.62,2.41,-0.06,0.42
136.63,2.41,-0.06,0.42
136.64,2.41,-0.06,0.42
136.65,2.41,-0.06,0.42
136.66,2.4,-0.06,0.42
136.67,2.4,-0.06,0.42
136.68,2.4,-0.06,0.42
136.69,2.4,-0.06,0.42
136.7,2.4,-0.06,0.42
136.71,2.4,-0.06,0.42
136.72,2.4,-0.06,0.42
136.73,2.4,-0.06,0.42
136.74,2.4,-0.06,0.42
136.75,2.4,-0.06,0.42
136.76,2.4,-0.06,0.42
136.77,2.4,-0.06,0.42
136.78,2.4,-0.06,0.42
136.79,2.4,-0.06,0.42
136.8,2.4,-0.06,0.42
136.81,2.4,-0.06,0.42
136.82,2.39,-0.06,0.42
136.83,2.39,-0.06,0.42
136.84,2.39,-0.06,0.42
136.85,2.39,-0.06,0.42
136.86,2.39,-0.06,0.42
136.87,2.39,-0.06,0.42
136.88,2.39,-0.06,0.42
136.89,2.39,-0.06,0.42
136.9,2.39,-0.06,0.42
136.91,2.39,-0.06,0.42
136.92,2.39,-0.06,0.42
136.93,2.39,-0.06,0.42
136.94,2.39,-0.06,0.42
136.95,2.39,-0.06,0.42
136.96,2.39,-0.06,0.42
136.97,2.39,-0.06,0.42
136.98,2.38,-0.06,0.42
136.99,2.38,-0.06,0.42
137.0,2.38,-0.06,0.42
137.01,2.38,-0.06,0.42
137.02,2.38,-0.06,0.43
137.03,2.38,-0.06,0.43
137.04,2.38,-0.06,0.43
137.05,2.38,-0.06,0.43
137.06,2.38,-0.07,0.43
137.07,2.38,-0.07,0.43
137.08,2.38,-0.07,0.43
137.09,2.38,-0.07,0.43
137.1,2.38,-0.07,0.43
137.11,2.38,-0.07,0.43
137.12,2.38,-0.07,0.43
137.13,2.38,-0.07,0.43
137.14,2.37,-0.07,0.43
137.15,2.37,-0.07,0.43
137.16,2.37,-0.07,0.43
137.17,2.37,-0.07,0.43
137.18,2.37,-0.07,0.43
137.19,2.37,-0.07,0.43
137.2,2.37,-0.07,0.43
137.21,2.37,-0.07,0.43
137.22,2.37,-0.07,0.43
137.23,2.37,-0.07,0.43
137.24,2.37,-0.07,0.43
137.25,2.37,-0.07,0.43
137.26,2.37,-0.07,0.43
137.27,2.37,-0.07,0.43
137.28,2.37,-0.07,0.43
137.29,2.36,-0.07,0.43
137.3,2.36,-0.07,0.43
137.31,2.36,-0.07,0.43
137.32,2.36,-0.07,0.43
137.33,2.36,-0.07,0.43
137.34,2.36,-0.07,0.43
137.35,2.36,-0.07,0.43
137.36,2.36,-0.07,0.43
137.37,2.36,-0.07,0.43
137.38,2.36,-0.07,0.43
137.39,2.36,-0.07,0.43
137.4,2.36,-0.07,0.43
137.41,2.36,-0.07,0.43
137.42,2.36,-0.07,0.43
137.43,2.35,-0.07,0.43
137.44,2.35,-0.07,0.43
137.45,2.35,-0.07,0.43
137.46,2.35,-0.07,0.43
137.47,2.35,-0.07,0.43
137.48,2.35,-0.07,0.43
137.49,2.35,-0.07,0.43
137.5,2.35,-0.07,0.43
137.51,2.35,-0.07,0.43
137.52,2.35,-0.07,0.43
137.53,2.35,-0.07,0.43
137.54,2.35,-0.07,0.43
137.55,2.35,-0.07,0.43
137.56,2.35,-0.07,0.43
137.57,2.34,-0.07,0.43
137.58,2.34,-0.07,0.43
137.59,2.34,-0.07,0.43
137.6,2.34,-0.07,0.43
137.61,2.34,-0.07,0.43
137.62,2.34,-0.07,0.43
137.63,2.34,-0.07,0.43
137.64,2.34,-0.07,0.43
137.65,2.34,-0.07,0.43
137.66,2.34,-0.07,0.43
137.67,2.34,-0.07,0.43
137.68,2.34,-0.07,0.43
137.69,2.34,-0.07,0.43
137.7,2.34,-0.07,0.43
137.71,2.33,-0.07,0.43
137.72,2.33,-0.07,0.43
137.73,2.33,-0.07,0.43
137.74,2.33,-0.07,0.43
137.75,2.33,-0.07,0.43
137.76,2.33,-0.08,0.43
137.77,2.33,-0.08,0.43
137.78,2.33,-0.08,0.43
137.79,2.33,-0.08,0.43
137.8,2.33,-0.08,0.43
137.81,2.33,-0.08,0.43
137.82,2.33,-0.08,0.43
137.83,2.33,-0.08,0.43
137.84,2.32,-0.08,0.43
137.85,2.32,-0.08,0.43
137.86,2.32,-0.08,0.43
137.87,2.32,-0.08,0.43
137.88,2.32,-0.08,0.43
137.89,2.32,-0.08,0.43
137.9,2.32,-0.08,0.43
137.91,2.32,-0.08,0.43
137.92,2.32,-0.08,0.43
137.93,2.32,-0.08,0.43
137.94,2.32,-0.08,0.43
137.95,2.32,-0.08,0.43
137.96,2.32,-0.08,0.43
137.97,2.31,-0.08,0.43
137.98,2.31,-0.08,0.43
137.99,2.31,-0.08,0.43
138.0,2.31,-0.08,0.43
138.01,2.31,-0.08,0.43
138.02,2.31,-0.08,0.43
138.03,2.31,-0.08,0.43
138.04,2.31,-0.08,0.43
138.05,2.31,-0.08,0.43
138.06,2.31,-0.08,0.43
138.07,2.31,-0.08,0.43
138.08,2.31,-0.08,0.43
138.09,2.31,-0.08,0.43
138.1,2.3,-0.08,0.43
138.11,2.3,-0.08,0.43
138.12,2.3,-0.08,0.43
138.13,2.3,-0.08,0.43
138.14,2.3,-0.08,0.43
138.15,2.3,-0.08,0.43
138.16,2.3,-0.08,0.43
138.17,2.3,-0.08,0.43
138.18,2.3,-0.08,0.43
138.19,2.3,-0.08,0.43
138.2,2.3,-0.08,0.43
138.21,2.3,-0.08,0.43
138.22,2.29,-0.08,0.43
138.23,2.29,-0.08,0.43
138.24,2.29,-0.08,0.43
138.25,2.29,-0.08,0.43
138.26,2.29,-0.08,0.43
138.27,2.29,-0.08,0.43
138.28,2.29,-0.08,0.43
138.29,2.29,-0.08,0.43
138.3,2.29,-0.08,0.43
138.31,2.29,-0.08,0.43
138.32,2.29,-0.08,0.43
138.33,2.29,-0.08,0.43
138.34,2.28,-0.08,0.43
138.35,2.28,-0.08,0.43
138.36,2.28,-0.08,0.43
138.37,2.28,-0.08,0.43
138.38,2.28,-0.08,0.43
138.39,2.28,-0.08,0.43
138.4,2.28,-0.08,0.43
138.41,2.28,-0.08,0.43
138.42,2.28,-0.08,0.43
138.43,2.28,-0.08,0.43
138.44,2.28,-0.08,0.43
138.45,2.28,-0.08,0.43
138.46,2.27,-0.08,0.43
138.47,2.27,-0.08,0.43
138.48,2.27,-0.08,0.43
138.49,2.27,-0.08,0.43
138.5,2.27,-0.08,0.43
138.51,2.27,-0.08,0.44
138.52,2.27,-0.08,0.44
138.53,2.27,-0.08,0.44
138.54,2.27,-0.08,0.44
138.55,2.27,-0.08,0.44
138.56,2.27,-0.08,0.44
138.57,2.27,-0.08,0.44
138.58,2.26,-0.08,0.44
138.59,2.26,-0.08,0.44
138.6,2.26,-0.09,0.44
138.61,2.26,-0.09,0.44
138.62,2.26,-0.09,0.44
138.63,2.26,-0.09,0.44
138.64,2.26,-0.09,0.44
138.65,2.26,-0.09,0.44
138.66,2.26,-0.09,0.44
138.67,2.26,-0.09,0.44
138.68,2.26,-0.09,0.44
138.69,2.26,-0.09,0.44
138.7,2.25,-0.09,0.44
138.71,2.25,-0.09,0.44
138.72,2.25,-0.09,0.44
138.73,2.25,-0.09,0.44
138.74,2.25,-0.09,0.44
138.75,2.25,-0.09,0.44
138.76,2.25,-0.09,0.44
138.77,2.25,-0.09,0.44
138.78,2.25,-0.09,0.44
138.79,2.25,-0.09,0.44
138.8,2.25,-0.09,0.44
138.81,2.25,-0.09,0.44
138.82,2.24,-0.09,0.44
138.83,2.24,-0.09,0.44
138.84,2.24,-0.09,0.44
138.85,2.24,-0.09,0.44
138.86,2.24,-0.09,0.44
138.87,2.24,-0.09,0.44
138.88,2.24,-0.09,0.44
138.89,2.24,-0.09,0.44
138.9,2.24,-0.09,0.44
138.91,2.24,-0.09,0.44
138.92,2.24,-0.09,0.44
138.93,2.23,-0.09,0.44
138.94,2.23,-0.09,0.44
138.95,2.23,-0.09,0.44
138.96,2.23,-0.09,0.44
138.97,2.23,-0.09,0.44
138.98,2.23,-0.09,0.44
138.99,2.23,-0.09,0.44
139.0,2.23,-0.09,0.44
139.01,2.23,-0.09,0.44
139.02,2.23,-0.09,0.44
139.03,2.23,-0.09,0.44
139.04,2.22,-0.09,0.44
139.05,2.22,-0.09,0.44
139.06,2.22,-0.09,0.44
139.07,2.22,-0.09,0.44
139.08,2.22,-0.09,0.44
139.09,2.22,-0.09,0.44
139.1,2.22,-0.09,0.44
139.11,2.22,-0.09,0.44
139.12,2.22,-0.09,0.44
139.13,2.22,-0.09,0.44
139.14,2.22,-0.09,0.44
139.15,2.21,-0.09,0.44
139.16,2.21,-0.09,0.44
139.17,2.21,-0.09,0.44
139.18,2.21,-0.09,0.44
139.19,2.21,-0.09,0.44
139.2,2.21,-0.09,0.44
139.21,2.21,-0.09,0.44
139.22,2.21,-0.09,0.44
139.23,2.21,-0.09,0.44
139.24,2.21,-0.09,0.44
139.25,2.21,-0.09,0.44
139.26,2.2,-0.09,0.44
139.27,2.2,-0.09,0.44
139.28,2.2,-0.09,0.44
139.29,2.2,-0.09,0.44
139.3,2.2,-0.09,0.44
139.31,2.2,-0.09,0.44
139.32,2.2,-0.09,0.44
139.33,2.2,-0.09,0.44
139.34,2.2,-0.09,0.44
139.35,2.2,-0.09,0.44
139.36,2.2,-0.09,0.44
139.37,2.19,-0.09,0.44
139.38,2.19,-0.09,0.44
139.39,2.19,-0.09,0.44
139.4,2.19,-0.09,0.44
139.41,2.19,-0.09,0.44
139.42,2.19,-0.09,0.44
139.43,2.19,-0.09,0.44
139.44,2.19,-0.09,0.44
139.45,2.19,-0.09,0.44
139.46,2.19,-0.09,0.44
139.47,2.19,-0.09,0.44
139.48,2.18,-0.09,0.44
139.49,2.18,-0.09,0.44
139.5,2.18,-0.09,0.44
139.51,2.18,-0.09,0.44
139.52,2.18,-0.09,0.44
139.53,2.18,-0.09,0.44
139.54,2.18,-0.09,0.44
139.55,2.18,-0.09,0.44
139.56,2.18,-0.09,0.44
139.57,2.18,-0.09,0.44
139.58,2.18,-0.09,0.44
139.59,2.17,-0.09,0.44
139.6,2.17,-0.09,0.44
139.61,2.17,-0.09,0.44
139.62,2.17,-0.09,0.44
139.63,2.17,-0.09,0.44
139.64,2.17,-0.09,0.44
139.65,2.17,-0.09,0.44
139.66,2.17,-0.09,0.44
139.67,2.17,-0.09,0.44
139.68,2.17,-0.09,0.44
139.69,2.17,-0.09,0.44
139.7,2.16,-0.09,0.44
139.71,2.16,-0.09,0.44
139.72,2.16,-0.09,0.44
139.73,2.16,-0.09,0.44
139.74,2.16,-0.09,0.44
139.75,2.16,-0.09,0.44
139.76,2.16,-0.09,0.44
139.77,2.16,-0.09,0.44
139.78,2.16,-0.09,0.44
139.79,2.16,-0.1,0.44
139.8,2.15,-0.1,0.44
139.81,2.15,-0.1,0.44
139.82,2.15,-0.1,0.44
139.83,2.15,-0.1,0.44
139.84,2.15,-0.1,0.44
139.85,2.15,-0.1,0.44
139.86,2.15,-0.1,0.44
139.87,2.15,-0.1,0.44
139.88,2.15,-0.1,0.44
139.89,2.15,-0.1,0.44
139.9,2.15,-0.1,0.44
139.91,2.14,-0.1,0.44
139.92,2.14,-0.1,0.44
139.93,2.14,-0.1,0.44
139.94,2.14,-0.1,0.44
139.95,2.14,-0.1,0.44
139.96,2.14,-0.1,0.44
139.97,2.14,-0.1,0.44
139.98,2.14,-0.1,0.44
139.99,2.14,-0.1,0.44
140.0,2.14,-0.1,0.44
140.01,2.13,-0.1,0.44
140.02,2.13,-0.1,0.44
140.03,2.13,-0.1,0.44
140.04,2.13,-0.1,0.44
140.05,2.13,-0.1,0.44
140.06,2.13,-0.1,0.44
140.07,2.13,-0.1,0.44
140.08,2.13,-0.1,0.44
140.09,2.13,-0.1,0.44
140.1,2.13,-0.1,0.44
140.11,2.12,-0.1,0.44
140.12,2.12,-0.1,0.44
140.13,2.12,-0.1,0.44
140.14,2.12,-0.1,0.44
140.15,2.12,-0.1,0.44
140.16,2.12,-0.1,0.44
140.17,2.12,-0.1,0.44
140.18,2.12,-0.1,0.44
140.19,2.12,-0.1,0.44
140.2,2.12,-0.1,0.44
140.21,2.12,-0.1,0.44
140.22,2.11,-0.1,0.44
140.23,2.11,-0.1,0.44
140.24,2.11,-0.1,0.44
140.25,2.11,-0.1,0.44
140.26,2.11,-0.1,0.44
140.27,2.11,-0.1,0.44
140.28,2.11,-0.1,0.44
140.29,2.11,-0.1,0.44
140.3,2.11,-0.1,0.44
140.31,2.11,-0.1,0.44
140.32,2.1,-0.1,0.44
140.33,2.1,-0.1,0.44
140.34,2.1,-0.1,0.44
140.35,2.1,-0.1,0.44
140.36,2.1,-0.1,0.44
140.37,2.1,-0.1,0.44
140.38,2.1,-0.1,0.44
140.39,2.1,-0.1,0.44
140.4,2.1,-0.1,0.44
140.41,2.1,-0.1,0.44
140.42,2.09,-0.1,0.44
140.43,2.09,-0.1,0.44
140.44,2.09,-0.1,0.44
140.45,2.09,-0.1,0.45
140.46,2.09,-0.1,0.45
140.47,2.09,-0.1,0.45
140.48,2.09,-0.1,0.45
140.49,2.09,-0.1,0.45
140.5,2.09,-0.1,0.45
140.51,2.09,-0.1,0.45
140.52,2.08,-0.1,0.45
140.53,2.08,-0.1,0.45
140.54,2.08,-0.1,0.45
140.55,2.08,-0.1,0.45
140.56,2.08,-0.1,0.45
140.57,2.08,-0.1,0.45
140.58,2.08,-0.1,0.45
140.59,2.08,-0.1,0.45
140.6,2.08,-0.1,0.45
140.61,2.08,-0.1,0.45
140.62,2.07,-0.1,0.45
140.63,2.07,-0.1,0.45
140.64,2.07,-0.1,0.45
140.65,2.07,-0.1,0.45
140.66,2.07,-0.1,0.45
140.67,2.07,-0.1,0.45
140.68,2.07,-0.1,0.45
140.69,2.07,-0.1,0.45
140.7,2.07,-0.1,0.45
140.71,2.07,-0.1,0.45
140.72,2.06,-0.1,0.45
140.73,2.06,-0.1,0.45
140.74,2.06,-0.1,0.45
140.75,2.06,-0.1,0.45
140.76,2.06,-0.1,0.45
140.77,2.06,-0.1,0.45
140.78,2.06,-0.1,0.45
140.79,2.06,-0.1,0.45
140.8,2.06,-0.1,0.45
140.81,2.06,-0.1,0.45
140.82,2.06,-0.1,0.45
140.83,2.05,-0.1,0.45
140.84,2.05,-0.1,0.45
140.85,2.05,-0.1,0.45
140.86,2.05,-0.1,0.45
140.87,2.05,-0.1,0.45
140.88,2.05,-0.1,0.45
140.89,2.05,-0.1,0.45
140.9,2.05,-0.1,0.45
140.91,2.05,-0.1,0.45
140.92,2.05,-0.1,0.45
140.93,2.04,-0.1,0.45
140.94,2.04,-0.1,0.45
140.95,2.04,-0.1,0.45
140.96,2.04,-0.1,0.45
140.97,2.04,-0.1,0.45
140.98,2.04,-0.1,0.45
140.99,2.04,-0.1,0.45
141.0,2.04,-0.1,0.45
141.01,2.04,-0.1,0.45
141.02,2.04,-0.1,0.45
141.03,2.03,-0.1,0.45
141.04,2.03,-0.1,0.45
141.05,2.03,-0.1,0.45
141.06,2.03,-0.1,0.45
141.07,2.03,-0.1,0.45
141.08,2.03,-0.1,0.45
141.09,2.03,-0.1,0.45
141.1,2.03,-0.1,0.45
141.11,2.03,-0.1,0.45
141.12,2.03,-0.1,0.45
141.13,2.02,-0.1,0.45
141.14,2.02,-0.1,0.45
141.15,2.02,-0.1,0.45
141.16,2.02,-0.1,0.45
141.17,2.02,-0.1,0.45
141.18,2.02,-0.1,0.45
141.19,2.02,-0.1,0.45
141.2,2.02,-0.1,0.45
141.21,2.02,-0.1,0.45
141.22,2.02,-0.1,0.45
141.23,2.01,-0.1,0.45
141.24,2.01,-0.1,0.45
141.25,2.01,-0.1,0.45
141.26,2.01,-0.1,0.45
141.27,2.01,-0.1,0.45
141.28,2.01,-0.1,0.45
141.29,2.01,-0.1,0.45
141.3,2.01,-0.1,0.45
141.31,2.01,-0.1,0.45
141.32,2.01,-0.1,0.45
141.33,2.0,-0.1,0.45
141.34,2.0,-0.1,0.45
141.35,2.0,-0.1,0.45
141.36,2.0,-0.1,0.45
141.37,2.0,-0.1,0.45
141.38,2.0,-0.1,0.45
141.39,2.0,-0.1,0.45
141.4,2.0,-0.1,0.45
141.41,2.0,-0.1,0.45
141.42,2.0,-0.1,0.45
141.43,1.99,-0.1,0.45
141.44,1.99,-0.1,0.45
141.45,1.99,-0.1,0.45
141.46,1.99,-0.1,0.45
141.47,1.99,-0.1,0.45
141.48,1.99,-0.1,0.45
141.49,1.99,-0.1,0.45
141.5,1.99,-0.1,0.45
141.51,1.99,-0.1,0.45
141.52,1.99,-0.1,0.45
141.53,1.98,-0.1,0.45
141.54,1.98,-0.1,0.45
141.55,1.98,-0.1,0.45
141.56,1.98,-0.1,0.45
141.57,1.98,-0.1,0.45
141.58,1.98,-0.1,0.45
141.59,1.98,-0.1,0.45
141.6,1.98,-0.1,0.45
141.61,1.98,-0.1,0.45
141.62,1.98,-0.1,0.45
141.63,1.97,-0.1,0.45
141.64,1.97,-0.1,0.45
141.65,1.97,-0.1,0.45
141.66,1.97,-0.1,0.45
141.67,1.97,-0.1,0.45
141.68,1.97,-0.1,0.45
141.69,1.97,-0.1,0.45
141.7,1.97,-0.1,0.45
141.71,1.97,-0.1,0.45
141.72,1.97,-0.1,0.45
141.73,1.96,-0.1,0.45
141.74,1.96,-0.1,0.45
141.75,1.96,-0.1,0.45
141.76,1.96,-0.1,0.45
141.77,1.96,-0.1,0.45
141.78,1.96,-0.1,0.45
141.79,1.96,-0.1,0.45
141.8,1.96,-0.1,0.45
141.81,1.96,-0.1,0.45
141.82,1.96,-0.1,0.45
141.83,1.95,-0.1,0.45
141.84,1.95,-0.1,0.45
141.85,1.95,-0.1,0.45
141.86,1.95,-0.1,0.45
141.87,1.95,-0.1,0.45
141.88,1.95,-0.1,0.45
141.89,1.95,-0.1,0.45
141.9,1.95,-0.1,0.45
141.91,1.95,-0.1,0.45
141.92,1.95,-0.1,0.45
141.93,1.94,-0.1,0.45
141.94,1.94,-0.1,0.45
141.95,1.94,-0.1,0.45
141.96,1.94,-0.1,0.45
141.97,1.94,-0.1,0.45
141.98,1.94,-0.1,0.45
141.99,1.94,-0.1,0.45
142.0,1.94,-0.1,0.45
142.01,1.94,-0.1,0.45
142.02,1.94,-0.1,0.45
142.03,1.93,-0.1,0.45
142.04,1.93,-0.1,0.45
142.05,1.93,-0.1,0.45
142.06,1.93,-0.1,0.45
142.07,1.93,-0.1,0.45
142.08,1.93,-0.1,0.45
142.09,1.93,-0.1,0.45
142.1,1.93,-0.1,0.45
142.11,1.93,-0.1,0.45
142.12,1.93,-0.1,0.45
142.13,1.92,-0.1,0.45
142.14,1.92,-0.1,0.45
142.15,1.92,-0.1,0.45
142.16,1.92,-0.1,0.45
142.17,1.92,-0.1,0.45
142.18,1.92,-0.1,0.45
142.19,1.92,-0.1,0.45
142.2,1.92,-0.1,0.45
142.21,1.92,-0.1,0.45
142.22,1.92,-0.1,0.45
142.23,1.91,-0.1,0.45
142.24,1.91,-0.1,0.45
142.25,1.91,-0.1,0.45
142.26,1.91,-0.1,0.45
142.27,1.91,-0.1,0.45
142.28,1.91,-0.1,0.45
142.29,1.91,-0.1,0.45
142.3,1.91,-0.1,0.45
142.31,1.91,-0.1,0.45
142.32,1.91,-0.1,0.45
142.33,1.9,-0.1,0.45
142.34,1.9,-0.1,0.45
142.35,1.9,-0.1,0.45
142.36,1.9,-0.1,0.45
142.37,1.9,-0.1,0.45
142.38,1.9,-0.1,0.45
142.39,1.9,-0.1,0.45
142.4,1.9,-0.1,0.45
142.41,1.9,-0.1,0.45
142.42,1.9,-0.1,0.45
142.43,1.89,-0.1,0.45
142.44,1.89,-0.1,0.45
142.45,1.89,-0.1,0.45
142.46,1.89,-0.1,0.45
142.47,1.89,-0.1,0.45
142.48,1.89,-0.1,0.45
142.49,1.89,-0.1,0.45
142.5,1.89,-0.1,0.45
142.51,1.89,-0.1,0.45
142.52,1.89,-0.1,0.45
142.53,1.89,-0.1,0.45
142.54,1.88,-0.1,0.45
142.55,1.88,-0.1,0.45
142.56,1.88,-0.1,0.45
142.57,1.88,-0.1,0.45
142.58,1.88,-0.1,0.45
142.59,1.88,-0.1,0.45
142.6,1.88,-0.1,0.45
142.61,1.88,-0.1,0.45
142.62,1.88,-0.1,0.45
142.63,1.88,-0.1,0.45
142.64,1.87,-0.1,0.45
142.65,1.87,-0.1,0.45
142.66,1.87,-0.1,0.45
142.67,1.87,-0.1,0.45
142.68,1.87,-0.1,0.45
142.69,1.87,-0.1,0.45
142.7,1.87,-0.1,0.45
142.71,1.87,-0.1,0.45
142.72,1.87,-0.1,0.45
142.73,1.87,-0.1,0.45
142.74,1.86,-0.1,0.45
142.75,1.86,-0.1,0.45
142.76,1.86,-0.1,0.45
142.77,1.86,-0.1,0.45
142.78,1.86,-0.1,0.45
142.79,1.86,-0.1,0.45
142.8,1.86,-0.1,0.45
142.81,1.86,-0.1,0.45
142.82,1.86,-0.1,0.45
142.83,1.86,-0.1,0.45
142.84,1.86,-0.1,0.45
142.85,1.85,-0.1,0.45
142.86,1.85,-0.1,0.45
142.87,1.85,-0.1,0.45
142.88,1.85,-0.1,0.45
142.89,1.85,-0.1,0.45
142.9,1.85,-0.1,0.45
142.91,1.85,-0.1,0.45
142.92,1.85,-0.1,0.45
142.93,1.85,-0.1,0.45
142.94,1.85,-0.1,0.45
142.95,1.84,-0.1,0.45
142.96,1.84,-0.09,0.45
142.97,1.84,-0.09,0.45
142.98,1.84,-0.09,0.45
142.99,1.84,-0.09,0.45
143.0,1.84,-0.09,0.45
143.01,1.84,-0.09,0.45
143.02,1.84,-0.09,0.45
143.03,1.84,-0.09,0.45
143.04,1.84,-0.09,0.45
143.05,1.84,-0.09,0.45
143.06,1.83,-0.09,0.45
143.07,1.83,-0.09,0.45
143.08,1.83,-0.09,0.45
143.09,1.83,-0.09,0.45
143.1,1.83,-0.09,0.45
143.11,1.83,-0.09,0.45
143.12,1.83,-0.09,0.45
143.13,1.83,-0.09,0.45
143.14,1.83,-0.09,0.45
143.15,1.83,-0.09,0.45
143.16,1.82,-0.09,0.45
143.17,1.82,-0.09,0.45
143.18,1.82,-0.09,0.45
143.19,1.82,-0.09,0.45
143.2,1.82,-0.09,0.45
143.21,1.82,-0.09,0.45
143.22,1.82,-0.09,0.45
143.23,1.82,-0.09,0.45
143.24,1.82,-0.09,0.45
143.25,1.82,-0.09,0.45
143.26,1.82,-0.09,0.45
143.27,1.81,-0.09,0.45
143.28,1.81,-0.09,0.45
143.29,1.81,-0.09,0.45
143.3,1.81,-0.09,0.45
143.31,1.81,-0.09,0.45
143.32,1.81,-0.09,0.45
143.33,1.81,-0.09,0.45
143.34,1.81,-0.09,0.45
143.35,1.81,-0.09,0.45
143.36,1.81,-0.09,0.45
143.37,1.81,-0.09,0.45
143.38,1.8,-0.09,0.45
143.39,1.8,-0.09,0.45
143.4,1.8,-0.09,0.45
143.41,1.8,-0.09,0.45
143.42,1.8,-0.09,0.45
143.43,1.8,-0.09,0.45
143.44,1.8,-0.09,0.45
143.45,1.8,-0.09,0.45
143.46,1.8,-0.09,0.45
143.47,1.8,-0.09,0.45
143.48,1.8,-0.09,0.45
143.49,1.79,-0.09,0.45
143.5,1.79,-0.09,0.45
143.51,1.79,-0.09,0.45
143.52,1.79,-0.09,0.45
143.53,1.79,-0.09,0.45
143.54,1.79,-0.09,0.45
143.55,1.79,-0.09,0.45
143.56,1.79,-0.09,0.45
143.57,1.79,-0.09,0.45
143.58,1.79,-0.09,0.45
143.59,1.79,-0.09,0.45
143.6,1.78,-0.09,0.45
143.61,1.78,-0.09,0.45
143.62,1.78,-0.09,0.45
143.63,1.78,-0.09,0.45
143.64,1.78,-0.09,0.45
143.65,1.78,-0.09,0.45
143.66,1.78,-0.09,0.45
143.67,1.78,-0.09,0.45
143.68,1.78,-0.09,0.45
143.69,1.78,-0.09,0.45
143.7,1.78,-0.09,0.45
143.71,1.77,-0.09,0.45
143.72,1.77,-0.09,0.45
143.73,1.77,-0.09,0.45
143.74,1.77,-0.09,0.45
143.75,1.77,-0.09,0.45
143.76,1.77,-0.09,0.45
143.77,1.77,-0.09,0.45
143.78,1.77,-0.09,0.45
143.79,1.77,-0.09,0.45
143.8,1.77,-0.09,0.45
143.81,1.77,-0.09,0.45
143.82,1.76,-0.09,0.45
143.83,1.76,-0.09,0.45
143.84,1.76,-0.09,0.45
143.85,1.76,-0.09,0.45
143.86,1.76,-0.09,0.45
143.87,1.76,-0.09,0.45
143.88,1.76,-0.09,0.45
143.89,1.76,-0.09,0.45
143.9,1.76,-0.09,0.45
143.91,1.76,-0.09,0.45
143.92,1.76,-0.09,0.45
143.93,1.76,-0.09,0.45
143.94,1.75,-0.09,0.45
143.95,1.75,-0.09,0.45
143.96,1.75,-0.09,0.45
143.97,1.75,-0.09,0.45
143.98,1.75,-0.09,0.45
143.99,1.75,-0.09,0.45
144.0,1.75,-0.09,0.45
144.01,1.75,-0.09,0.45
144.02,1.75,-0.09,0.45
144.03,1.75,-0.09,0.45
144.04,1.75,-0.09,0.45
144.05,1.74,-0.09,0.45
144.06,1.74,-0.09,0.45
144.07,1.74,-0.09,0.45
144.08,1.74,-0.09,0.45
144.09,1.74,-0.09,0.45
144.1,1.74,-0.09,0.45
144.11,1.74,-0.09,0.45
144.12,1.74,-0.09,0.45
144.13,1.74,-0.09,0.45
144.14,1.74,-0.09,0.45
144.15,1.74,-0.08,0.45
144.16,1.74,-0.08,0.45
144.17,1.73,-0.08,0.45
144.18,1.73,-0.08,0.45
144.19,1.73,-0.08,0.45
144.2,1.73,-0.08,0.45
144.21,1.73,-0.08,0.45
144.22,1.73,-0.08,0.45
144.23,1.73,-0.08,0.45
144.24,1.73,-0.08,0.45
144.25,1.73,-0.08,0.45
144.26,1.73,-0.08,0.45
144.27,1.73,-0.08,0.45
144.28,1.73,-0.08,0.45
144.29,1.72,-0.08,0.45
144.3,1.72,-0.08,0.45
144.31,1.72,-0.08,0.45
144.32,1.72,-0.08,0.45
144.33,1.72,-0.08,0.45
144.34,1.72,-0.08,0.45
144.35,1.72,-0.08,0.45
144.36,1.72,-0.08,0.45
144.37,1.72,-0.08,0.45
144.38,1.72,-0.08,0.45
144.39,1.72,-0.08,0.45
144.4,1.72,-0.08,0.45
144.41,1.71,-0.08,0.45
144.42,1.71,-0.08,0.45
144.43,1.71,-0.08,0.45
144.44,1.71,-0.08,0.45
144.45,1.71,-0.08,0.45
144.46,1.71,-0.08,0.45
144.47,1.71,-0.08,0.45
144.48,1.71,-0.08,0.45
144.49,1.71,-0.08,0.45
144.5,1.71,-0.08,0.45
144.51,1.71,-0.08,0.45
144.52,1.71,-0.08,0.45
144.53,1.7,-0.08,0.45
144.54,1.7,-0.08,0.45
144.55,1.7,-0.08,0.45
144.56,1.7,-0.08,0.45
144.57,1.7,-0.08,0.45
144.58,1.7,-0.08,0.45
144.59,1.7,-0.08,0.45
144.6,1.7,-0.08,0.45
144.61,1.7,-0.08,0.44
144.62,1.7,-0.08,0.44
144.63,1.7,-0.08,0.44
144.64,1.7,-0.08,0.44
144.65,1.7,-0.08,0.44
144.66,1.69,-0.08,0.44
144.67,1.69,-0.08,0.44
144.68,1.69,-0.08,0.44
144.69,1.69,-0.08,0.44
144.7,1.69,-0.08,0.44
144.71,1.69,-0.08,0.44
144.72,1.69,-0.08,0.44
144.73,1.69,-0.08,0.44
144.74,1.69,-0.08,0.44
144.75,1.69,-0.08,0.44
144.76,1.69,-0.08,0.44
144.77,1.69,-0.08,0.44
144.78,1.68,-0.08,0.44
144.79,1.68,-0.08,0.44
144.8,1.68,-0.08,0.44
144.81,1.68,-0.08,0.44
144.82,1.68,-0.08,0.44
144.83,1.68,-0.08,0.44
144.84,1.68,-0.08,0.44
144.85,1.68,-0.08,0.44
144.86,1.68,-0.08,0.44
144.87,1.68,-0.08,0.44
144.88,1.68,-0.08,0.44
144.89,1.68,-0.08,0.44
144.9,1.68,-0.08,0.44
144.91,1.67,-0.08,0.44
144.92,1.67,-0.08,0.44
144.93,1.67,-0.08,0.44
144.94,1.67,-0.08,0.44
144.95,1.67,-0.08,0.44
144.96,1.67,-0.08,0.44
144.97,1.67,-0.08,0.44
144.98,1.67,-0.08,0.44
144.99,1.67,-0.07,0.44
145.0,1.67,-0.07,0.44
145.01,1.67,-0.07,0.44
145.02,1.67,-0.07,0.44
145.03,1.67,-0.07,0.44
145.04,1.67,-0.07,0.44
145.05,1.66,-0.07,0.44
145.06,1.66,-0.07,0.44
145.07,1.66,-0.07,0.44
145.08,1.66,-0.07,0.44
145.09,1.66,-0.07,0.44
145.1,1.66,-0.07,0.44
145.11,1.66,-0.07,0.44
145.12,1.66,-0.07,0.44
145.13,1.66,-0.07,0.44
145.14,1.66,-0.07,0.44
145.15,1.66,-0.07,0.44
145.16,1.66,-0.07,0.44
145.17,1.66,-0.07,0.44
145.18,1.65,-0.07,0.44
145.19,1.65,-0.07,0.44
145.2,1.65,-0.07,0.44
145.21,1.65,-0.07,0.44
145.22,1.65,-0.07,0.44
145.23,1.65,-0.07,0.44
145.24,1.65,-0.07,0.44
145.25,1.65,-0.07,0.44
145.26,1.65,-0.07,0.44
145.27,1.65,-0.07,0.44
145.28,1.65,-0.07,0.44
145.29,1.65,-0.07,0.44
145.3,1.65,-0.07,0.44
145.31,1.65,-0.07,0.44
145.32,1.64,-0.07,0.44
145.33,1.64,-0.07,0.44
145.34,1.64,-0.07,0.44
145.35,1.64,-0.07,0.44
145.36,1.64,-0.07,0.44
145.37,1.64,-0.07,0.44
145.38,1.64,-0.07,0.44
145.39,1.64,-0.07,0.44
145.4,1.64,-0.07,0.44
145.41,1.64,-0.07,0.44
145.42,1.64,-0.07,0.44
145.43,1.64,-0.07,0.44
145.44,1.64,-0.07,0.44
145.45,1.64,-0.07,0.44
145.46,1.64,-0.07,0.44
145.47,1.63,-0.07,0.44
145.48,1.63,-0.07,0.44
145.49,1.63,-0.07,0.44
145.5,1.63,-0.07,0.44
145.51,1.63,-0.07,0.44
145.52,1.63,-0.07,0.44
145.53,1.63,-0.07,0.44
145.54,1.63,-0.07,0.44
145.55,1.63,-0.07,0.44
145.56,1.63,-0.07,0.44
145.57,1.63,-0.07,0.44
145.58,1.63,-0.07,0.44
145.59,1.63,-0.07,0.44
145.6,1.63,-0.07,0.44
145.61,1.63,-0.07,0.44
145.62,1.62,-0.07,0.44
145.63,1.62,-0.07,0.44
145.64,1.62,-0.07,0.44
145.65,1.62,-0.07,0.44
145.66,1.62,-0.07,0.44
145.67,1.62,-0.07,0.44
145.68,1.62,-0.07,0.44
145.69,1.62,-0.06,0.44
145.7,1.62,-0.06,0.44
145.71,1.62,-0.06,0.44
145.72,1.62,-0.06,0.44
145.73,1.62,-0.06,0.44
145.74,1.62,-0.06,0.44
145.75,1.62,-0.06,0.44
145.76,1.62,-0.06,0.44
145.77,1.61,-0.06,0.44
145.78,1.61,-0.06,0.44
145.79,1.61,-0.06,0.44
145.8,1.61,-0.06,0.44
145.81,1.61,-0.06,0.44
145.82,1.61,-0.06,0.44
145.83,1.61,-0.06,0.44
145.84,1.61,-0.06,0.44
145.85,1.61,-0.06,0.44
145.86,1.61,-0.06,0.44
145.87,1.61,-0.06,0.44
145.88,1.61,-0.06,0.44
145.89,1.61,-0.06,0.44
145.9,1.61,-0.06,0.44
145.91,1.61,-0.06,0.44
145.92,1.61,-0.06,0.44
145.93,1.6,-0.06,0.44
145.94,1.6,-0.06,0.44
145.95,1.6,-0.06,0.44
145.96,1.6,-0.06,0.44
145.97,1.6,-0.06,0.44
145.98,1.6,-0.06,0.44
145.99,1.6,-0.06,0.44
146.0,1.6,-0.06,0.44
146.01,1.6,-0.06,0.44
146.02,1.6,-0.06,0.44
146.03,1.6,-0.06,0.44
146.04,1.6,-0.06,0.44
146.05,1.6,-0.06,0.44
146.06,1.6,-0.06,0.44
146.07,1.6,-0.06,0.43
146.08,1.6,-0.06,0.43
146.09,1.6,-0.06,0.43
146.1,1.59,-0.06,0.43
146.11,1.59,-0.06,0.43
146.12,1.59,-0.06,0.43
146.13,1.59,-0.06,0.43
146.14,1.59,-0.06,0.43
146.15,1.59,-0.06,0.43
146.16,1.59,-0.06,0.43
146.17,1.59,-0.06,0.43
146.18,1.59,-0.06,0.43
146.19,1.59,-0.06,0.43
146.2,1.59,-0.06,0.43
146.21,1.59,-0.06,0.43
146.22,1.59,-0.06,0.43
146.23,1.59,-0.06,0.43
146.24,1.59,-0.06,0.43
146.25,1.59,-0.06,0.43
146.26,1.59,-0.06,0.43
146.27,1.58,-0.06,0.43
146.28,1.58,-0.06,0.43
146.29,1.58,-0.06,0.43
146.3,1.58,-0.06,0.43
146.31,1.58,-0.06,0.43
146.32,1.58,-0.05,0.43
146.33,1.58,-0.05,0.43
146.34,1.58,-0.05,0.43
146.35,1.58,-0.05,0.43
146.36,1.58,-0.05,0.43
146.37,1.58,-0.05,0.43
146.38,1.58,-0.05,0.43
146.39,1.58,-0.05,0.43
146.4,1.58,-0.05,0.43
146.41,1.58,-0.05,0.43
146.42,1.58,-0.05,0.43
146.43,1.58,-0.05,0.43
146.44,1.58,-0.05,0.43
146.45,1.58,-0.05,0.43
146.46,1.57,-0.05,0.43
146.47,1.57,-0.05,0.43
146.48,1.57,-0.05,0.43
146.49,1.57,-0.05,0.43
146.5,1.57,-0.05,0.43
146.51,1.57,-0.05,0.43
146.52,1.57,-0.05,0.43
146.53,1.57,-0.05,0.43
146.54,1.57,-0.05,0.43
146.55,1.57,-0.05,0.43
146.56,1.57,-0.05,0.43
146.57,1.57,-0.05,0.43
146.58,1.57,-0.05,0.43
146.59,1.57,-0.05,0.43
146.6,1.57,-0.05,0.43
146.61,1.57,-0.05,0.43
146.62,1.57,-0.05,0.43
146.63,1.57,-0.05,0.43
146.64,1.57,-0.05,0.43
146.65,1.56,-0.05,0.43
146.66,1.56,-0.05,0.43
146.67,1.56,-0.05,0.43
146.68,1.56,-0.05,0.43
146.69,1.56,-0.05,0.43
146.7,1.56,-0.05,0.43
146.71,1.56,-0.05,0.43
146.72,1.56,-0.05,0.43
146.73,1.56,-0.05,0.43
146.74,1.56,-0.05,0.43
146.75,1.56,-0.05,0.43
146.76,1.56,-0.05,0.43
146.77,1.56,-0.05,0.43
146.78,1.56,-0.05,0.43
146.79,1.56,-0.05,0.43
146.8,1.56,-0.05,0.43
146.81,1.56,-0.05,0.43
146.82,1.56,-0.05,0.43
146.83,1.56,-0.05,0.43
146.84,1.56,-0.05,0.43
146.85,1.56,-0.05,0.43
146.86,1.55,-0.05,0.43
146.87,1.55,-0.05,0.43
146.88,1.55,-0.05,0.43
146.89,1.55,-0.05,0.43
146.9,1.55,-0.04,0.43
146.91,1.55,-0.04,0.43
146.92,1.55,-0.04,0.43
146.93,1.55,-0.04,0.43
146.94,1.55,-0.04,0.43
146.95,1.55,-0.04,0.43
146.96,1.55,-0.04,0.43
146.97,1.55,-0.04,0.43
146.98,1.55,-0.04,0.43
146.99,1.55,-0.04,0.43
147.0,1.55,-0.04,0.43
147.01,1.55,-0.04,0.43
147.02,1.55,-0.04,0.43
147.03,1.55,-0.04,0.43
147.04,1.55,-0.04,0.43
147.05,1.55,-0.04,0.43
147.06,1.55,-0.04,0.43
147.07,1.55,-0.04,0.43
147.08,1.55,-0.04,0.42
147.09,1.54,-0.04,0.42
147.1,1.54,-0.04,0.42
147.11,1.54,-0.04,0.42
147.12,1.54,-0.04,0.42
147.13,1.54,-0.04,0.42
147.14,1.54,-0.04,0.42
147.15,1.54,-0.04,0.42
147.16,1.54,-0.04,0.42
147.17,1.54,-0.04,0.42
147.18,1.54,-0.04,0.42
147.19,1.54,-0.04,0.42
147.2,1.54,-0.04,0.42
147.21,1.54,-0.04,0.42
147.22,1.54,-0.04,0.42
147.23,1.54,-0.04,0.42
147.24,1.54,-0.04,0.42
147.25,1.54,-0.04,0.42
147.26,1.54,-0.04,0.42
147.27,1.54,-0.04,0.42
147.28,1.54,-0.04,0.42
147.29,1.54,-0.04,0.42
147.3,1.54,-0.04,0.42
147.31,1.54,-0.04,0.42
147.32,1.54,-0.04,0.42
147.33,1.54,-0.04,0.42
147.34,1.54,-0.04,0.42
147.35,1.53,-0.04,0.42
147.36,1.53,-0.04,0.42
147.37,1.53,-0.04,0.42
147.38,1.53,-0.04,0.42
147.39,1.53,-0.04,0.42
147.4,1.53,-0.04,0.42
147.41,1.53,-0.04,0.42
147.42,1.53,-0.04,0.42
147.43,1.53,-0.04,0.42
147.44,1.53,-0.03,0.42
147.45,1.53,-0.03,0.42
147.46,1.53,-0.03,0.42
147.47,1.53,-0.03,0.42
147.48,1.53,-0.03,0.42
147.49,1.53,-0.03,0.42
147.5,1.53,-0.03,0.42
147.51,1.53,-0.03,0.42
147.52,1.53,-0.03,0.42
147.53,1.53,-0.03,0.42
147.54,1.53,-0.03,0.42
147.55,1.53,-0.03,0.42
147.56,1.53,-0.03,0.42
147.57,1.53,-0.03,0.42
147.58,1.53,-0.03,0.42
147.59,1.53,-0.03,0.42
147.6,1.53,-0.03,0.42
147.61,1.53,-0.03,0.42
147.62,1.53,-0.03,0.42
147.63,1.53,-0.03,0.42
147.64,1.52,-0.03,0.42
147.65,1.52,-0.03,0.42
147.66,1.52,-0.03,0.42
147.67,1.52,-0.03,0.42
147.68,1.52,-0.03,0.42
147.69,1.52,-0.03,0.42
147.7,1.52,-0.03,0.42
147.71,1.52,-0.03,0.42
147.72,1.52,-0.03,0.42
147.73,1.52,-0.03,0.42
147.74,1.52,-0.03,0.42
147.75,1.52,-0.03,0.42
147.76,1.52,-0.03,0.42
147.77,1.52,-0.03,0.42
147.78,1.52,-0.03,0.42
147.79,1.52,-0.03,0.42
147.8,1.52,-0.03,0.42
147.81,1.52,-0.03,0.42
147.82,1.52,-0.03,0.42
147.83,1.52,-0.03,0.42
147.84,1.52,-0.03,0.42
147.85,1.52,-0.03,0.42
147.86,1.52,-0.03,0.42
147.87,1.52,-0.03,0.42
147.88,1.52,-0.03,0.42
147.89,1.52,-0.03,0.42
147.9,1.52,-0.03,0.42
147.91,1.52,-0.03,0.42
147.92,1.52,-0.03,0.42
147.93,1.52,-0.03,0.41
147.94,1.52,-0.03,0.41
147.95,1.52,-0.03,0.41
147.96,1.52,-0.03,0.41
147.97,1.52,-0.02,0.41
147.98,1.52,-0.02,0.41
147.99,1.52,-0.02,0.41
148.0,1.51,-0.02,0.41
148.01,1.51,-0.02,0.41
148.02,1.51,-0.02,0.41
148.03,1.51,-0.02,0.41
148.04,1.51,-0.02,0.41
148.05,1.51,-0.02,0.41
148.06,1.51,-0.02,0.41
148.07,1.51,-0.02,0.41
148.08,1.51,-0.02,0.41
148.09,1.51,-0.02,0.41
148.1,1.51,-0.02,0.41
148.11,1.51,-0.02,0.41
148.12,1.51,-0.02,0.41
148.13,1.51,-0.02,0.41
148.14,1.51,-0.02,0.41
148.15,1.51,-0.02,0.41
148.16,1.51,-0.02,0.41
148.17,1.51,-0.02,0.41
148.18,1.51,-0.02,0.41
148.19,1.51,-0.02,0.41
148.2,1.51,-0.02,0.41
148.21,1.51,-0.02,0.41
148.22,1.51,-0.02,0.41
148.23,1.51,-0.02,0.41
148.24,1.51,-0.02,0.41
148.25,1.51,-0.02,0.41
148.26,1.51,-0.02,0.41
148.27,1.51,-0.02,0.41
148.28,1.51,-0.02,0.41
148.29,1.51,-0.02,0.41
148.3,1.51,-0.02,0.41
148.31,1.51,-0.02,0.41
148.32,1.51,-0.02,0.41
148.33,1.51,-0.02,0.41
148.34,1.51,-0.02,0.41
148.35,1.51,-0.02,0.41
148.36,1.51,-0.02,0.41
148.37,1.51,-0.02,0.41
148.38,1.51,-0.02,0.41
148.39,1.51,-0.02,0.41
148.4,1.51,-0.02,0.41
148.41,1.51,-0.02,0.41
148.42,1.51,-0.02,0.41
148.43,1.51,-0.02,0.41
148.44,1.51,-0.02,0.41
148.45,1.51,-0.02,0.41
148.46,1.51,-0.02,0.41
148.47,1.51,-0.02,0.41
148.48,1.51,-0.01,0.41
148.49,1.51,-0.01,0.41
148.5,1.51,-0.01,0.41
148.51,1.51,-0.01,0.41
148.52,1.5,-0.01,0.41
148.53,1.5,-0.01,0.41
148.54,1.5,-0.01,0.41
148.55,1.5,-0.01,0.41
148.56,1.5,-0.01,0.41
148.57,1.5,-0.01,0.41
148.58,1.5,-0.01,0.41
148.59,1.5,-0.01,0.41
148.6,1.5,-0.01,0.41
148.61,1.5,-0.01,0.41
148.62,1.5,-0.01,0.41
148.63,1.5,-0.01,0.41
148.64,1.5,-0.01,0.41
148.65,1.5,-0.01,0.41
148.66,1.5,-0.01,0.41
148.67,1.5,-0.01,0.41
148.68,1.5,-0.01,0.41
148.69,1.5,-0.01,0.41
148.7,1.5,-0.01,0.4
148.71,1.5,-0.01,0.4
148.72,1.5,-0.01,0.4
148.73,1.5,-0.01,0.4
148.74,1.5,-0.01,0.4
148.75,1.5,-0.01,0.4
148.76,1.5,-0.01,0.4
148.77,1.5,-0.01,0.4
148.78,1.5,-0.01,0.4
148.79,1.5,-0.01,0.4
148.8,1.5,-0.01,0.4
148.81,1.5,-0.01,0.4
148.82,1.5,-0.01,0.4
148.83,1.5,-0.01,0.4
148.84,1.5,-0.01,0.4
148.85,1.5,-0.01,0.4
148.86,1.5,-0.01,0.4
148.87,1.5,-0.01,0.4
148.88,1.5,-0.01,0.4
148.89,1.5,-0.01,0.4
148.9,1.5,-0.01,0.4
148.91,1.5,-0.01,0.4
148.92,1.5,-0.01,0.4
148.93,1.5,-0.01,0.4
148.94,1.5,-0.01,0.4
148.95,1.5,-0.01,0.4
148.96,1.5,-0.01,0.4
148.97,1.5,-0.01,0.4
148.98,1.5,-0.0,0.4
148.99,1.5,-0.0,0.4
149.0,1.5,-0.0,0.4
149.01,1.5,-0.0,0.4
149.02,1.5,-0.0,0.4
149.03,1.5,-0.0,0.4
149.04,1.5,-0.0,0.4
149.05,1.5,-0.0,0.4
149.06,1.5,-0.0,0.4
149.07,1.5,-0.0,0.4
149.08,1.5,-0.0,0.4
149.09,1.5,-0.0,0.4
149.1,1.5,-0.0,0.4
149.11,1.5,-0.0,0.4
149.12,1.5,-0.0,0.4
149.13,1.5,-0.0,0.4
149.14,1.5,-0.0,0.4
149.15,1.5,-0.0,0.4
149.16,1.5,-0.0,0.4
149.17,1.5,-0.0,0.4
149.18,1.5,-0.0,0.4
149.19,1.5,-0.0,0.4
149.2,1.5,-0.0,0.4
149.21,1.5,-0.0,0.4
149.22,1.5,-0.0,0.4
149.23,1.5,0.0,0.4
149.24,1.5,0.0,0.4
149.25,1.5,0.0,0.4
149.26,1.5,0.0,0.4
149.27,1.5,0.0,0.4
149.28,1.5,0.0,0.4
149.29,1.5,0.0,0.4
149.3,1.5,0.0,0.4
149.31,1.5,0.0,0.4
149.32,1.5,0.0,0.4
149.33,1.5,0.0,0.4
149.34,1.5,0.0,0.4
149.35,1.5,0.0,0.4
149.36,1.5,0.0,0.4
149.37,1.5,0.0,0.4
149.38,1.5,0.0,0.4
149.39,1.5,0.0,0.4
149.4,1.5,0.0,0.4
149.41,1.5,0.0,0.4
149.42,1.5,0.0,0.4
149.43,1.5,0.0,0.4
149.44,1.5,0.0,0.4
149.45,1.5,0.0,0.4
149.46,1.5,0.0,0.39
149.47,1.5,0.0,0.39
149.48,1.5,0.01,0.39
149.49,1.5,0.01,0.39
149.5,1.5,0.01,0.39
149.51,1.5,0.01,0.39
149.52,1.5,0.01,0.39
149.53,1.5,0.01,0.39
149.54,1.5,0.01,0.39
149.55,1.5,0.01,0.39
149.56,1.5,0.01,0.39
149.57,1.5,0.01,0.39
149.58,1.5,0.01,0.39
149.59,1.5,0.01,0.39
149.6,1.5,0.01,0.39
149.61,1.5,0.01,0.39
149.62,1.5,0.01,0.39
149.63,1.5,0.01,0.39
149.64,1.5,0.01,0.39
149.65,1.5,0.01,0.39
149.66,1.5,0.01,0.39
149.67,1.5,0.01,0.39
149.68,1.5,0.01,0.39
149.69,1.5,0.01,0.39
149.7,1.5,0.01,0.39
149.71,1.5,0.01,0.39
149.72,1.5,0.01,0.39
149.73,1.5,0.01,0.39
149.74,1.5,0.01,0.39
149.75,1.5,0.01,0.39
149.76,1.5,0.01,0.39
149.77,1.5,0.01,0.39
149.78,1.5,0.01,0.39
149.79,1.5,0.01,0.39
149.8,1.5,0.01,0.39
149.81,1.5,0.01,0.39
149.82,1.5,0.01,0.39
149.83,1.5,0.01,0.39
149.84,1.5,0.01,0.39
149.85,1.5,0.01,0.39
149.86,1.5,0.01,0.39
149.87,1.5,0.01,0.39
149.88,1.5,0.01,0.39
149.89,1.5,0.01,0.39
149.9,1.5,0.01,0.39
149.91,1.5,0.01,0.39
149.92,1.5,0.01,0.39
149.93,1.5,0.01,0.39
149.94,1.51,0.01,0.39
149.95,1.51,0.01,0.39
149.96,1.51,0.01,0.39
149.97,1.51,0.01,0.39
149.98,1.51,0.02,0.39
149.99,1.51,0.02,0.39
150.0,1.51,0.02,0.39
150.01,1.51,0.02,0.39
150.02,1.51,0.02,0.39
150.03,1.51,0.02,0.39
150.04,1.51,0.02,0.39
150.05,1.51,0.02,0.39
150.06,1.51,0.02,0.39
150.07,1.51,0.02,0.39
150.08,1.51,0.02,0.39
150.09,1.51,0.02,0.39
150.1,1.51,0.02,0.39
150.11,1.51,0.02,0.39
150.12,1.51,0.02,0.39
150.13,1.51,0.02,0.39
150.14,1.51,0.02,0.39
150.15,1.51,0.02,0.39
150.16,1.51,0.02,0.39
150.17,1.51,0.02,0.39
150.18,1.51,0.02,0.39
150.19,1.51,0.02,0.39
150.2,1.51,0.02,0.39
150.21,1.51,0.02,0.39
150.22,1.51,0.02,0.38
150.23,1.51,0.02,0.38
150.24,1.51,0.02,0.38
150.25,1.51,0.02,0.38
150.26,1.51,0.02,0.38
150.27,1.51,0.02,0.38
150.28,1.51,0.02,0.38
150.29,1.51,0.02,0.38
150.3,1.51,0.02,0.38
150.31,1.51,0.02,0.38
150.32,1.51,0.02,0.38
150.33,1.51,0.02,0.38
150.34,1.51,0.02,0.38
150.35,1.51,0.02,0.38
150.36,1.51,0.02,0.38
150.37,1.51,0.02,0.38
150.38,1.51,0.02,0.38
150.39,1.51,0.02,0.38
150.4,1.51,0.02,0.38
150.41,1.51,0.02,0.38
150.42,1.51,0.02,0.38
150.43,1.51,0.02,0.38
150.44,1.51,0.02,0.38
150.45,1.51,0.02,0.38
150.46,1.52,0.02,0.38
150.47,1.52,0.02,0.38
150.48,1.52,0.02,0.38
150.49,1.52,0.03,0.38
150.5,1.52,0.03,0.38
150.51,1.52,0.03,0.38
150.52,1.52,0.03,0.38
150.53,1.52,0.03,0.38
150.54,1.52,0.03,0.38
150.55,1.52,0.03,0.38
150.56,1.52,0.03,0.38
150.57,1.52,0.03,0.38
150.58,1.52,0.03,0.38
150.59,1.52,0.03,0.38
150.6,1.52,0.03,0.38
150.61,1.52,0.03,0.38
150.62,1.52,0.03,0.38
150.63,1.52,0.03,0.38
150.64,1.52,0.03,0.38
150.65,1.52,0.03,0.38
150.66,1.52,0.03,0.38
150.67,1.52,0.03,0.38
150.68,1.52,0.03,0.38
150.69,1.52,0.03,0.38
150.7,1.52,0.03,0.38
150.71,1.52,0.03,0.38
150.72,1.52,0.03,0.38
150.73,1.52,0.03,0.38
150.74,1.52,0.03,0.38
150.75,1.52,0.03,0.38
150.76,1.52,0.03,0.38
150.77,1.52,0.03,0.38
150.78,1.52,0.03,0.38
150.79,1.52,0.03,0.38
150.8,1.52,0.03,0.38
150.81,1.52,0.03,0.38
150.82,1.53,0.03,0.38
150.83,1.53,0.03,0.38
150.84,1.53,0.03,0.38
150.85,1.53,0.03,0.38
150.86,1.53,0.03,0.38
150.87,1.53,0.03,0.38
150.88,1.53,0.03,0.38
150.89,1.53,0.03,0.38
150.9,1.53,0.03,0.38
150.91,1.53,0.03,0.38
150.92,1.53,0.03,0.38
150.93,1.53,0.03,0.38
150.94,1.53,0.03,0.38
150.95,1.53,0.03,0.38
150.96,1.53,0.03,0.38
150.97,1.53,0.03,0.38
150.98,1.53,0.03,0.38
150.99,1.53,0.03,0.38
151.0,1.53,0.03,0.38
151.01,1.53,0.03,0.38
151.02,1.53,0.04,0.38
151.03,1.53,0.04,0.37
151.04,1.53,0.04,0.37
151.05,1.53,0.04,0.37
151.06,1.53,0.04,0.37
151.07,1.53,0.04,0.37
151.08,1.53,0.04,0.37
151.09,1.53,0.04,0.37
151.1,1.53,0.04,0.37
151.11,1.54,0.04,0.37
151.12,1.54,0.04,0.37
151.13,1.54,0.04,0.37
151.14,1.54,0.04,0.37
151.15,1.54,0.04,0.37
151.16,1.54,0.04,0.37
151.17,1.54,0.04,0.37
151.18,1.54,0.04,0.37
151.19,1.54,0.04,0.37
151.2,1.54,0.04,0.37
151.21,1.54,0.04,0.37
151.22,1.54,0.04,0.37
151.23,1.54,0.04,0.37
151.24,1.54,0.04,0.37
151.25,1.54,0.04,0.37
151.26,1.54,0.04,0.37
151.27,1.54,0.04,0.37
151.28,1.54,0.04,0.37
151.29,1.54,0.04,0.37
151.3,1.54,0.04,0.37
151.31,1.54,0.04,0.37
151.32,1.54,0.04,0.37
151.33,1.54,0.04,0.37
151.34,1.54,0.04,0.37
151.35,1.54,0.04,0.37
151.36,1.54,0.04,0.37
151.37,1.55,0.04,0.37
151.38,1.55,0.04,0.37
151.39,1.55,0.04,0.37
151.4,1.55,0.04,0.37
151.41,1.55,0.04,0.37
151.42,1.55,0.04,0.37
151.43,1.55,0.04,0.37
151.44,1.55,0.04,0.37
151.45,1.55,0.04,0.37
151.46,1.55,0.04,0.37
151.47,1.55,0.04,0.37
151.48,1.55,0.04,0.37
151.49,1.55,0.04,0.37
151.5,1.55,0.04,0.37
151.51,1.55,0.04,0.37
151.52,1.55,0.04,0.37
151.53,1.55,0.04,0.37
151.54,1.55,0.04,0.37
151.55,1.55,0.04,0.37
151.56,1.55,0.05,0.37
151.57,1.55,0.05,0.37
151.58,1.55,0.05,0.37
151.59,1.55,0.05,0.37
151.6,1.56,0.05,0.37
151.61,1.56,0.05,0.37
151.62,1.56,0.05,0.37
151.63,1.56,0.05,0.37
151.64,1.56,0.05,0.37
151.65,1.56,0.05,0.37
151.66,1.56,0.05,0.37
151.67,1.56,0.05,0.37
151.68,1.56,0.05,0.37
151.69,1.56,0.05,0.37
151.7,1.56,0.05,0.37
151.71,1.56,0.05,0.37
151.72,1.56,0.05,0.37
151.73,1.56,0.05,0.37
151.74,1.56,0.05,0.37
151.75,1.56,0.05,0.37
151.76,1.56,0.05,0.37
151.77,1.56,0.05,0.37
151.78,1.56,0.05,0.37
151.79,1.56,0.05,0.37
151.8,1.56,0.05,0.37
151.81,1.57,0.05,0.37
151.82,1.57,0.05,0.37
151.83,1.57,0.05,0.37
151.84,1.57,0.05,0.37
151.85,1.57,0.05,0.37
151.86,1.57,0.05,0.37
151.87,1.57,0.05,0.37
151.88,1.57,0.05,0.37
151.89,1.57,0.05,0.37
151.9,1.57,0.05,0.37
151.91,1.57,0.05,0.37
151.92,1.57,0.05,0.37
151.93,1.57,0.05,0.37
151.94,1.57,0.05,0.37
151.95,1.57,0.05,0.37
151.96,1.57,0.05,0.36
151.97,1.57,0.05,0.36
151.98,1.57,0.05,0.36
151.99,1.57,0.05,0.36
152.0,1.58,0.05,0.36
152.01,1.58,0.05,0.36
152.02,1.58,0.05,0.36
152.03,1.58,0.05,0.36
152.04,1.58,0.05,0.36
152.05,1.58,0.05,0.36
152.06,1.58,0.05,0.36
152.07,1.58,0.05,0.36
152.08,1.58,0.05,0.36
152.09,1.58,0.05,0.36
152.1,1.58,0.05,0.36
152.11,1.58,0.05,0.36
152.12,1.58,0.05,0.36
152.13,1.58,0.05,0.36
152.14,1.58,0.06,0.36
152.15,1.58,0.06,0.36
152.16,1.58,0.06,0.36
152.17,1.58,0.06,0.36
152.18,1.58,0.06,0.36
152.19,1.59,0.06,0.36
152.2,1.59,0.06,0.36
152.21,1.59,0.06,0.36
152.22,1.59,0.06,0.36
152.23,1.59,0.06,0.36
152.24,1.59,0.06,0.36
152.25,1.59,0.06,0.36
152.26,1.59,0.06,0.36
152.27,1.59,0.06,0.36
152.28,1.59,0.06,0.36
152.29,1.59,0.06,0.36
152.3,1.59,0.06,0.36
152.31,1.59,0.06,0.36
152.32,1.59,0.06,0.36
152.33,1.59,0.06,0.36
152.34,1.59,0.06,0.36
152.35,1.59,0.06,0.36
152.36,1.6,0.06,0.36
152.37,1.6,0.06,0.36
152.38,1.6,0.06,0.36
152.39,1.6,0.06,0.36
152.4,1.6,0.06,0.36
152.41,1.6,0.06,0.36
152.42,1.6,0.06,0.36
152.43,1.6,0.06,0.36
152.44,1.6,0.06,0.36
152.45,1.6,0.06,0.36
152.46,1.6,0.06,0.36
152.47,1.6,0.06,0.36
152.48,1.6,0.06,0.36
152.49,1.6,0.06,0.36
152.5,1.6,0.06,0.36
152.51,1.6,0.06,0.36
152.52,1.6,0.06,0.36
152.53,1.61,0.06,0.36
152.54,1.61,0.06,0.36
152.55,1.61,0.06,0.36
152.56,1.61,0.06,0.36
152.57,1.61,0.06,0.36
152.58,1.61,0.06,0.36
152.59,1.61,0.06,0.36
152.6,1.61,0.06,0.36
152.61,1.61,0.06,0.36
152.62,1.61,0.06,0.36
152.63,1.61,0.06,0.36
152.64,1.61,0.06,0.36
152.65,1.61,0.06,0.36
152.66,1.61,0.06,0.36
152.67,1.61,0.06,0.36
152.68,1.61,0.06,0.36
152.69,1.62,0.06,0.36
152.7,1.62,0.06,0.36
152.71,1.62,0.06,0.36
152.72,1.62,0.06,0.36
152.73,1.62,0.06,0.36
152.74,1.62,0.06,0.36
152.75,1.62,0.06,0.36
152.76,1.62,0.06,0.36
152.77,1.62,0.07,0.36
152.78,1.62,0.07,0.36
152.79,1.62,0.07,0.36
152.8,1.62,0.07,0.36
152.81,1.62,0.07,0.36
152.82,1.62,0.07,0.36
152.83,1.62,0.07,0.36
152.84,1.63,0.07,0.36
152.85,1.63,0.07,0.36
152.86,1.63,0.07,0.36
152.87,1.63,0.07,0.36
152.88,1.63,0.07,0.36
152.89,1.63,0.07,0.36
152.9,1.63,0.07,0.36
152.91,1.63,0.07,0.36
152.92,1.63,0.07,0.36
152.93,1.63,0.07,0.36
152.94,1.63,0.07,0.36
152.95,1.63,0.07,0.36
152.96,1.63,0.07,0.36
152.97,1.63,0.07,0.36
152.98,1.63,0.07,0.36
152.99,1.64,0.07,0.36
153.0,1.64,0.07,0.36
153.01,1.64,0.07,0.36
153.02,1.64,0.07,0.36
153.03,1.64,0.07,0.36
153.04,1.64,0.07,0.36
153.05,1.64,0.07,0.36
153.06,1.64,0.07,0.36
153.07,1.64,0.07,0.36
153.08,1.64,0.07,0.36
153.09,1.64,0.07,0.36
153.1,1.64,0.07,0.36
153.11,1.64,0.07,0.36
153.12,1.64,0.07,0.36
153.13,1.64,0.07,0.36
153.14,1.65,0.07,0.36
153.15,1.65,0.07,0.36
153.16,1.65,0.07,0.36
153.17,1.65,0.07,0.35
153.18,1.65,0.07,0.35
153.19,1.65,0.07,0.35
153.2,1.65,0.07,0.35
153.21,1.65,0.07,0.35
153.22,1.65,0.07,0.35
153.23,1.65,0.07,0.35
153.24,1.65,0.07,0.35
153.25,1.65,0.07,0.35
153.26,1.65,0.07,0.35
153.27,1.65,0.07,0.35
153.28,1.66,0.07,0.35
153.29,1.66,0.07,0.35
153.3,1.66,0.07,0.35
153.31,1.66,0.07,0.35
153.32,1.66,0.07,0.35
153.33,1.66,0.07,0.35
153.34,1.66,0.07,0.35
153.35,1.66,0.07,0.35
153.36,1.66,0.07,0.35
153.37,1.66,0.07,0.35
153.38,1.66,0.07,0.35
153.39,1.66,0.07,0.35
153.4,1.66,0.07,0.35
153.41,1.67,0.07,0.35
153.42,1.67,0.07,0.35
153.43,1.67,0.07,0.35
153.44,1.67,0.07,0.35
153.45,1.67,0.07,0.35
153.46,1.67,0.07,0.35
153.47,1.67,0.08,0.35
153.48,1.67,0.08,0.35
153.49,1.67,0.08,0.35
153.5,1.67,0.08,0.35
153.51,1.67,0.08,0.35
153.52,1.67,0.08,0.35
153.53,1.67,0.08,0.35
153.54,1.67,0.08,0.35
153.55,1.68,0.08,0.35
153.56,1.68,0.08,0.35
153.57,1.68,0.08,0.35
153.58,1.68,0.08,0.35
153.59,1.68,0.08,0.35
153.6,1.68,0.08,0.35
153.61,1.68,0.08,0.35
153.62,1.68,0.08,0.35
153.63,1.68,0.08,0.35
153.64,1.68,0.08,0.35
153.65,1.68,0.08,0.35
153.66,1.68,0.08,0.35
153.67,1.68,0.08,0.35
153.68,1.69,0.08,0.35
153.69,1.69,0.08,0.35
153.7,1.69,0.08,0.35
153.71,1.69,0.08,0.35
153.72,1.69,0.08,0.35
153.73,1.69,0.08,0.35
153.74,1.69,0.08,0.35
153.75,1.69,0.08,0.35
153.76,1.69,0.08,0.35
153.77,1.69,0.08,0.35
153.78,1.69,0.08,0.35
153.79,1.69,0.08,0.35
153.8,1.7,0.08,0.35
153.81,1.7,0.08,0.35
153.82,1.7,0.08,0.35
153.83,1.7,0.08,0.35
153.84,1.7,0.08,0.35
153.85,1.7,0.08,0.35
153.86,1.7,0.08,0.35
153.87,1.7,0.08,0.35
153.88,1.7,0.08,0.35
153.89,1.7,0.08,0.35
153.9,1.7,0.08,0.35
153.91,1.7,0.08,0.35
153.92,1.7,0.08,0.35
153.93,1.71,0.08,0.35
153.94,1.71,0.08,0.35
153.95,1.71,0.08,0.35
153.96,1.71,0.08,0.35
153.97,1.71,0.08,0.35
153.98,1.71,0.08,0.35
153.99,1.71,0.08,0.35
154.0,1.71,0.08,0.35
154.01,1.71,0.08,0.35
154.02,1.71,0.08,0.35
154.03,1.71,0.08,0.35
154.04,1.71,0.08,0.35
154.05,1.72,0.08,0.35
154.06,1.72,0.08,0.35
154.07,1.72,0.08,0.35
154.08,1.72,0.08,0.35
154.09,1.72,0.08,0.35
154.1,1.72,0.08,0.35
154.11,1.72,0.08,0.35
154.12,1.72,0.08,0.35
154.13,1.72,0.08,0.35
154.14,1.72,0.08,0.35
154.15,1.72,0.08,0.35
154.16,1.72,0.08,0.35
154.17,1.73,0.08,0.35
154.18,1.73,0.08,0.35
154.19,1.73,0.08,0.35
154.2,1.73,0.08,0.35
154.21,1.73,0.08,0.35
154.22,1.73,0.08,0.35
154.23,1.73,0.08,0.35
154.24,1.73,0.08,0.35
154.25,1.73,0.08,0.35
154.26,1.73,0.08,0.35
154.27,1.73,0.08,0.35
154.28,1.73,0.08,0.35
154.29,1.74,0.08,0.35
154.3,1.74,0.08,0.35
154.31,1.74,0.09,0.35
154.32,1.74,0.09,0.35
154.33,1.74,0.09,0.35
154.34,1.74,0.09,0.35
154.35,1.74,0.09,0.35
154.36,1.74,0.09,0.35
154.37,1.74,0.09,0.35
154.38,1.74,0.09,0.35
154.39,1.74,0.09,0.35
154.4,1.74,0.09,0.35
154.41,1.75,0.09,0.35
154.42,1.75,0.09,0.35
154.43,1.75,0.09,0.35
154.44,1.75,0.09,0.35
154.45,1.75,0.09,0.35
154.46,1.75,0.09,0.35
154.47,1.75,0.09,0.35
154.48,1.75,0.09,0.35
154.49,1.75,0.09,0.35
154.5,1.75,0.09,0.35
154.51,1.75,0.09,0.35
154.52,1.76,0.09,0.35
154.53,1.76,0.09,0.35
154.54,1.76,0.09,0.35
154.55,1.76,0.09,0.35
154.56,1.76,0.09,0.35
154.57,1.76,0.09,0.35
154.58,1.76,0.09,0.35
154.59,1.76,0.09,0.35
154.6,1.76,0.09,0.35
154.61,1.76,0.09,0.35
154.62,1.76,0.09,0.35
154.63,1.76,0.09,0.35
154.64,1.77,0.09,0.35
154.65,1.77,0.09,0.35
154.66,1.77,0.09,0.35
154.67,1.77,0.09,0.35
154.68,1.77,0.09,0.35
154.69,1.77,0.09,0.35
154.7,1.77,0.09,0.35
154.71,1.77,0.09,0.35
154.72,1.77,0.09,0.35
154.73,1.77,0.09,0.35
154.74,1.77,0.09,0.35
154.75,1.78,0.09,0.35
154.76,1.78,0.09,0.35
154.77,1.78,0.09,0.35
154.78,1.78,0.09,0.35
154.79,1.78,0.09,0.35
154.8,1.78,0.09,0.35
154.81,1.78,0.09,0.35
154.82,1.78,0.09,0.35
154.83,1.78,0.09,0.35
154.84,1.78,0.09,0.35
154.85,1.78,0.09,0.35
154.86,1.79,0.09,0.35
154.87,1.79,0.09,0.35
154.88,1.79,0.09,0.35
154.89,1.79,0.09,0.35
154.9,1.79,0.09,0.35
154.91,1.79,0.09,0.35
154.92,1.79,0.09,0.35
154.93,1.79,0.09,0.35
154.94,1.79,0.09,0.35
154.95,1.79,0.09,0.35
154.96,1.79,0.09,0.35
154.97,1.8,0.09,0.35
154.98,1.8,0.09,0.35
154.99,1.8,0.09,0.35
155.0,1.8,0.09,0.35
155.01,1.8,0.09,0.35
155.02,1.8,0.09,0.35
155.03,1.8,0.09,0.35
155.04,1.8,0.09,0.35
155.05,1.8,0.09,0.35
155.06,1.8,0.09,0.35
155.07,1.8,0.09,0.35
155.08,1.81,0.09,0.35
155.09,1.81,0.09,0.35
155.1,1.81,0.09,0.35
155.11,1.81,0.09,0.35
155.12,1.81,0.09,0.35
155.13,1.81,0.09,0.35
155.14,1.81,0.09,0.35
155.15,1.81,0.09,0.35
155.16,1.81,0.09,0.35
155.17,1.81,0.09,0.35
155.18,1.81,0.09,0.35
155.19,1.82,0.09,0.35
155.2,1.82,0.09,0.35
155.21,1.82,0.09,0.35
155.22,1.82,0.09,0.35
155.23,1.82,0.09,0.35
155.24,1.82,0.09,0.35
155.25,1.82,0.09,0.35
155.26,1.82,0.09,0.35
155.27,1.82,0.09,0.35
155.28,1.82,0.09,0.35
155.29,1.82,0.09,0.35
155.3,1.83,0.09,0.35
155.31,1.83,0.09,0.35
155.32,1.83,0.09,0.35
155.33,1.83,0.09,0.35
155.34,1.83,0.09,0.35
155.35,1.83,0.09,0.35
155.36,1.83,0.09,0.35
155.37,1.83,0.09,0.35
155.38,1.83,0.09,0.35
155.39,1.83,0.09,0.35
155.4,1.84,0.09,0.35
155.41,1.84,0.09,0.35
155.42,1.84,0.09,0.35
155.43,1.84,0.09,0.35
155.44,1.84,0.09,0.35
155.45,1.84,0.09,0.35
155.46,1.84,0.09,0.35
155.47,1.84,0.09,0.35
155.48,1.84,0.09,0.35
155.49,1.84,0.09,0.35
155.5,1.84,0.1,0.35
155.51,1.85,0.1,0.35
155.52,1.85,0.1,0.35
155.53,1.85,0.1,0.35
155.54,1.85,0.1,0.35
155.55,1.85,0.1,0.35
155.56,1.85,0.1,0.35
155.57,1.85,0.1,0.35
155.58,1.85,0.1,0.35
155.59,1.85,0.1,0.35
155.6,1.85,0.1,0.35
155.61,1.86,0.1,0.35
155.62,1.86,0.1,0.35
155.63,1.86,0.1,0.35
155.64,1.86,0.1,0.35
155.65,1.86,0.1,0.35
155.66,1.86,0.1,0.35
155.67,1.86,0.1,0.35
155.68,1.86,0.1,0.35
155.69,1.86,0.1,0.35
155.7,1.86,0.1,0.35
155.71,1.86,0.1,0.35
155.72,1.87,0.1,0.35
155.73,1.87,0.1,0.35
155.74,1.87,0.1,0.35
155.75,1.87,0.1,0.35
155.76,1.87,0.1,0.35
155.77,1.87,0.1,0.35
155.78,1.87,0.1,0.35
155.79,1.87,0.1,0.35
155.8,1.87,0.1,0.35
155.81,1.87,0.1,0.35
155.82,1.88,0.1,0.35
155.83,1.88,0.1,0.35
155.84,1.88,0.1,0.35
155.85,1.88,0.1,0.35
155.86,1.88,0.1,0.35
155.87,1.88,0.1,0.35
155.88,1.88,0.1,0.35
155.89,1.88,0.1,0.35
155.9,1.88,0.1,0.35
155.91,1.88,0.1,0.35
155.92,1.89,0.1,0.35
155.93,1.89,0.1,0.35
155.94,1.89,0.1,0.35
155.95,1.89,0.1,0.35
155.96,1.89,0.1,0.35
155.97,1.89,0.1,0.35
155.98,1.89,0.1,0.35
155.99,1.89,0.1,0.35
156.0,1.89,0.1,0.35
156.01,1.89,0.1,0.35
156.02,1.89,0.1,0.35
156.03,1.9,0.1,0.35
156.04,1.9,0.1,0.35
156.05,1.9,0.1,0.35
156.06,1.9,0.1,0.35
156.07,1.9,0.1,0.35
156.08,1.9,0.1,0.35
156.09,1.9,0.1,0.35
156.1,1.9,0.1,0.35
156.11,1.9,0.1,0.35
156.12,1.9,0.1,0.35
156.13,1.91,0.1,0.35
156.14,1.91,0.1,0.35
156.15,1.91,0.1,0.35
156.16,1.91,0.1,0.35
156.17,1.91,0.1,0.35
156.18,1.91,0.1,0.35
156.19,1.91,0.1,0.35
156.2,1.91,0.1,0.35
156.21,1.91,0.1,0.35
156.22,1.91,0.1,0.35
156.23,1.92,0.1,0.35
156.24,1.92,0.1,0.35
156.25,1.92,0.1,0.35
156.26,1.92,0.1,0.35
156.27,1.92,0.1,0.35
156.28,1.92,0.1,0.35
156.29,1.92,0.1,0.35
156.3,1.92,0.1,0.35
156.31,1.92,0.1,0.35
156.32,1.92,0.1,0.35
156.33,1.93,0.1,0.35
156.34,1.93,0.1,0.35
156.35,1.93,0.1,0.35
156.36,1.93,0.1,0.35
156.37,1.93,0.1,0.35
156.38,1.93,0.1,0.35
156.39,1.93,0.1,0.35
156.4,1.93,0.1,0.35
156.41,1.93,0.1,0.35
156.42,1.93,0.1,0.35
156.43,1.94,0.1,0.35
156.44,1.94,0.1,0.35
156.45,1.94,0.1,0.35
156.46,1.94,0.1,0.35
156.47,1.94,0.1,0.35
156.48,1.94,0.1,0.35
156.49,1.94,0.1,0.35
156.5,1.94,0.1,0.35
156.51,1.94,0.1,0.35
156.52,1.94,0.1,0.35
156.53,1.95,0.1,0.35
156.54,1.95,0.1,0.35
156.55,1.95,0.1,0.35
156.56,1.95,0.1,0.35
156.57,1.95,0.1,0.35
156.58,1.95,0.1,0.35
156.59,1.95,0.1,0.35
156.6,1.95,0.1,0.35
156.61,1.95,0.1,0.35
156.62,1.95,0.1,0.35
156.63,1.96,0.1,0.35
156.64,1.96,0.1,0.35
156.65,1.96,0.1,0.35
156.66,1.96,0.1,0.35
156.67,1.96,0.1,0.35
156.68,1.96,0.1,0.35
156.69,1.96,0.1,0.35
156.7,1.96,0.1,0.35
156.71,1.96,0.1,0.35
156.72,1.96,0.1,0.35
156.73,1.97,0.1,0.35
156.74,1.97,0.1,0.35
156.75,1.97,0.1,0.35
156.76,1.97,0.1,0.35
156.77,1.97,0.1,0.35
156.78,1.97,0.1,0.35
156.79,1.97,0.1,0.35
156.8,1.97,0.1,0.35
156.81,1.97,0.1,0.35
156.82,1.97,0.1,0.35
156.83,1.98,0.1,0.35
156.84,1.98,0.1,0.35
156.85,1.98,0.1,0.35
156.86,1.98,0.1,0.35
156.87,1.98,0.1,0.35
156.88,1.98,0.1,0.35
156.89,1.98,0.1,0.35
156.9,1.98,0.1,0.35
156.91,1.98,0.1,0.35
156.92,1.98,0.1,0.35
156.93,1.99,0.1,0.35
156.94,1.99,0.1,0.35
156.95,1.99,0.1,0.35
156.96,1.99,0.1,0.35
156.97,1.99,0.1,0.35
156.98,1.99,0.1,0.35
156.99,1.99,0.1,0.35
157.0,1.99,0.1,0.35
157.01,1.99,0.1,0.35
157.02,1.99,0.1,0.35
157.03,2.0,0.1,0.35
157.04,2.0,0.1,0.35
157.05,2.0,0.1,0.35
157.06,2.0,0.1,0.35
157.07,2.0,0.1,0.35
157.08,2.0,0.1,0.35
157.09,2.0,0.1,0.35
157.1,2.0,0.1,0.35
157.11,2.0,0.1,0.35
157.12,2.0,0.1,0.35
157.13,2.01,0.1,0.35
157.14,2.01,0.1,0.35
157.15,2.01,0.1,0.35
157.16,2.01,0.1,0.35
157.17,2.01,0.1,0.35
157.18,2.01,0.1,0.35
157.19,2.01,0.1,0.35
157.2,2.01,0.1,0.35
157.21,2.01,0.1,0.35
157.22,2.01,0.1,0.35
157.23,2.02,0.1,0.35
157.24,2.02,0.1,0.35
157.25,2.02,0.1,0.35
157.26,2.02,0.1,0.35
157.27,2.02,0.1,0.35
157.28,2.02,0.1,0.35
157.29,2.02,0.1,0.35
157.3,2.02,0.1,0.35
157.31,2.02,0.1,0.35
157.32,2.02,0.1,0.35
157.33,2.03,0.1,0.35
157.34,2.03,0.1,0.35
157.35,2.03,0.1,0.35
157.36,2.03,0.1,0.35
157.37,2.03,0.1,0.35
157.38,2.03,0.1,0.35
157.39,2.03,0.1,0.35
157.4,2.03,0.1,0.35
157.41,2.03,0.1,0.35
157.42,2.03,0.1,0.35
157.43,2.04,0.1,0.35
157.44,2.04,0.1,0.35
157.45,2.04,0.1,0.35
157.46,2.04,0.1,0.35
157.47,2.04,0.1,0.35
157.48,2.04,0.1,0.35
157.49,2.04,0.1,0.35
157.5,2.04,0.1,0.35
157.51,2.04,0.1,0.35
157.52,2.04,0.1,0.35
157.53,2.04,0.1,0.35
157.54,2.05,0.1,0.35
157.55,2.05,0.1,0.35
157.56,2.05,0.1,0.35
157.57,2.05,0.1,0.35
157.58,2.05,0.1,0.35
157.59,2.05,0.1,0.35
157.6,2.05,0.1,0.35
157.61,2.05,0.1,0.35
157.62,2.05,0.1,0.35
157.63,2.05,0.1,0.35
157.64,2.06,0.1,0.35
157.65,2.06,0.1,0.35
157.66,2.06,0.1,0.35
157.67,2.06,0.1,0.35
157.68,2.06,0.1,0.35
157.69,2.06,0.1,0.35
157.7,2.06,0.1,0.35
157.71,2.06,0.1,0.35
157.72,2.06,0.1,0.35
157.73,2.06,0.1,0.35
157.74,2.07,0.1,0.35
157.75,2.07,0.1,0.35
157.76,2.07,0.1,0.35
157.77,2.07,0.1,0.35
157.78,2.07,0.1,0.35
157.79,2.07,0.1,0.35
157.8,2.07,0.1,0.35
157.81,2.07,0.1,0.35
157.82,2.07,0.1,0.35
157.83,2.07,0.1,0.35
157.84,2.08,0.1,0.35
157.85,2.08,0.1,0.35
157.86,2.08,0.1,0.35
157.87,2.08,0.1,0.35
157.88,2.08,0.1,0.35
157.89,2.08,0.1,0.35
157.9,2.08,0.1,0.35
157.91,2.08,0.1,0.35
157.92,2.08,0.1,0.35
157.93,2.08,0.1,0.35
157.94,2.09,0.1,0.35
157.95,2.09,0.1,0.35
157.96,2.09,0.1,0.35
157.97,2.09,0.1,0.35
157.98,2.09,0.1,0.35
157.99,2.09,0.1,0.35
158.0,2.09,0.1,0.35
158.01,2.09,0.1,0.35
158.02,2.09,0.1,0.35
158.03,2.09,0.1,0.35
158.04,2.1,0.1,0.35
158.05,2.1,0.1,0.35
158.06,2.1,0.1,0.35
158.07,2.1,0.1,0.35
158.08,2.1,0.1,0.35
158.09,2.1,0.1,0.35
158.1,2.1,0.1,0.35
158.11,2.1,0.1,0.35
158.12,2.1,0.1,0.35
158.13,2.1,0.1,0.35
158.14,2.11,0.1,0.35
158.15,2.11,0.1,0.35
158.16,2.11,0.1,0.35
158.17,2.11,0.1,0.35
158.18,2.11,0.1,0.35
158.19,2.11,0.1,0.35
158.2,2.11,0.1,0.35
158.21,2.11,0.1,0.35
158.22,2.11,0.1,0.35
158.23,2.11,0.1,0.35
158.24,2.11,0.1,0.35
158.25,2.12,0.1,0.35
158.26,2.12,0.1,0.35
158.27,2.12,0.1,0.35
158.28,2.12,0.1,0.35
158.29,2.12,0.1,0.35
158.3,2.12,0.1,0.35
158.31,2.12,0.1,0.35
158.32,2.12,0.1,0.35
158.33,2.12,0.1,0.35
158.34,2.12,0.1,0.35
158.35,2.13,0.1,0.35
158.36,2.13,0.1,0.35
158.37,2.13,0.1,0.35
158.38,2.13,0.1,0.35
158.39,2.13,0.1,0.35
158.4,2.13,0.1,0.35
158.41,2.13,0.1,0.35
158.42,2.13,0.1,0.35
158.43,2.13,0.1,0.35
158.44,2.13,0.1,0.35
158.45,2.14,0.1,0.35
158.46,2.14,0.1,0.35
158.47,2.14,0.1,0.35
158.48,2.14,0.1,0.35
158.49,2.14,0.1,0.35
158.5,2.14,0.1,0.35
158.51,2.14,0.1,0.35
158.52,2.14,0.1,0.35
158.53,2.14,0.1,0.35
158.54,2.14,0.1,0.35
158.55,2.14,0.1,0.35
158.56,2.15,0.1,0.35
158.57,2.15,0.1,0.35
158.58,2.15,0.1,0.35
158.59,2.15,0.1,0.35
158.6,2.15,0.1,0.35
158.61,2.15,0.1,0.35
158.62,2.15,0.1,0.35
158.63,2.15,0.1,0.35
158.64,2.15,0.1,0.35
158.65,2.15,0.1,0.35
158.66,2.16,0.1,0.35
158.67,2.16,0.09,0.35
158.68,2.16,0.09,0.35
158.69,2.16,0.09,0.35
158.7,2.16,0.09,0.35
158.71,2.16,0.09,0.35
158.72,2.16,0.09,0.35
158.73,2.16,0.09,0.35
158.74,2.16,0.09,0.35
158.75,2.16,0.09,0.35
158.76,2.16,0.09,0.35
158.77,2.17,0.09,0.35
158.78,2.17,0.09,0.35
158.79,2.17,0.09,0.35
158.8,2.17,0.09,0.35
158.81,2.17,0.09,0.35
158.82,2.17,0.09,0.35
158.83,2.17,0.09,0.35
158.84,2.17,0.09,0.35
158.85,2.17,0.09,0.35
158.86,2.17,0.09,0.35
158.87,2.18,0.09,0.35
158.88,2.18,0.09,0.36
158.89,2.18,0.09,0.36
158.9,2.18,0.09,0.36
158.91,2.18,0.09,0.36
158.92,2.18,0.09,0.36
158.93,2.18,0.09,0.36
158.94,2.18,0.09,0.36
158.95,2.18,0.09,0.36
158.96,2.18,0.09,0.36
158.97,2.18,0.09,0.36
158.98,2.19,0.09,0.36
158.99,2.19,0.09,0.36
159.0,2.19,0.09,0.36
159.01,2.19,0.09,0.36
159.02,2.19,0.09,0.36
159.03,2.19,0.09,0.36
159.04,2.19,0.09,0.36
159.05,2.19,0.09,0.36
159.06,2.19,0.09,0.36
159.07,2.19,0.09,0.36
159.08,2.19,0.09,0.36
159.09,2.2,0.09,0.36
159.1,2.2,0.09,0.36
159.11,2.2,0.09,0.36
159.12,2.2,0.09,0.36
159.13,2.2,0.09,0.36
159.14,2.2,0.09,0.36
159.15,2.2,0.09,0.36
159.16,2.2,0.09,0.36
159.17,2.2,0.09,0.36
159.18,2.2,0.09,0.36
159.19,2.2,0.09,0.36
159.2,2.21,0.09,0.36
159.21,2.21,0.09,0.36
159.22,2.21,0.09,0.36
159.23,2.21,0.09,0.36
159.24,2.21,0.09,0.36
159.25,2.21,0.09,0.36
159.26,2.21,0.09,0.36
159.27,2.21,0.09,0.36
159.28,2.21,0.09,0.36
159.29,2.21,0.09,0.36
159.3,2.21,0.09,0.36
159.31,2.22,0.09,0.36
159.32,2.22,0.09,0.36
159.33,2.22,0.09,0.36
159.34,2.22,0.09,0.36
159.35,2.22,0.09,0.36
159.36,2.22,0.09,0.36
159.37,2.22,0.09,0.36
159.38,2.22,0.09,0.36
159.39,2.22,0.09,0.36
159.4,2.22,0.09,0.36
159.41,2.22,0.09,0.36
159.42,2.23,0.09,0.36
159.43,2.23,0.09,0.36
159.44,2.23,0.09,0.36
159.45,2.23,0.09,0.36
159.46,2.23,0.09,0.36
159.47,2.23,0.09,0.36
159.48,2.23,0.09,0.36
159.49,2.23,0.09,0.36
159.5,2.23,0.09,0.36
159.51,2.23,0.09,0.36
159.52,2.23,0.09,0.36
159.53,2.24,0.09,0.36
159.54,2.24,0.09,0.36
159.55,2.24,0.09,0.36
159.56,2.24,0.09,0.36
159.57,2.24,0.09,0.36
159.58,2.24,0.09,0.36
159.59,2.24,0.09,0.36
159.6,2.24,0.09,0.36
159.61,2.24,0.09,0.36
159.62,2.24,0.09,0.36
159.63,2.24,0.09,0.36
159.64,2.24,0.09,0.36
159.65,2.25,0.09,0.36
159.66,2.25,0.09,0.36
159.67,2.25,0.09,0.36
159.68,2.25,0.09,0.36
159.69,2.25,0.09,0.36
159.7,2.25,0.09,0.36
159.71,2.25,0.09,0.36
159.72,2.25,0.09,0.36
159.73,2.25,0.09,0.36
159.74,2.25,0.09,0.36
159.75,2.25,0.09,0.36
159.76,2.26,0.09,0.36
159.77,2.26,0.09,0.36
159.78,2.26,0.09,0.36
159.79,2.26,0.09,0.36
159.8,2.26,0.09,0.36
159.81,2.26,0.09,0.36
159.82,2.26,0.09,0.36
159.83,2.26,0.09,0.36
159.84,2.26,0.09,0.36
159.85,2.26,0.09,0.36
159.86,2.26,0.08,0.36
159.87,2.26,0.08,0.36
159.88,2.27,0.08,0.36
159.89,2.27,0.08,0.36
159.9,2.27,0.08,0.36
159.91,2.27,0.08,0.36
159.92,2.27,0.08,0.36
159.93,2.27,0.08,0.36
159.94,2.27,0.08,0.36
159.95,2.27,0.08,0.36
159.96,2.27,0.08,0.36
159.97,2.27,0.08,0.36
159.98,2.27,0.08,0.36
159.99,2.27,0.08,0.36
160.0,2.28,0.08,0.36
160.01,2.28,0.08,0.36
160.02,2.28,0.08,0.36
160.03,2.28,0.08,0.36
160.04,2.28,0.08,0.36
160.05,2.28,0.08,0.36
160.06,2.28,0.08,0.36
160.07,2.28,0.08,0.36
160.08,2.28,0.08,0.36
160.09,2.28,0.08,0.36
160.1,2.28,0.08,0.36
160.11,2.28,0.08,0.36
160.12,2.29,0.08,0.36
160.13,2.29,0.08,0.36
160.14,2.29,0.08,0.36
160.15,2.29,0.08,0.36
160.16,2.29,0.08,0.36
160.17,2.29,0.08,0.36
160.18,2.29,0.08,0.36
160.19,2.29,0.08,0.36
160.2,2.29,0.08,0.36
160.21,2.29,0.08,0.36
160.22,2.29,0.08,0.36
160.23,2.29,0.08,0.36
160.24,2.3,0.08,0.36
160.25,2.3,0.08,0.36
160.26,2.3,0.08,0.36
160.27,2.3,0.08,0.36
160.28,2.3,0.08,0.36
160.29,2.3,0.08,0.36
160.3,2.3,0.08,0.36
160.31,2.3,0.08,0.36
160.32,2.3,0.08,0.36
160.33,2.3,0.08,0.36
160.34,2.3,0.08,0.36
160.35,2.3,0.08,0.36
160.36,2.31,0.08,0.36
160.37,2.31,0.08,0.36
160.38,2.31,0.08,0.36
160.39,2.31,0.08,0.36
160.4,2.31,0.08,0.36
160.41,2.31,0.08,0.36
160.42,2.31,0.08,0.36
160.43,2.31,0.08,0.36
160.44,2.31,0.08,0.36
160.45,2.31,0.08,0.36
160.46,2.31,0.08,0.36
160.47,2.31,0.08,0.36
160.48,2.31,0.08,0.36
160.49,2.32,0.08,0.36
160.5,2.32,0.08,0.36
160.51,2.32,0.08,0.36
160.52,2.32,0.08,0.36
160.53,2.32,0.08,0.36
160.54,2.32,0.08,0.36
160.55,2.32,0.08,0.36
160.56,2.32,0.08,0.36
160.57,2.32,0.08,0.37
160.58,2.32,0.08,0.37
160.59,2.32,0.08,0.37
160.6,2.32,0.08,0.37
160.61,2.32,0.08,0.37
160.62,2.33,0.08,0.37
160.63,2.33,0.08,0.37
160.64,2.33,0.08,0.37
160.65,2.33,0.08,0.37
160.66,2.33,0.08,0.37
160.67,2.33,0.08,0.37
160.68,2.33,0.08,0.37
160.69,2.33,0.08,0.37
160.7,2.33,0.07,0.37
160.71,2.33,0.07,0.37
160.72,2.33,0.07,0.37
160.73,2.33,0.07,0.37
160.74,2.33,0.07,0.37
160.75,2.33,0.07,0.37
160.76,2.34,0.07,0.37
160.77,2.34,0.07,0.37
160.78,2.34,0.07,0.37
160.79,2.34,0.07,0.37
160.8,2.34,0.07,0.37
160.81,2.34,0.07,0.37
160.82,2.34,0.07,0.37
160.83,2.34,0.07,0.37
160.84,2.34,0.07,0.37
160.85,2.34,0.07,0.37
160.86,2.34,0.07,0.37
160.87,2.34,0.07,0.37
160.88,2.34,0.07,0.37
160.89,2.35,0.07,0.37
160.9,2.35,0.07,0.37
160.91,2.35,0.07,0.37
160.92,2.35,0.07,0.37
160.93,2.35,0.07,0.37
160.94,2.35,0.07,0.37
160.95,2.35,0.07,0.37
160.96,2.35,0.07,0.37
160.97,2.35,0.07,0.37
160.98,2.35,0.07,0.37
160.99,2.35,0.07,0.37
161.0,2.35,0.07,0.37
161.01,2.35,0.07,0.37
161.02,2.35,0.07,0.37
161.03,2.36,0.07,0.37
161.04,2.36,0.07,0.37
161.05,2.36,0.07,0.37
161.06,2.36,0.07,0.37
161.07,2.36,0.07,0.37
161.08,2.36,0.07,0.37
161.09,2.36,0.07,0.37
161.1,2.36,0.07,0.37
161.11,2.36,0.07,0.37
161.12,2.36,0.07,0.37
161.13,2.36,0.07,0.37
161.14,2.36,0.07,0.37
161.15,2.36,0.07,0.37
161.16,2.36,0.07,0.37
161.17,2.36,0.07,0.37
161.18,2.37,0.07,0.37
161.19,2.37,0.07,0.37
161.2,2.37,0.07,0.37
161.21,2.37,0.07,0.37
161.22,2.37,0.07,0.37
161.23,2.37,0.07,0.37
161.24,2.37,0.07,0.37
161.25,2.37,0.07,0.37
161.26,2.37,0.07,0.37
161.27,2.37,0.07,0.37
161.28,2.37,0.07,0.37
161.29,2.37,0.07,0.37
161.3,2.37,0.07,0.37
161.31,2.37,0.07,0.37
161.32,2.38,0.07,0.37
161.33,2.38,0.07,0.37
161.34,2.38,0.07,0.37
161.35,2.38,0.07,0.37
161.36,2.38,0.07,0.37
161.37,2.38,0.07,0.37
161.38,2.38,0.07,0.37
161.39,2.38,0.07,0.37
161.4,2.38,0.06,0.37
161.41,2.38,0.06,0.37
161.42,2.38,0.06,0.37
161.43,2.38,0.06,0.37
161.44,2.38,0.06,0.37
161.45,2.38,0.06,0.37
161.46,2.38,0.06,0.37
161.47,2.38,0.06,0.37
161.48,2.39,0.06,0.37
161.49,2.39,0.06,0.37
161.5,2.39,0.06,0.37
161.51,2.39,0.06,0.37
161.52,2.39,0.06,0.37
161.53,2.39,0.06,0.37
161.54,2.39,0.06,0.37
161.55,2.39,0.06,0.37
161.56,2.39,0.06,0.37
161.57,2.39,0.06,0.37
161.58,2.39,0.06,0.37
161.59,2.39,0.06,0.37
161.6,2.39,0.06,0.37
161.61,2.39,0.06,0.37
161.62,2.39,0.06,0.37
161.63,2.39,0.06,0.37
161.64,2.4,0.06,0.37
161.65,2.4,0.06,0.37
161.66,2.4,0.06,0.37
161.67,2.4,0.06,0.37
161.68,2.4,0.06,0.37
161.69,2.4,0.06,0.37
161.7,2.4,0.06,0.37
161.71,2.4,0.06,0.37
161.72,2.4,0.06,0.37
161.73,2.4,0.06,0.37
161.74,2.4,0.06,0.37
161.75,2.4,0.06,0.37
161.76,2.4,0.06,0.37
161.77,2.4,0.06,0.37
161.78,2.4,0.06,0.37
161.79,2.4,0.06,0.37
161.8,2.4,0.06,0.37
161.81,2.41,0.06,0.37
161.82,2.41,0.06,0.37
161.83,2.41,0.06,0.37
161.84,2.41,0.06,0.37
161.85,2.41,0.06,0.37
161.86,2.41,0.06,0.37
161.87,2.41,0.06,0.37
161.88,2.41,0.06,0.37
161.89,2.41,0.06,0.37
161.9,2.41,0.06,0.37
161.91,2.41,0.06,0.37
161.92,2.41,0.06,0.37
161.93,2.41,0.06,0.37
161.94,2.41,0.06,0.37
161.95,2.41,0.06,0.37
161.96,2.41,0.06,0.37
161.97,2.41,0.06,0.37
161.98,2.42,0.06,0.37
161.99,2.42,0.06,0.38
162.0,2.42,0.06,0.38
162.01,2.42,0.06,0.38
162.02,2.42,0.06,0.38
162.03,2.42,0.05,0.38
162.04,2.42,0.05,0.38
162.05,2.42,0.05,0.38
162.06,2.42,0.05,0.38
162.07,2.42,0.05,0.38
162.08,2.42,0.05,0.38
162.09,2.42,0.05,0.38
162.1,2.42,0.05,0.38
162.11,2.42,0.05,0.38
162.12,2.42,0.05,0.38
162.13,2.42,0.05,0.38
162.14,2.42,0.05,0.38
162.15,2.42,0.05,0.38
162.16,2.43,0.05,0.38
162.17,2.43,0.05,0.38
162.18,2.43,0.05,0.38
162.19,2.43,0.05,0.38
162.2,2.43,0.05,0.38
162.21,2.43,0.05,0.38
162.22,2.43,0.05,0.38
162.23,2.43,0.05,0.38
162.24,2.43,0.05,0.38
162.25,2.43,0.05,0.38
162.26,2.43,0.05,0.38
162.27,2.43,0.05,0.38
162.28,2.43,0.05,0.38
162.29,2.43,0.05,0.38
162.3,2.43,0.05,0.38
162.31,2.43,0.05,0.38
162.32,2.43,0.05,0.38
162.33,2.43,0.05,0.38
162.34,2.43,0.05,0.38
162.35,2.43,0.05,0.38
162.36,2.44,0.05,0.38
162.37,2.44,0.05,0.38
162.38,2.44,0.05,0.38
162.39,2.44,0.05,0.38
162.4,2.44,0.05,0.38
162.41,2.44,0.05,0.38
162.42,2.44,0.05,0.38
162.43,2.44,0.05,0.38
162.44,2.44,0.05,0.38
162.45,2.44,0.05,0.38
162.46,2.44,0.05,0.38
162.47,2.44,0.05,0.38
162.48,2.44,0.05,0.38
162.49,2.44,0.05,0.38
162.5,2.44,0.05,0.38
162.51,2.44,0.05,0.38
162.52,2.44,0.05,0.38
162.53,2.44,0.05,0.38
162.54,2.44,0.05,0.38
162.55,2.44,0.05,0.38
162.56,2.44,0.05,0.38
162.57,2.45,0.05,0.38
162.58,2.45,0.05,0.38
162.59,2.45,0.05,0.38
162.6,2.45,0.04,0.38
162.61,2.45,0.04,0.38
162.62,2.45,0.04,0.38
162.63,2.45,0.04,0.38
162.64,2.45,0.04,0.38
162.65,2.45,0.04,0.38
162.66,2.45,0.04,0.38
162.67,2.45,0.04,0.38
162.68,2.45,0.04,0.38
162.69,2.45,0.04,0.38
162.7,2.45,0.04,0.38
162.71,2.45,0.04,0.38
162.72,2.45,0.04,0.38
162.73,2.45,0.04,0.38
162.74,2.45,0.04,0.38
162.75,2.45,0.04,0.38
162.76,2.45,0.04,0.38
162.77,2.45,0.04,0.38
162.78,2.45,0.04,0.38
162.79,2.45,0.04,0.38
162.8,2.46,0.04,0.38
162.81,2.46,0.04,0.38
162.82,2.46,0.04,0.38
162.83,2.46,0.04,0.38
162.84,2.46,0.04,0.38
162.85,2.46,0.04,0.38
162.86,2.46,0.04,0.38
162.87,2.46,0.04,0.38
162.88,2.46,0.04,0.38
162.89,2.46,0.04,0.38
162.9,2.46,0.04,0.38
162.91,2.46,0.04,0.38
162.92,2.46,0.04,0.38
162.93,2.46,0.04,0.38
162.94,2.46,0.04,0.38
162.95,2.46,0.04,0.38
162.96,2.46,0.04,0.38
162.97,2.46,0.04,0.38
162.98,2.46,0.04,0.38
162.99,2.46,0.04,0.38
163.0,2.46,0.04,0.38
163.01,2.46,0.04,0.38
163.02,2.46,0.04,0.38
163.03,2.46,0.04,0.38
163.04,2.46,0.04,0.38
163.05,2.46,0.04,0.38
163.06,2.47,0.04,0.38
163.07,2.47,0.04,0.38
163.08,2.47,0.04,0.38
163.09,2.47,0.04,0.38
163.1,2.47,0.04,0.38
163.11,2.47,0.04,0.38
163.12,2.47,0.04,0.38
163.13,2.47,0.04,0.38
163.14,2.47,0.04,0.38
163.15,2.47,0.03,0.38
163.16,2.47,0.03,0.38
163.17,2.47,0.03,0.38
163.18,2.47,0.03,0.38
163.19,2.47,0.03,0.38
163.2,2.47,0.03,0.38
163.21,2.47,0.03,0.38
163.22,2.47,0.03,0.38
163.23,2.47,0.03,0.38
163.24,2.47,0.03,0.38
163.25,2.47,0.03,0.38
163.26,2.47,0.03,0.38
163.27,2.47,0.03,0.38
163.28,2.47,0.03,0.38
163.29,2.47,0.03,0.38
163.3,2.47,0.03,0.39
163.31,2.47,0.03,0.39
163.32,2.47,0.03,0.39
163.33,2.47,0.03,0.39
163.34,2.47,0.03,0.39
163.35,2.48,0.03,0.39
163.36,2.48,0.03,0.39
163.37,2.48,0.03,0.39
163.38,2.48,0.03,0.39
163.39,2.48,0.03,0.39
163.4,2.48,0.03,0.39
163.41,2.48,0.03,0.39
163.42,2.48,0.03,0.39
163.43,2.48,0.03,0.39
163.44,2.48,0.03,0.39
163.45,2.48,0.03,0.39
163.46,2.48,0.03,0.39
163.47,2.48,0.03,0.39
163.48,2.48,0.03,0.39
163.49,2.48,0.03,0.39
163.5,2.48,0.03,0.39
163.51,2.48,0.03,0.39
163.52,2.48,0.03,0.39
163.53,2.48,0.03,0.39
163.54,2.48,0.03,0.39
163.55,2.48,0.03,0.39
163.56,2.48,0.03,0.39
163.57,2.48,0.03,0.39
163.58,2.48,0.03,0.39
163.59,2.48,0.03,0.39
163.6,2.48,0.03,0.39
163.61,2.48,0.03,0.39
163.62,2.48,0.03,0.39
163.63,2.48,0.03,0.39
163.64,2.48,0.03,0.39
163.65,2.48,0.03,0.39
163.66,2.48,0.03,0.39
163.67,2.48,0.03,0.39
163.68,2.48,0.02,0.39
163.69,2.48,0.02,0.39
163.7,2.48,0.02,0.39
163.71,2.49,0.02,0.39
163.72,2.49,0.02,0.39
163.73,2.49,0.02,0.39
163.74,2.49,0.02,0.39
163.75,2.49,0.02,0.39
163.76,2.49,0.02,0.39
163.77,2.49,0.02,0.39
163.78,2.49,0.02,0.39
163.79,2.49,0.02,0.39
163.8,2.49,0.02,0.39
163.81,2.49,0.02,0.39
163.82,2.49,0.02,0.39
163.83,2.49,0.02,0.39
163.84,2.49,0.02,0.39
163.85,2.49,0.02,0.39
163.86,2.49,0.02,0.39
163.87,2.49,0.02,0.39
163.88,2.49,0.02,0.39
163.89,2.49,0.02,0.39
163.9,2.49,0.02,0.39
163.91,2.49,0.02,0.39
163.92,2.49,0.02,0.39
163.93,2.49,0.02,0.39
163.94,2.49,0.02,0.39
163.95,2.49,0.02,0.39
163.96,2.49,0.02,0.39
163.97,2.49,0.02,0.39
163.98,2.49,0.02,0.39
163.99,2.49,0.02,0.39
164.0,2.49,0.02,0.39
164.01,2.49,0.02,0.39
164.02,2.49,0.02,0.39
164.03,2.49,0.02,0.39
164.04,2.49,0.02,0.39
164.05,2.49,0.02,0.39
164.06,2.49,0.02,0.39
164.07,2.49,0.02,0.39
164.08,2.49,0.02,0.39
164.09,2.49,0.02,0.39
164.1,2.49,0.02,0.39
164.11,2.49,0.02,0.39
164.12,2.49,0.02,0.39
164.13,2.49,0.02,0.39
164.14,2.49,0.02,0.39
164.15,2.49,0.02,0.39
164.16,2.49,0.02,0.39
164.17,2.49,0.02,0.39
164.18,2.49,0.02,0.39
164.19,2.49,0.01,0.39
164.2,2.49,0.01,0.39
164.21,2.49,0.01,0.39
164.22,2.49,0.01,0.39
164.23,2.5,0.01,0.39
164.24,2.5,0.01,0.39
164.25,2.5,0.01,0.39
164.26,2.5,0.01,0.39
164.27,2.5,0.01,0.39
164.28,2.5,0.01,0.39
164.29,2.5,0.01,0.39
164.3,2.5,0.01,0.39
164.31,2.5,0.01,0.39
164.32,2.5,0.01,0.39
164.33,2.5,0.01,0.39
164.34,2.5,0.01,0.39
164.35,2.5,0.01,0.39
164.36,2.5,0.01,0.39
164.37,2.5,0.01,0.39
164.38,2.5,0.01,0.39
164.39,2.5,0.01,0.39
164.4,2.5,0.01,0.39
164.41,2.5,0.01,0.39
164.42,2.5,0.01,0.39
164.43,2.5,0.01,0.39
164.44,2.5,0.01,0.39
164.45,2.5,0.01,0.39
164.46,2.5,0.01,0.39
164.47,2.5,0.01,0.39
164.48,2.5,0.01,0.39
164.49,2.5,0.01,0.39
164.5,2.5,0.01,0.39
164.51,2.5,0.01,0.39
164.52,2.5,0.01,0.39
164.53,2.5,0.01,0.39
164.54,2.5,0.01,0.39
164.55,2.5,0.01,0.39
164.56,2.5,0.01,0.4
164.57,2.5,0.01,0.4
164.58,2.5,0.01,0.4
164.59,2.5,0.01,0.4
164.6,2.5,0.01,0.4
164.61,2.5,0.01,0.4
164.62,2.5,0.01,0.4
164.63,2.5,0.01,0.4
164.64,2.5,0.01,0.4
164.65,2.5,0.01,0.4
164.66,2.5,0.01,0.4
164.67,2.5,0.01,0.4
164.68,2.5,0.01,0.4
164.69,2.5,0.0,0.4
164.7,2.5,0.0,0.4
164.71,2.5,0.0,0.4
164.72,2.5,0.0,0.4
164.73,2.5,0.0,0.4
164.74,2.5,0.0,0.4
164.75,2.5,0.0,0.4
164.76,2.5,0.0,0.4
164.77,2.5,0.0,0.4
164.78,2.5,0.0,0.4
164.79,2.5,0.0,0.4
164.8,2.5,0.0,0.4
164.81,2.5,0.0,0.4
164.82,2.5,0.0,0.4
164.83,2.5,0.0,0.4
164.84,2.5,0.0,0.4
164.85,2.5,0.0,0.4
164.86,2.5,0.0,0.4
164.87,2.5,0.0,0.4
164.88,2.5,0.0,0.4
164.89,2.5,0.0,0.4
164.9,2.5,0.0,0.4
164.91,2.5,0.0,0.4
164.92,2.5,0.0,0.4
164.93,2.5,0.0,0.4
164.94,2.5,-0.0,0.4
164.95,2.5,-0.0,0.4
164.96,2.5,-0.0,0.4
164.97,2.5,-0.0,0.4
164.98,2.5,-0.0,0.4
164.99,2.5,-0.0,0.4
165.0,2.5,-0.0,0.4
165.01,2.5,-0.0,0.4
165.02,2.5,-0.0,0.4
165.03,2.5,-0.0,0.4
165.04,2.5,-0.0,0.4
165.05,2.5,-0.0,0.4
165.06,2.5,-0.0,0.4
165.07,2.5,-0.0,0.4
165.08,2.5,-0.0,0.4
165.09,2.5,-0.0,0.4
165.1,2.5,-0.0,0.4
165.11,2.5,-0.0,0.4
165.12,2.5,-0.0,0.4
165.13,2.5,-0.0,0.4
165.14,2.5,-0.0,0.4
165.15,2.5,-0.0,0.4
165.16,2.5,-0.0,0.4
165.17,2.5,-0.0,0.4
165.18,2.5,-0.0,0.4
165.19,2.5,-0.01,0.4
165.2,2.5,-0.01,0.4
165.21,2.5,-0.01,0.4
165.22,2.5,-0.01,0.4
165.23,2.5,-0.01,0.4
165.24,2.5,-0.01,0.4
165.25,2.5,-0.01,0.4
165.26,2.5,-0.01,0.4
165.27,2.5,-0.01,0.4
165.28,2.5,-0.01,0.4
165.29,2.5,-0.01,0.4
165.3,2.5,-0.01,0.4
165.31,2.5,-0.01,0.4
165.32,2.5,-0.01,0.4
165.33,2.5,-0.01,0.4
165.34,2.5,-0.01,0.4
165.35,2.5,-0.01,0.4
165.36,2.5,-0.01,0.4
165.37,2.5,-0.01,0.4
165.38,2.5,-0.01,0.4
165.39,2.5,-0.01,0.4
165.4,2.5,-0.01,0.4
165.41,2.5,-0.01,0.4
165.42,2.5,-0.01,0.4
165.43,2.5,-0.01,0.4
165.44,2.5,-0.01,0.4
165.45,2.5,-0.01,0.4
165.46,2.5,-0.01,0.4
165.47,2.5,-0.01,0.4
165.48,2.5,-0.01,0.4
165.49,2.5,-0.01,0.4
165.5,2.5,-0.01,0.4
165.51,2.5,-0.01,0.4
165.52,2.5,-0.01,0.4
165.53,2.5,-0.01,0.4
165.54,2.5,-0.01,0.4
165.55,2.5,-0.01,0.4
165.56,2.5,-0.01,0.4
165.57,2.5,-0.01,0.4
165.58,2.5,-0.01,0.4
165.59,2.5,-0.01,0.4
165.6,2.5,-0.01,0.4
165.61,2.5,-0.01,0.4
165.62,2.5,-0.01,0.4
165.63,2.5,-0.01,0.4
165.64,2.5,-0.01,0.4
165.65,2.49,-0.01,0.4
165.66,2.49,-0.01,0.4
165.67,2.49,-0.01,0.4
165.68,2.49,-0.01,0.4
165.69,2.49,-0.02,0.4
165.7,2.49,-0.02,0.4
165.71,2.49,-0.02,0.4
165.72,2.49,-0.02,0.4
165.73,2.49,-0.02,0.4
165.74,2.49,-0.02,0.4
165.75,2.49,-0.02,0.4
165.76,2.49,-0.02,0.4
165.77,2.49,-0.02,0.4
165.78,2.49,-0.02,0.4
165.79,2.49,-0.02,0.4
165.8,2.49,-0.02,0.4
165.81,2.49,-0.02,0.41
165.82,2.49,-0.02,0.41
165.83,2.49,-0.02,0.41
165.84,2.49,-0.02,0.41
165.85,2.49,-0.02,0.41
165.86,2.49,-0.02,0.41
165.87,2.49,-0.02,0.41
165.88,2.49,-0.02,0.41
165.89,2.49,-0.02,0.41
165.9,2.49,-0.02,0.41
165.91,2.49,-0.02,0.41
165.92,2.49,-0.02,0.41
165.93,2.49,-0.02,0.41
165.94,2.49,-0.02,0.41
165.95,2.49,-0.02,0.41
165.96,2.49,-0.02,0.41
165.97,2.49,-0.02,0.41
165.98,2.49,-0.02,0.41
165.99,2.49,-0.02,0.41
166.0,2.49,-0.02,0.41
166.01,2.49,-0.02,0.41
166.02,2.49,-0.02,0.41
166.03,2.49,-0.02,0.41
166.04,2.49,-0.02,0.41
166.05,2.49,-0.02,0.41
166.06,2.49,-0.02,0.41
166.07,2.49,-0.02,0.41
166.08,2.49,-0.02,0.41
166.09,2.49,-0.02,0.41
166.1,2.49,-0.02,0.41
166.11,2.49,-0.02,0.41
166.12,2.49,-0.02,0.41
166.13,2.49,-0.02,0.41
166.14,2.49,-0.02,0.41
166.15,2.49,-0.02,0.41
166.16,2.49,-0.02,0.41
166.17,2.48,-0.02,0.41
166.18,2.48,-0.02,0.41
166.19,2.48,-0.02,0.41
166.2,2.48,-0.03,0.41
166.21,2.48,-0.03,0.41
166.22,2.48,-0.03,0.41
166.23,2.48,-0.03,0.41
166.24,2.48,-0.03,0.41
166.25,2.48,-0.03,0.41
166.26,2.48,-0.03,0.41
166.27,2.48,-0.03,0.41
166.28,2.48,-0.03,0.41
166.29,2.48,-0.03,0.41
166.3,2.48,-0.03,0.41
166.31,2.48,-0.03,0.41
166.32,2.48,-0.03,0.41
166.33,2.48,-0.03,0.41
166.34,2.48,-0.03,0.41
166.35,2.48,-0.03,0.41
166.36,2.48,-0.03,0.41
166.37,2.48,-0.03,0.41
166.38,2.48,-0.03,0.41
166.39,2.48,-0.03,0.41
166.4,2.48,-0.03,0.41
166.41,2.48,-0.03,0.41
166.42,2.48,-0.03,0.41
166.43,2.48,-0.03,0.41
166.44,2.48,-0.03,0.41
166.45,2.48,-0.03,0.41
166.46,2.48,-0.03,0.41
166.47,2.48,-0.03,0.41
166.48,2.48,-0.03,0.41
166.49,2.48,-0.03,0.41
166.5,2.48,-0.03,0.41
166.51,2.48,-0.03,0.41
166.52,2.48,-0.03,0.41
166.53,2.47,-0.03,0.41
166.54,2.47,-0.03,0.41
166.55,2.47,-0.03,0.41
166.56,2.47,-0.03,0.41
166.57,2.47,-0.03,0.41
166.58,2.47,-0.03,0.41
166.59,2.47,-0.03,0.41
166.6,2.47,-0.03,0.41
166.61,2.47,-0.03,0.41
166.62,2.47,-0.03,0.41
166.63,2.47,-0.03,0.41
166.64,2.47,-0.03,0.41
166.65,2.47,-0.03,0.41
166.66,2.47,-0.03,0.41
166.67,2.47,-0.03,0.41
166.68,2.47,-0.03,0.41
166.69,2.47,-0.03,0.41
166.7,2.47,-0.03,0.41
166.71,2.47,-0.03,0.41
166.72,2.47,-0.03,0.41
166.73,2.47,-0.04,0.41
166.74,2.47,-0.04,0.41
166.75,2.47,-0.04,0.41
166.76,2.47,-0.04,0.41
166.77,2.47,-0.04,0.41
166.78,2.47,-0.04,0.41
166.79,2.47,-0.04,0.41
166.8,2.47,-0.04,0.41
166.81,2.47,-0.04,0.41
166.82,2.46,-0.04,0.41
166.83,2.46,-0.04,0.41
166.84,2.46,-0.04,0.41
166.85,2.46,-0.04,0.41
166.86,2.46,-0.04,0.41
166.87,2.46,-0.04,0.41
166.88,2.46,-0.04,0.41
166.89,2.46,-0.04,0.41
166.9,2.46,-0.04,0.41
166.91,2.46,-0.04,0.41
166.92,2.46,-0.04,0.41
166.93,2.46,-0.04,0.41
166.94,2.46,-0.04,0.41
166.95,2.46,-0.04,0.41
166.96,2.46,-0.04,0.41
166.97,2.46,-0.04,0.41
166.98,2.46,-0.04,0.41
166.99,2.46,-0.04,0.41
167.0,2.46,-0.04,0.41
167.01,2.46,-0.04,0.41
167.02,2.46,-0.04,0.41
167.03,2.46,-0.04,0.41
167.04,2.46,-0.04,0.41
167.05,2.46,-0.04,0.41
167.06,2.46,-0.04,0.41
167.07,2.46,-0.04,0.41
167.08,2.45,-0.04,0.41
167.09,2.45,-0.04,0.42
167.1,2.45,-0.04,0.42
167.11,2.45,-0.04,0.42
167.12,2.45,-0.04,0.42
167.13,2.45,-0.04,0.42
167.14,2.45,-0.04,0.42
167.15,2.45,-0.04,0.42
167.16,2.45,-0.04,0.42
167.17,2.45,-0.04,0.42
167.18,2.45,-0.04,0.42
167.19,2.45,-0.04,0.42
167.2,2.45,-0.04,0.42
167.21,2.45,-0.04,0.42
167.22,2.45,-0.04,0.42
167.23,2.45,-0.04,0.42
167.24,2.45,-0.04,0.42
167.25,2.45,-0.04,0.42
167.26,2.45,-0.04,0.42
167.27,2.45,-0.05,0.42
167.28,2.45,-0.05,0.42
167.29,2.45,-0.05,0.42
167.3,2.45,-0.05,0.42
167.31,2.44,-0.05,0.42
167.32,2.44,-0.05,0.42
167.33,2.44,-0.05,0.42
167.34,2.44,-0.05,0.42
167.35,2.44,-0.05,0.42
167.36,2.44,-0.05,0.42
167.37,2.44,-0.05,0.42
167.38,2.44,-0.05,0.42
167.39,2.44,-0.05,0.42
167.4,2.44,-0.05,0.42
167.41,2.44,-0.05,0.42
167.42,2.44,-0.05,0.42
167.43,2.44,-0.05,0.42
167.44,2.44,-0.05,0.42
167.45,2.44,-0.05,0.42
167.46,2.44,-0.05,0.42
167.47,2.44,-0.05,0.42
167.48,2.44,-0.05,0.42
167.49,2.44,-0.05,0.42
167.5,2.44,-0.05,0.42
167.51,2.44,-0.05,0.42
167.52,2.43,-0.05,0.42
167.53,2.43,-0.05,0.42
167.54,2.43,-0.05,0.42
167.55,2.43,-0.05,0.42
167.56,2.43,-0.05,0.42
167.57,2.43,-0.05,0.42
167.58,2.43,-0.05,0.42
167.59,2.43,-0.05,0.42
167.6,2.43,-0.05,0.42
167.61,2.43,-0.05,0.42
167.62,2.43,-0.05,0.42
167.63,2.43,-0.05,0.42
167.64,2.43,-0.05,0.42
167.65,2.43,-0.05,0.42
167.66,2.43,-0.05,0.42
167.67,2.43,-0.05,0.42
167.68,2.43,-0.05,0.42
167.69,2.43,-0.05,0.42
167.7,2.43,-0.05,0.42
167.71,2.42,-0.05,0.42
167.72,2.42,-0.05,0.42
167.73,2.42,-0.05,0.42
167.74,2.42,-0.05,0.42
167.75,2.42,-0.05,0.42
167.76,2.42,-0.05,0.42
167.77,2.42,-0.05,0.42
167.78,2.42,-0.05,0.42
167.79,2.42,-0.05,0.42
167.8,2.42,-0.05,0.42
167.81,2.42,-0.05,0.42
167.82,2.42,-0.05,0.42
167.83,2.42,-0.05,0.42
167.84,2.42,-0.05,0.42
167.85,2.42,-0.06,0.42
167.86,2.42,-0.06,0.42
167.87,2.42,-0.06,0.42
167.88,2.42,-0.06,0.42
167.89,2.42,-0.06,0.42
167.9,2.41,-0.06,0.42
167.91,2.41,-0.06,0.42
167.92,2.41,-0.06,0.42
167.93,2.41,-0.06,0.42
167.94,2.41,-0.06,0.42
167.95,2.41,-0.06,0.42
167.96,2.41,-0.06,0.42
167.97,2.41,-0.06,0.42
167.98,2.41,-0.06,0.42
167.99,2.41,-0.06,0.42
168.0,2.41,-0.06,0.42
168.01,2.41,-0.06,0.42
168.02,2.41,-0.06,0.42
168.03,2.41,-0.06,0.42
168.04,2.41,-0.06,0.42
168.05,2.41,-0.06,0.42
168.06,2.41,-0.06,0.42
168.07,2.4,-0.06,0.42
168.08,2.4,-0.06,0.42
168.09,2.4,-0.06,0.42
168.1,2.4,-0.06,0.42
168.11,2.4,-0.06,0.42
168.12,2.4,-0.06,0.42
168.13,2.4,-0.06,0.42
168.14,2.4,-0.06,0.42
168.15,2.4,-0.06,0.42
168.16,2.4,-0.06,0.42
168.17,2.4,-0.06,0.42
168.18,2.4,-0.06,0.42
168.19,2.4,-0.06,0.42
168.2,2.4,-0.06,0.42
168.21,2.4,-0.06,0.42
168.22,2.4,-0.06,0.42
168.23,2.4,-0.06,0.42
168.24,2.39,-0.06,0.42
168.25,2.39,-0.06,0.42
168.26,2.39,-0.06,0.42
168.27,2.39,-0.06,0.42
168.28,2.39,-0.06,0.42
168.29,2.39,-0.06,0.42
168.3,2.39,-0.06,0.42
168.31,2.39,-0.06,0.42
168.32,2.39,-0.06,0.42
168.33,2.39,-0.06,0.42
168.34,2.39,-0.06,0.42
168.35,2.39,-0.06,0.42
168.36,2.39,-0.06,0.42
168.37,2.39,-0.06,0.42
168.38,2.39,-0.06,0.42
168.39,2.39,-0.06,0.42
168.4,2.38,-0.06,0.42
168.41,2.38,-0.06,0.42
168.42,2.38,-0.06,0.42
168.43,2.38,-0.06,0.43
168.44,2.38,-0.06,0.43
168.45,2.38,-0.06,0.43
168.46,2.38,-0.06,0.43
168.47,2.38,-0.06,0.43
168.48,2.38,-0.07,0.43
168.49,2.38,-0.07,0.43
168.5,2.38,-0.07,0.43
168.51,2.38,-0.07,0.43
168.52,2.38,-0.07,0.43
168.53,2.38,-0.07,0.43
168.54,2.38,-0.07,0.43
168.55,2.37,-0.07,0.43
168.56,2.37,-0.07,0.43
168.57,2.37,-0.07,0.43
168.58,2.37,-0.07,0.43
168.59,2.37,-0.07,0.43
168.6,2.37,-0.07,0.43
168.61,2.37,-0.07,0.43
168.62,2.37,-0.07,0.43
168.63,2.37,-0.07,0.43
168.64,2.37,-0.07,0.43
168.65,2.37,-0.07,0.43
168.66,2.37,-0.07,0.43
168.67,2.37,-0.07,0.43
168.68,2.37,-0.07,0.43
168.69,2.37,-0.07,0.43
168.7,2.36,-0.07,0.43
168.71,2.36,-0.07,0.43
168.72,2.36,-0.07,0.43
168.73,2.36,-0.07,0.43
168.74,2.36,-0.07,0.43
168.75,2.36,-0.07,0.43
168.76,2.36,-0.07,0.43
168.77,2.36,-0.07,0.43
168.78,2.36,-0.07,0.43
168.79,2.36,-0.07,0.43
168.8,2.36,-0.07,0.43
168.81,2.36,-0.07,0.43
168.82,2.36,-0.07,0.43
168.83,2.36,-0.07,0.43
168.84,2.36,-0.07,0.43
168.85,2.35,-0.07,0.43
168.86,2.35,-0.07,0.43
168.87,2.35,-0.07,0.43
168.88,2.35,-0.07,0.43
168.89,2.35,-0.07,0.43
168.9,2.35,-0.07,0.43
168.91,2.35,-0.07,0.43
168.92,2.35,-0.07,0.43
168.93,2.35,-0.07,0.43
168.94,2.35,-0.07,0.43
168.95,2.35,-0.07,0.43
168.96,2.35,-0.07,0.43
168.97,2.35,-0.07,0.43
168.98,2.35,-0.07,0.43
168.99,2.34,-0.07,0.43
169.0,2.34,-0.07,0.43
169.01,2.34,-0.07,0.43
169.02,2.34,-0.07,0.43
169.03,2.34,-0.07,0.43
169.04,2.34,-0.07,0.43
169.05,2.34,-0.07,0.43
169.06,2.34,-0.07,0.43
169.07,2.34,-0.07,0.43
169.08,2.34,-0.07,0.43
169.09,2.34,-0.07,0.43
169.1,2.34,-0.07,0.43
169.11,2.34,-0.07,0.43
169.12,2.33,-0.07,0.43
169.13,2.33,-0.07,0.43
169.14,2.33,-0.07,0.43
169.15,2.33,-0.07,0.43
169.16,2.33,-0.07,0.43
169.17,2.33,-0.07,0.43
169.18,2.33,-0.08,0.43
169.19,2.33,-0.08,0.43
169.2,2.33,-0.08,0.43
169.21,2.33,-0.08,0.43
169.22,2.33,-0.08,0.43
169.23,2.33,-0.08,0.43
169.24,2.33,-0.08,0.43
169.25,2.32,-0.08,0.43
169.26,2.32,-0.08,0.43
169.27,2.32,-0.08,0.43
169.28,2.32,-0.08,0.43
169.29,2.32,-0.08,0.43
169.3,2.32,-0.08,0.43
169.31,2.32,-0.08,0.43
169.32,2.32,-0.08,0.43
169.33,2.32,-0.08,0.43
169.34,2.32,-0.08,0.43
169.35,2.32,-0.08,0.43
169.36,2.32,-0.08,0.43
169.37,2.32,-0.08,0.43
169.38,2.31,-0.08,0.43
169.39,2.31,-0.08,0.43
169.4,2.31,-0.08,0.43
169.41,2.31,-0.08,0.43
169.42,2.31,-0.08,0.43
169.43,2.31,-0.08,0.43
169.44,2.31,-0.08,0.43
169.45,2.31,-0.08,0.43
169.46,2.31,-0.08,0.43
169.47,2.31,-0.08,0.43
169.48,2.31,-0.08,0.43
169.49,2.31,-0.08,0.43
169.5,2.31,-0.08,0.43
169.51,2.3,-0.08,0.43
169.52,2.3,-0.08,0.43
169.53,2.3,-0.08,0.43
169.54,2.3,-0.08,0.43
169.55,2.3,-0.08,0.43
169.56,2.3,-0.08,0.43
169.57,2.3,-0.08,0.43
169.58,2.3,-0.08,0.43
169.59,2.3,-0.08,0.43
169.6,2.3,-0.08,0.43
169.61,2.3,-0.08,0.43
169.62,2.3,-0.08,0.43
169.63,2.3,-0.08,0.43
169.64,2.29,-0.08,0.43
169.65,2.29,-0.08,0.43
169.66,2.29,-0.08,0.43
169.67,2.29,-0.08,0.43
169.68,2.29,-0.08,0.43
169.69,2.29,-0.08,0.43
169.7,2.29,-0.08,0.43
169.71,2.29,-0.08,0.43
169.72,2.29,-0.08,0.43
169.73,2.29,-0.08,0.43
169.74,2.29,-0.08,0.43
169.75,2.29,-0.08,0.43
169.76,2.28,-0.08,0.43
169.77,2.28,-0.08,0.43
169.78,2.28,-0.08,0.43
169.79,2.28,-0.08,0.43
169.8,2.28,-0.08,0.43
169.81,2.28,-0.08,0.43
169.82,2.28,-0.08,0.43
169.83,2.28,-0.08,0.43
169.84,2.28,-0.08,0.43
169.85,2.28,-0.08,0.43
169.86,2.28,-0.08,0.43
169.87,2.28,-0.08,0.43
169.88,2.27,-0.08,0.43
169.89,2.27,-0.08,0.43
169.9,2.27,-0.08,0.43
169.91,2.27,-0.08,0.43
169.92,2.27,-0.08,0.43
169.93,2.27,-0.08,0.44
169.94,2.27,-0.08,0.44
169.95,2.27,-0.08,0.44
169.96,2.27,-0.08,0.44
169.97,2.27,-0.08,0.44
169.98,2.27,-0.08,0.44
169.99,2.27,-0.08,0.44
170.0,2.26,-0.08,0.44
170.01,2.26,-0.08,0.44
170.02,2.26,-0.09,0.44
170.03,2.26,-0.09,0.44
170.04,2.26,-0.09,0.44
170.05,2.26,-0.09,0.44
170.06,2.26,-0.09,0.44
170.07,2.26,-0.09,0.44
170.08,2.26,-0.09,0.44
170.09,2.26,-0.09,0.44
170.1,2.26,-0.09,0.44
170.11,2.26,-0.09,0.44
170.12,2.25,-0.09,0.44
170.13,2.25,-0.09,0.44
170.14,2.25,-0.09,0.44
170.15,2.25,-0.09,0.44
170.16,2.25,-0.09,0.44
170.17,2.25,-0.09,0.44
170.18,2.25,-0.09,0.44
170.19,2.25,-0.09,0.44
170.2,2.25,-0.09,0.44
170.21,2.25,-0.09,0.44
170.22,2.25,-0.09,0.44
170.23,2.24,-0.09,0.44
170.24,2.24,-0.09,0.44
170.25,2.24,-0.09,0.44
170.26,2.24,-0.09,0.44
170.27,2.24,-0.09,0.44
170.28,2.24,-0.09,0.44
170.29,2.24,-0.09,0.44
170.3,2.24,-0.09,0.44
170.31,2.24,-0.09,0.44
170.32,2.24,-0.09,0.44
170.33,2.24,-0.09,0.44
170.34,2.24,-0.09,0.44
170.35,2.23,-0.09,0.44
170.36,2.23,-0.09,0.44
170.37,2.23,-0.09,0.44
170.38,2.23,-0.09,0.44
170.39,2.23,-0.09,0.44
170.4,2.23,-0.09,0.44
170.41,2.23,-0.09,0.44
170.42,2.23,-0.09,0.44
170.43,2.23,-0.09,0.44
170.44,2.23,-0.09,0.44
170.45,2.23,-0.09,0.44
170.46,2.22,-0.09,0.44
170.47,2.22,-0.09,0.44
170.48,2.22,-0.09,0.44
170.49,2.22,-0.09,0.44
170.5,2.22,-0.09,0.44
170.51,2.22,-0.09,0.44
170.52,2.22,-0.09,0.44
170.53,2.22,-0.09,0.44
170.54,2.22,-0.09,0.44
170.55,2.22,-0.09,0.44
170.56,2.22,-0.09,0.44
170.57,2.21,-0.09,0.44
170.58,2.21,-0.09,0.44
170.59,2.21,-0.09,0.44
170.6,2.21,-0.09,0.44
170.61,2.21,-0.09,0.44
170.62,2.21,-0.09,0.44
170.63,2.21,-0.09,0.44
170.64,2.21,-0.09,0.44
170.65,2.21,-0.09,0.44
170.66,2.21,-0.09,0.44
170.67,2.21,-0.09,0.44
170.68,2.2,-0.09,0.44
170.69,2.2,-0.09,0.44
170.7,2.2,-0.09,0.44
170.71,2.2,-0.09,0.44
170.72,2.2,-0.09,0.44
170.73,2.2,-0.09,0.44
170.74,2.2,-0.09,0.44
170.75,2.2,-0.09,0.44
170.76,2.2,-0.09,0.44
170.77,2.2,-0.09,0.44
170.78,2.2,-0.09,0.44
170.79,2.19,-0.09,0.44
170.8,2.19,-0.09,0.44
170.81,2.19,-0.09,0.44
170.82,2.19,-0.09,0.44
170.83,2.19,-0.09,0.44
170.84,2.19,-0.09,0.44
170.85,2.19,-0.09,0.44
170.86,2.19,-0.09,0.44
170.87,2.19,-0.09,0.44
170.88,2.19,-0.09,0.44
170.89,2.19,-0.09,0.44
170.9,2.18,-0.09,0.44
170.91,2.18,-0.09,0.44
170.92,2.18,-0.09,0.44
170.93,2.18,-0.09,0.44
170.94,2.18,-0.09,0.44
170.95,2.18,-0.09,0.44
170.96,2.18,-0.09,0.44
170.97,2.18,-0.09,0.44
170.98,2.18,-0.09,0.44
170.99,2.18,-0.09,0.44
171.0,2.17,-0.09,0.44
171.01,2.17,-0.09,0.44
171.02,2.17,-0.09,0.44
171.03,2.17,-0.09,0.44
171.04,2.17,-0.09,0.44
171.05,2.17,-0.09,0.44
171.06,2.17,-0.09,0.44
171.07,2.17,-0.09,0.44
171.08,2.17,-0.09,0.44
171.09,2.17,-0.09,0.44
171.1,2.17,-0.09,0.44
171.11,2.16,-0.09,0.44
171.12,2.16,-0.09,0.44
171.13,2.16,-0.09,0.44
171.14,2.16,-0.09,0.44
171.15,2.16,-0.09,0.44
171.16,2.16,-0.09,0.44
171.17,2.16,-0.09,0.44
171.18,2.16,-0.09,0.44
171.19,2.16,-0.09,0.44
171.2,2.16,-0.1,0.44
171.21,2.16,-0.1,0.44
171.22,2.15,-0.1,0.44
171.23,2.15,-0.1,0.44
171.24,2.15,-0.1,0.44
171.25,2.15,-0.1,0.44
171.26,2.15,-0.1,0.44
171.27,2.15,-0.1,0.44
171.28,2.15,-0.1,0.44
171.29,2.15,-0.1,0.44
171.3,2.15,-0.1,0.44
171.31,2.15,-0.1,0.44
171.32,2.14,-0.1,0.44
171.33,2.14,-0.1,0.44
171.34,2.14,-0.1,0.44
171.35,2.14,-0.1,0.44
171.36,2.14,-0.1,0.44
171.37,2.14,-0.1,0.44
171.38,2.14,-0.1,0.44
171.39,2.14,-0.1,0.44
171.4,2.14,-0.1,0.44
171.41,2.14,-0.1,0.44
171.42,2.14,-0.1,0.44
171.43,2.13,-0.1,0.44
171.44,2.13,-0.1,0.44
171.45,2.13,-0.1,0.44
171.46,2.13,-0.1,0.44
171.47,2.13,-0.1,0.44
171.48,2.13,-0.1,0.44
171.49,2.13,-0.1,0.44
171.5,2.13,-0.1,0.44
171.51,2.13,-0.1,0.44
171.52,2.13,-0.1,0.44
171.53,2.12,-0.1,0.44
171.54,2.12,-0.1,0.44
171.55,2.12,-0.1,0.44
171.56,2.12,-0.1,0.44
171.57,2.12,-0.1,0.44
171.58,2.12,-0.1,0.44
171.59,2.12,-0.1,0.44
171.6,2.12,-0.1,0.44
171.61,2.12,-0.1,0.44
171.62,2.12,-0.1,0.44
171.63,2.11,-0.1,0.44
171.64,2.11,-0.1,0.44
171.65,2.11,-0.1,0.44
171.66,2.11,-0.1,0.44
171.67,2.11,-0.1,0.44
171.68,2.11,-0.1,0.44
171.69,2.11,-0.1,0.44
171.7,2.11,-0.1,0.44
171.71,2.11,-0.1,0.44
171.72,2.11,-0.1,0.44
171.73,2.1,-0.1,0.44
171.74,2.1,-0.1,0.44
171.75,2.1,-0.1,0.44
171.76,2.1,-0.1,0.44
171.77,2.1,-0.1,0.44
171.78,2.1,-0.1,0.44
171.79,2.1,-0.1,0.44
171.8,2.1,-0.1,0.44
171.81,2.1,-0.1,0.44
171.82,2.1,-0.1,0.44
171.83,2.1,-0.1,0.44
171.84,2.09,-0.1,0.44
171.85,2.09,-0.1,0.44
171.86,2.09,-0.1,0.44
171.87,2.09,-0.1,0.45
171.88,2.09,-0.1,0.45
171.89,2.09,-0.1,0.45
171.9,2.09,-0.1,0.45
171.91,2.09,-0.1,0.45
171.92,2.09,-0.1,0.45
171.93,2.09,-0.1,0.45
171.94,2.08,-0.1,0.45
171.95,2.08,-0.1,0.45
171.96,2.08,-0.1,0.45
171.97,2.08,-0.1,0.45
171.98,2.08,-0.1,0.45
171.99,2.08,-0.1,0.45
172.0,2.08,-0.1,0.45
172.01,2.08,-0.1,0.45
172.02,2.08,-0.1,0.45
172.03,2.08,-0.1,0.45
172.04,2.07,-0.1,0.45
172.05,2.07,-0.1,0.45
172.06,2.07,-0.1,0.45
172.07,2.07,-0.1,0.45
172.08,2.07,-0.1,0.45
172.09,2.07,-0.1,0.45
172.1,2.07,-0.1,0.45
172.11,2.07,-0.1,0.45
172.12,2.07,-0.1,0.45
172.13,2.07,-0.1,0.45
172.14,2.06,-0.1,0.45
172.15,2.06,-0.1,0.45
172.16,2.06,-0.1,0.45
172.17,2.06,-0.1,0.45
172.18,2.06,-0.1,0.45
172.19,2.06,-0.1,0.45
172.2,2.06,-0.1,0.45
172.21,2.06,-0.1,0.45
172.22,2.06,-0.1,0.45
172.23,2.06,-0.1,0.45
172.24,2.05,-0.1,0.45
172.25,2.05,-0.1,0.45
172.26,2.05,-0.1,0.45
172.27,2.05,-0.1,0.45
172.28,2.05,-0.1,0.45
172.29,2.05,-0.1,0.45
172.3,2.05,-0.1,0.45
172.31,2.05,-0.1,0.45
172.32,2.05,-0.1,0.45
172.33,2.05,-0.1,0.45
172.34,2.04,-0.1,0.45
172.35,2.04,-0.1,0.45
172.36,2.04,-0.1,0.45
172.37,2.04,-0.1,0.45
172.38,2.04,-0.1,0.45
172.39,2.04,-0.1,0.45
172.4,2.04,-0.1,0.45
172.41,2.04,-0.1,0.45
172.42,2.04,-0.1,0.45
172.43,2.04,-0.1,0.45
172.44,2.03,-0.1,0.45
172.45,2.03,-0.1,0.45
172.46,2.03,-0.1,0.45
172.47,2.03,-0.1,0.45
172.48,2.03,-0.1,0.45
172.49,2.03,-0.1,0.45
172.5,2.03,-0.1,0.45
172.51,2.03,-0.1,0.45
172.52,2.03,-0.1,0.45
172.53,2.03,-0.1,0.45
172.54,2.02,-0.1,0.45
172.55,2.02,-0.1,0.45
172.56,2.02,-0.1,0.45
172.57,2.02,-0.1,0.45
172.58,2.02,-0.1,0.45
172.59,2.02,-0.1,0.45
172.6,2.02,-0.1,0.45
172.61,2.02,-0.1,0.45
172.62,2.02,-0.1,0.45
172.63,2.02,-0.1,0.45
172.64,2.01,-0.1,0.45
172.65,2.01,-0.1,0.45
172.66,2.01,-0.1,0.45
172.67,2.01,-0.1,0.45
172.68,2.01,-0.1,0.45
172.69,2.01,-0.1,0.45
172.7,2.01,-0.1,0.45
172.71,2.01,-0.1,0.45
172.72,2.01,-0.1,0.45
172.73,2.01,-0.1,0.45
172.74,2.0,-0.1,0.45
172.75,2.0,-0.1,0.45
172.76,2.0,-0.1,0.45
172.77,2.0,-0.1,0.45
172.78,2.0,-0.1,0.45
172.79,2.0,-0.1,0.45
172.8,2.0,-0.1,0.45
172.81,2.0,-0.1,0.45
172.82,2.0,-0.1,0.45
172.83,2.0,-0.1,0.45
172.84,1.99,-0.1,0.45
172.85,1.99,-0.1,0.45
172.86,1.99,-0.1,0.45
172.87,1.99,-0.1,0.45
172.88,1.99,-0.1,0.45
172.89,1.99,-0.1,0.45
172.9,1.99,-0.1,0.45
172.91,1.99,-0.1,0.45
172.92,1.99,-0.1,0.45
172.93,1.99,-0.1,0.45
172.94,1.98,-0.1,0.45
172.95,1.98,-0.1,0.45
172.96,1.98,-0.1,0.45
172.97,1.98,-0.1,0.45
172.98,1.98,-0.1,0.45
172.99,1.98,-0.1,0.45
173.0,1.98,-0.1,0.45
173.01,1.98,-0.1,0.45
173.02,1.98,-0.1,0.45
173.03,1.98,-0.1,0.45
173.04,1.97,-0.1,0.45
173.05,1.97,-0.1,0.45
173.06,1.97,-0.1,0.45
173.07,1.97,-0.1,0.45
173.08,1.97,-0.1,0.45
173.09,1.97,-0.1,0.45
173.1,1.97,-0.1,0.45
173.11,1.97,-0.1,0.45
173.12,1.97,-0.1,0.45
173.13,1.97,-0.1,0.45
173.14,1.96,-0.1,0.45
173.15,1.96,-0.1,0.45
173.16,1.96,-0.1,0.45
173.17,1.96,-0.1,0.45
173.18,1.96,-0.1,0.45
173.19,1.96,-0.1,0.45
173.2,1.96,-0.1,0.45
173.21,1.96,-0.1,0.45
173.22,1.96,-0.1,0.45
173.23,1.96,-0.1,0.45
173.24,1.95,-0.1,0.45
173.25,1.95,-0.1,0.45
173.26,1.95,-0.1,0.45
173.27,1.95,-0.1,0.45
173.28,1.95,-0.1,0.45
173.29,1.95,-0.1,0.45
173.3,1.95,-0.1,0.45
173.31,1.95,-0.1,0.45
173.32,1.95,-0.1,0.45
173.33,1.95,-0.1,0.45
173.34,1.94,-0.1,0.45
173.35,1.94,-0.1,0.45
173.36,1.94,-0.1,0.45
173.37,1.94,-0.1,0.45
173.38,1.94,-0.1,0.45
173.39,1.94,-0.1,0.45
173.4,1.94,-0.1,0.45
173.41,1.94,-0.1,0.45
173.42,1.94,-0.1,0.45
173.43,1.94,-0.1,0.45
173.44,1.93,-0.1,0.45
173.45,1.93,-0.1,0.45
173.46,1.93,-0.1,0.45
173.47,1.93,-0.1,0.45
173.48,1.93,-0.1,0.45
173.49,1.93,-0.1,0.45
173.5,1.93,-0.1,0.45
173.51,1.93,-0.1,0.45
173.52,1.93,-0.1,0.45
173.53,1.93,-0.1,0.45
173.54,1.93,-0.1,0.45
173.55,1.92,-0.1,0.45
173.56,1.92,-0.1,0.45
173.57,1.92,-0.1,0.45
173.58,1.92,-0.1,0.45
173.59,1.92,-0.1,0.45
173.6,1.92,-0.1,0.45
173.61,1.92,-0.1,0.45
173.62,1.92,-0.1,0.45
173.63,1.92,-0.1,0.45
173.64,1.92,-0.1,0.45
173.65,1.91,-0.1,0.45
173.66,1.91,-0.1,0.45
173.67,1.91,-0.1,0.45
173.68,1.91,-0.1,0.45
173.69,1.91,-0.1,0.45
173.7,1.91,-0.1,0.45
173.71,1.91,-0.1,0.45
173.72,1.91,-0.1,0.45
173.73,1.91,-0.1,0.45
173.74,1.91,-0.1,0.45
173.75,1.9,-0.1,0.45
173.76,1.9,-0.1,0.45
173.77,1.9,-0.1,0.45
173.78,1.9,-0.1,0.45
173.79,1.9,-0.1,0.45
173.8,1.9,-0.1,0.45
173.81,1.9,-0.1,0.45
173.82,1.9,-0.1,0.45
173.83,1.9,-0.1,0.45
173.84,1.9,-0.1,0.45
173.85,1.89,-0.1,0.45
173.86,1.89,-0.1,0.45
173.87,1.89,-0.1,0.45
173.88,1.89,-0.1,0.45
173.89,1.89,-0.1,0.45
173.9,1.89,-0.1,0.45
173.91,1.89,-0.1,0.45
173.92,1.89,-0.1,0.45
173.93,1.89,-0.1,0.45
173.94,1.89,-0.1,0.45
173.95,1.88,-0.1,0.45
173.96,1.88,-0.1,0.45
173.97,1.88,-0.1,0.45
173.98,1.88,-0.1,0.45
173.99,1.88,-0.1,0.45
174.0,1.88,-0.1,0.45
174.01,1.88,-0.1,0.45
174.02,1.88,-0.1,0.45
174.03,1.88,-0.1,0.45
174.04,1.88,-0.1,0.45
174.05,1.88,-0.1,0.45
174.06,1.87,-0.1,0.45
174.07,1.87,-0.1,0.45
174.08,1.87,-0.1,0.45
174.09,1.87,-0.1,0.45
174.1,1.87,-0.1,0.45
174.11,1.87,-0.1,0.45
174.12,1.87,-0.1,0.45
174.13,1.87,-0.1,0.45
174.14,1.87,-0.1,0.45
174.15,1.87,-0.1,0.45
174.16,1.86,-0.1,0.45
174.17,1.86,-0.1,0.45
174.18,1.86,-0.1,0.45
174.19,1.86,-0.1,0.45
174.2,1.86,-0.1,0.45
174.21,1.86,-0.1,0.45
174.22,1.86,-0.1,0.45
174.23,1.86,-0.1,0.45
174.24,1.86,-0.1,0.45
174.25,1.86,-0.1,0.45
174.26,1.85,-0.1,0.45
174.27,1.85,-0.1,0.45
174.28,1.85,-0.1,0.45
174.29,1.85,-0.1,0.45
174.3,1.85,-0.1,0.45
174.31,1.85,-0.1,0.45
174.32,1.85,-0.1,0.45
174.33,1.85,-0.1,0.45
174.34,1.85,-0.1,0.45
174.35,1.85,-0.1,0.45
174.36,1.85,-0.1,0.45
174.37,1.84,-0.1,0.45
174.38,1.84,-0.09,0.45
174.39,1.84,-0.09,0.45
174.4,1.84,-0.09,0.45
174.41,1.84,-0.09,0.45
174.42,1.84,-0.09,0.45
174.43,1.84,-0.09,0.45
174.44,1.84,-0.09,0.45
174.45,1.84,-0.09,0.45
174.46,1.84,-0.09,0.45
174.47,1.83,-0.09,0.45
174.48,1.83,-0.09,0.45
174.49,1.83,-0.09,0.45
174.5,1.83,-0.09,0.45
174.51,1.83,-0.09,0.45
174.52,1.83,-0.09,0.45
174.53,1.83,-0.09,0.45
174.54,1.83,-0.09,0.45
174.55,1.83,-0.09,0.45
174.56,1.83,-0.09,0.45
174.57,1.83,-0.09,0.45
174.58,1.82,-0.09,0.45
174.59,1.82,-0.09,0.45
174.6,1.82,-0.09,0.45
174.61,1.82,-0.09,0.45
174.62,1.82,-0.09,0.45
174.63,1.82,-0.09,0.45
174.64,1.82,-0.09,0.45
174.65,1.82,-0.09,0.45
174.66,1.82,-0.09,0.45
174.67,1.82,-0.09,0.45
174.68,1.82,-0.09,0.45
174.69,1.81,-0.09,0.45
174.7,1.81,-0.09,0.45
174.71,1.81,-0.09,0.45
174.72,1.81,-0.09,0.45
174.73,1.81,-0.09,0.45
174.74,1.81,-0.09,0.45
174.75,1.81,-0.09,0.45
174.76,1.81,-0.09,0.45
174.77,1.81,-0.09,0.45
174.78,1.81,-0.09,0.45
174.79,1.81,-0.09,0.45
174.8,1.8,-0.09,0.45
174.81,1.8,-0.09,0.45
174.82,1.8,-0.09,0.45
174.83,1.8,-0.09,0.45
174.84,1.8,-0.09,0.45
174.85,1.8,-0.09,0.45
174.86,1.8,-0.09,0.45
174.87,1.8,-0.09,0.45
174.88,1.8,-0.09,0.45
174.89,1.8,-0.09,0.45
174.9,1.79,-0.09,0.45
174.91,1.79,-0.09,0.45
174.92,1.79,-0.09,0.45
174.93,1.79,-0.09,0.45
174.94,1.79,-0.09,0.45
174.95,1.79,-0.09,0.45
174.96,1.79,-0.09,0.45
174.97,1.79,-0.09,0.45
174.98,1.79,-0.09,0.45
174.99,1.79,-0.09,0.45
175.0,1.79,-0.09,0.45
175.01,1.79,-0.09,0.45
175.02,1.78,-0.09,0.45
175.03,1.78,-0.09,0.45
175.04,1.78,-0.09,0.45
175.05,1.78,-0.09,0.45
175.06,1.78,-0.09,0.45
175.07,1.78,-0.09,0.45
175.08,1.78,-0.09,0.45
175.09,1.78,-0.09,0.45
175.1,1.78,-0.09,0.45
175.11,1.78,-0.09,0.45
175.12,1.78,-0.09,0.45
175.13,1.77,-0.09,0.45
175.14,1.77,-0.09,0.45
175.15,1.77,-0.09,0.45
175.16,1.77,-0.09,0.45
175.17,1.77,-0.09,0.45
175.18,1.77,-0.09,0.45
175.19,1.77,-0.09,0.45
175.2,1.77,-0.09,0.45
175.21,1.77,-0.09,0.45
175.22,1.77,-0.09,0.45
175.23,1.77,-0.09,0.45
175.24,1.76,-0.09,0.45
175.25,1.76,-0.09,0.45
175.26,1.76,-0.09,0.45
175.27,1.76,-0.09,0.45
175.28,1.76,-0.09,0.45
175.29,1.76,-0.09,0.45
175.3,1.76,-0.09,0.45
175.31,1.76,-0.09,0.45
175.32,1.76,-0.09,0.45
175.33,1.76,-0.09,0.45
175.34,1.76,-0.09,0.45
175.35,1.75,-0.09,0.45
175.36,1.75,-0.09,0.45
175.37,1.75,-0.09,0.45
175.38,1.75,-0.09,0.45
175.39,1.75,-0.09,0.45
175.4,1.75,-0.09,0.45
175.41,1.75,-0.09,0.45
175.42,1.75,-0.09,0.45
175.43,1.75,-0.09,0.45
175.44,1.75,-0.09,0.45
175.45,1.75,-0.09,0.45
175.46,1.75,-0.09,0.45
175.47,1.74,-0.09,0.45
175.48,1.74,-0.09,0.45
175.49,1.74,-0.09,0.45
175.5,1.74,-0.09,0.45
175.51,1.74,-0.09,0.45
175.52,1.74,-0.09,0.45
175.53,1.74,-0.09,0.45
175.54,1.74,-0.09,0.45
175.55,1.74,-0.09,0.45
175.56,1.74,-0.09,0.45
175.57,1.74,-0.08,0.45
175.58,1.74,-0.08,0.45
175.59,1.73,-0.08,0.45
175.6,1.73,-0.08,0.45
175.61,1.73,-0.08,0.45
175.62,1.73,-0.08,0.45
175.63,1.73,-0.08,0.45
175.64,1.73,-0.08,0.45
175.65,1.73,-0.08,0.45
175.66,1.73,-0.08,0.45
175.67,1.73,-0.08,0.45
175.68,1.73,-0.08,0.45
175.69,1.73,-0.08,0.45
175.7,1.72,-0.08,0.45
175.71,1.72,-0.08,0.45
175.72,1.72,-0.08,0.45
175.73,1.72,-0.08,0.45
175.74,1.72,-0.08,0.45
175.75,1.72,-0.08,0.45
175.76,1.72,-0.08,0.45
175.77,1.72,-0.08,0.45
175.78,1.72,-0.08,0.45
175.79,1.72,-0.08,0.45
175.8,1.72,-0.08,0.45
175.81,1.72,-0.08,0.45
175.82,1.72,-0.08,0.45
175.83,1.71,-0.08,0.45
175.84,1.71,-0.08,0.45
175.85,1.71,-0.08,0.45
175.86,1.71,-0.08,0.45
175.87,1.71,-0.08,0.45
175.88,1.71,-0.08,0.45
175.89,1.71,-0.08,0.45
175.9,1.71,-0.08,0.45
175.91,1.71,-0.08,0.45
175.92,1.71,-0.08,0.45
175.93,1.71,-0.08,0.45
175.94,1.71,-0.08,0.45
175.95,1.7,-0.08,0.45
175.96,1.7,-0.08,0.45
175.97,1.7,-0.08,0.45
175.98,1.7,-0.08,0.45
175.99,1.7,-0.08,0.45
176.0,1.7,-0.08,0.45
176.01,1.7,-0.08,0.45
176.02,1.7,-0.08,0.44
176.03,1.7,-0.08,0.44
176.04,1.7,-0.08,0.44
176.05,1.7,-0.08,0.44
176.06,1.7,-0.08,0.44
176.07,1.69,-0.08,0.44
176.08,1.69,-0.08,0.44
176.09,1.69,-0.08,0.44
176.1,1.69,-0.08,0.44
176.11,1.69,-0.08,0.44
176.12,1.69,-0.08,0.44
176.13,1.69,-0.08,0.44
176.14,1.69,-0.08,0.44
176.15,1.69,-0.08,0.44
176.16,1.69,-0.08,0.44
176.17,1.69,-0.08,0.44
176.18,1.69,-0.08,0.44
176.19,1.69,-0.08,0.44
176.2,1.68,-0.08,0.44
176.21,1.68,-0.08,0.44
176.22,1.68,-0.08,0.44
176.23,1.68,-0.08,0.44
176.24,1.68,-0.08,0.44
176.25,1.68,-0.08,0.44
176.26,1.68,-0.08,0.44
176.27,1.68,-0.08,0.44
176.28,1.68,-0.08,0.44
176.29,1.68,-0.08,0.44
176.3,1.68,-0.08,0.44
176.31,1.68,-0.08,0.44
176.32,1.68,-0.08,0.44
176.33,1.67,-0.08,0.44
176.34,1.67,-0.08,0.44
176.35,1.67,-0.08,0.44
176.36,1.67,-0.08,0.44
176.37,1.67,-0.08,0.44
176.38,1.67,-0.08,0.44
176.39,1.67,-0.08,0.44
176.4,1.67,-0.08,0.44
176.41,1.67,-0.07,0.44
176.42,1.67,-0.07,0.44
176.43,1.67,-0.07,0.44
176.44,1.67,-0.07,0.44
176.45,1.67,-0.07,0.44
176.46,1.66,-0.07,0.44
176.47,1.66,-0.07,0.44
176.48,1.66,-0.07,0.44
176.49,1.66,-0.07,0.44
176.5,1.66,-0.07,0.44
176.51,1.66,-0.07,0.44
176.52,1.66,-0.07,0.44
176.53,1.66,-0.07,0.44
176.54,1.66,-0.07,0.44
176.55,1.66,-0.07,0.44
176.56,1.66,-0.07,0.44
176.57,1.66,-0.07,0.44
176.58,1.66,-0.07,0.44
176.59,1.66,-0.07,0.44
176.6,1.65,-0.07,0.44
176.61,1.65,-0.07,0.44
176.62,1.65,-0.07,0.44
176.63,1.65,-0.07,0.44
176.64,1.65,-0.07,0.44
176.65,1.65,-0.07,0.44
176.66,1.65,-0.07,0.44
176.67,1.65,-0.07,0.44
176.68,1.65,-0.07,0.44
176.69,1.65,-0.07,0.44
176.7,1.65,-0.07,0.44
176.71,1.65,-0.07,0.44
176.72,1.65,-0.07,0.44
176.73,1.65,-0.07,0.44
176.74,1.64,-0.07,0.44
176.75,1.64,-0.07,0.44
176.76,1.64,-0.07,0.44
176.77,1.64,-0.07,0.44
176.78,1.64,-0.07,0.44
176.79,1.64,-0.07,0.44
176.8,1.64,-0.07,0.44
176.81,1.64,-0.07,0.44
176.82,1.64,-0.07,0.44
176.83,1.64,-0.07,0.44
176.84,1.64,-0.07,0.44
176.85,1.64,-0.07,0.44
176.86,1.64,-0.07,0.44
176.87,1.64,-0.07,0.44
176.88,1.63,-0.07,0.44
176.89,1.63,-0.07,0.44
176.9,1.63,-0.07,0.44
176.91,1.63,-0.07,0.44
176.92,1.63,-0.07,0.44
176.93,1.63,-0.07,0.44
176.94,1.63,-0.07,0.44
176.95,1.63,-0.07,0.44
176.96,1.63,-0.07,0.44
176.97,1.63,-0.07,0.44
176.98,1.63,-0.07,0.44
176.99,1.63,-0.07,0.44
177.0,1.63,-0.07,0.44
177.01,1.63,-0.07,0.44
177.02,1.63,-0.07,0.44
177.03,1.62,-0.07,0.44
177.04,1.62,-0.07,0.44
177.05,1.62,-0.07,0.44
177.06,1.62,-0.07,0.44
177.07,1.62,-0.07,0.44
177.08,1.62,-0.07,0.44
177.09,1.62,-0.07,0.44
177.1,1.62,-0.07,0.44
177.11,1.62,-0.06,0.44
177.12,1.62,-0.06,0.44
177.13,1.62,-0.06,0.44
177.14,1.62,-0.06,0.44
177.15,1.62,-0.06,0.44
177.16,1.62,-0.06,0.44
177.17,1.62,-0.06,0.44
177.18,1.62,-0.06,0.44
177.19,1.61,-0.06,0.44
177.2,1.61,-0.06,0.44
177.21,1.61,-0.06,0.44
177.22,1.61,-0.06,0.44
177.23,1.61,-0.06,0.44
177.24,1.61,-0.06,0.44
177.25,1.61,-0.06,0.44
177.26,1.61,-0.06,0.44
177.27,1.61,-0.06,0.44
177.28,1.61,-0.06,0.44
177.29,1.61,-0.06,0.44
177.3,1.61,-0.06,0.44
177.31,1.61,-0.06,0.44
177.32,1.61,-0.06,0.44
177.33,1.61,-0.06,0.44
177.34,1.61,-0.06,0.44
177.35,1.6,-0.06,0.44
177.36,1.6,-0.06,0.44
177.37,1.6,-0.06,0.44
177.38,1.6,-0.06,0.44
177.39,1.6,-0.06,0.44
177.4,1.6,-0.06,0.44
177.41,1.6,-0.06,0.44
177.42,1.6,-0.06,0.44
177.43,1.6,-0.06,0.44
177.44,1.6,-0.06,0.44
177.45,1.6,-0.06,0.44
177.46,1.6,-0.06,0.44
177.47,1.6,-0.06,0.44
177.48,1.6,-0.06,0.44
177.49,1.6,-0.06,0.43
177.5,1.6,-0.06,0.43
177.51,1.59,-0.06,0.43
177.52,1.59,-0.06,0.43
177.53,1.59,-0.06,0.43
177.54,1.59,-0.06,0.43
177.55,1.59,-0.06,0.43
177.56,1.59,-0.06,0.43
177.57,1.59,-0.06,0.43
177.58,1.59,-0.06,0.43
177.59,1.59,-0.06,0.43
177.6,1.59,-0.06,0.43
177.61,1.59,-0.06,0.43
177.62,1.59,-0.06,0.43
177.63,1.59,-0.06,0.43
177.64,1.59,-0.06,0.43
177.65,1.59,-0.06,0.43
177.66,1.59,-0.06,0.43
177.67,1.59,-0.06,0.43
177.68,1.59,-0.06,0.43
177.69,1.58,-0.06,0.43
177.7,1.58,-0.06,0.43
177.71,1.58,-0.06,0.43
177.72,1.58,-0.06,0.43
177.73,1.58,-0.05,0.43
177.74,1.58,-0.05,0.43
177.75,1.58,-0.05,0.43
177.76,1.58,-0.05,0.43
177.77,1.58,-0.05,0.43
177.78,1.58,-0.05,0.43
177.79,1.58,-0.05,0.43
177.8,1.58,-0.05,0.43
177.81,1.58,-0.05,0.43
177.82,1.58,-0.05,0.43
177.83,1.58,-0.05,0.43
177.84,1.58,-0.05,0.43
177.85,1.58,-0.05,0.43
177.86,1.58,-0.05,0.43
177.87,1.57,-0.05,0.43
177.88,1.57,-0.05,0.43
177.89,1.57,-0.05,0.43
177.9,1.57,-0.05,0.43
177.91,1.57,-0.05,0.43
177.92,1.57,-0.05,0.43
177.93,1.57,-0.05,0.43
177.94,1.57,-0.05,0.43
177.95,1.57,-0.05,0.43
177.96,1.57,-0.05,0.43
177.97,1.57,-0.05,0.43
177.98,1.57,-0.05,0.43
177.99,1.57,-0.05,0.43
178.0,1.57,-0.05,0.43
178.01,1.57,-0.05,0.43
178.02,1.57,-0.05,0.43
178.03,1.57,-0.05,0.43
178.04,1.57,-0.05,0.43
178.05,1.57,-0.05,0.43
178.06,1.57,-0.05,0.43
178.07,1.56,-0.05,0.43
178.08,1.56,-0.05,0.43
178.09,1.56,-0.05,0.43
178.1,1.56,-0.05,0.43
178.11,1.56,-0.05,0.43
178.12,1.56,-0.05,0.43
178.13,1.56,-0.05,0.43
178.14,1.56,-0.05,0.43
178.15,1.56,-0.05,0.43
178.16,1.56,-0.05,0.43
178.17,1.56,-0.05,0.43
178.18,1.56,-0.05,0.43
178.19,1.56,-0.05,0.43
178.2,1.56,-0.05,0.43
178.21,1.56,-0.05,0.43
178.22,1.56,-0.05,0.43
178.23,1.56,-0.05,0.43
178.24,1.56,-0.05,0.43
178.25,1.56,-0.05,0.43
178.26,1.56,-0.05,0.43
178.27,1.56,-0.05,0.43
178.28,1.55,-0.05,0.43
178.29,1.55,-0.05,0.43
178.3,1.55,-0.05,0.43
178.31,1.55,-0.04,0.43
178.32,1.55,-0.04,0.43
178.33,1.55,-0.04,0.43
178.34,1.55,-0.04,0.43
178.35,1.55,-0.04,0.43
178.36,1.55,-0.04,0.43
178.37,1.55,-0.04,0.43
178.38,1.55,-0.04,0.43
178.39,1.55,-0.04,0.43
178.4,1.55,-0.04,0.43
178.41,1.55,-0.04,0.43
178.42,1.55,-0.04,0.43
178.43,1.55,-0.04,0.43
178.44,1.55,-0.04,0.43
178.45,1.55,-0.04,0.43
178.46,1.55,-0.04,0.43
178.47,1.55,-0.04,0.43
178.48,1.55,-0.04,0.43
178.49,1.55,-0.04,0.43
178.5,1.55,-0.04,0.42
178.51,1.54,-0.04,0.42
178.52,1.54,-0.04,0.42
178.53,1.54,-0.04,0.42
178.54,1.54,-0.04,0.42
178.55,1.54,-0.04,0.42
178.56,1.54,-0.04,0.42
178.57,1.54,-0.04,0.42
178.58,1.54,-0.04,0.42
178.59,1.54,-0.04,0.42
178.6,1.54,-0.04,0.42
178.61,1.54,-0.04,0.42
178.62,1.54,-0.04,0.42
178.63,1.54,-0.04,0.42
178.64,1.54,-0.04,0.42
178.65,1.54,-0.04,0.42
178.66,1.54,-0.04,0.42
178.67,1.54,-0.04,0.42
178.68,1.54,-0.04,0.42
178.69,1.54,-0.04,0.42
178.7,1.54,-0.04,0.42
178.71,1.54,-0.04,0.42
178.72,1.54,-0.04,0.42
178.73,1.54,-0.04,0.42
178.74,1.54,-0.04,0.42
178.75,1.54,-0.04,0.42
178.76,1.53,-0.04,0.42
178.77,1.53,-0.04,0.42
178.78,1.53,-0.04,0.42
178.79,1.53,-0.04,0.42
178.8,1.53,-0.04,0.42
178.81,1.53,-0.04,0.42
178.82,1.53,-0.04,0.42
178.83,1.53,-0.04,0.42
178.84,1.53,-0.04,0.42
178.85,1.53,-0.04,0.42
178.86,1.53,-0.03,0.42
178.87,1.53,-0.03,0.42
178.88,1.53,-0.03,0.42
178.89,1.53,-0.03,0.42
178.9,1.53,-0.03,0.42
178.91,1.53,-0.03,0.42
178.92,1.53,-0.03,0.42
178.93,1.53,-0.03,0.42
178.94,1.53,-0.03,0.42
178.95,1.53,-0.03,0.42
178.96,1.53,-0.03,0.42
178.97,1.53,-0.03,0.42
178.98,1.53,-0.03,0.42
178.99,1.53,-0.03,0.42
179.0,1.53,-0.03,0.42
179.01,1.53,-0.03,0.42
179.02,1.53,-0.03,0.42
179.03,1.53,-0.03,0.42
179.04,1.53,-0.03,0.42
179.05,1.53,-0.03,0.42
179.06,1.52,-0.03,0.42
179.07,1.52,-0.03,0.42
179.08,1.52,-0.03,0.42
179.09,1.52,-0.03,0.42
179.1,1.52,-0.03,0.42
179.11,1.52,-0.03,0.42
179.12,1.52,-0.03,0.42
179.13,1.52,-0.03,0.42
179.14,1.52,-0.03,0.42
179.15,1.52,-0.03,0.42
179.16,1.52,-0.03,0.42
179.17,1.52,-0.03,0.42
179.18,1.52,-0.03,0.42
179.19,1.52,-0.03,0.42
179.2,1.52,-0.03,0.42
179.21,1.52,-0.03,0.42
179.22,1.52,-0.03,0.42
179.23,1.52,-0.03,0.42
179.24,1.52,-0.03,0.42
179.25,1.52,-0.03,0.42
179.26,1.52,-0.03,0.42
179.27,1.52,-0.03,0.42
179.28,1.52,-0.03,0.42
179.29,1.52,-0.03,0.42
179.3,1.52,-0.03,0.42
179.31,1.52,-0.03,0.42
179.32,1.52,-0.03,0.42
179.33,1.52,-0.03,0.42
179.34,1.52,-0.03,0.41
179.35,1.52,-0.03,0.41
179.36,1.52,-0.03,0.41
179.37,1.52,-0.03,0.41
179.38,1.52,-0.02,0.41
179.39,1.52,-0.02,0.41
179.4,1.52,-0.02,0.41
179.41,1.52,-0.02,0.41
179.42,1.51,-0.02,0.41
179.43,1.51,-0.02,0.41
179.44,1.51,-0.02,0.41
179.45,1.51,-0.02,0.41
179.46,1.51,-0.02,0.41
179.47,1.51,-0.02,0.41
179.48,1.51,-0.02,0.41
179.49,1.51,-0.02,0.41
179.5,1.51,-0.02,0.41
179.51,1.51,-0.02,0.41
179.52,1.51,-0.02,0.41
179.53,1.51,-0.02,0.41
179.54,1.51,-0.02,0.41
179.55,1.51,-0.02,0.41
179.56,1.51,-0.02,0.41
179.57,1.51,-0.02,0.41
179.58,1.51,-0.02,0.41
179.59,1.51,-0.02,0.41
179.6,1.51,-0.02,0.41
179.61,1.51,-0.02,0.41
179.62,1.51,-0.02,0.41
179.63,1.51,-0.02,0.41
179.64,1.51,-0.02,0.41
179.65,1.51,-0.02,0.41
179.66,1.51,-0.02,0.41
179.67,1.51,-0.02,0.41
179.68,1.51,-0.02,0.41
179.69,1.51,-0.02,0.41
179.7,1.51,-0.02,0.41
179.71,1.51,-0.02,0.41
179.72,1.51,-0.02,0.41
179.73,1.51,-0.02,0.41
179.74,1.51,-0.02,0.41
179.75,1.51,-0.02,0.41
179.76,1.51,-0.02,0.41
179.77,1.51,-0.02,0.41
179.78,1.51,-0.02,0.41
179.79,1.51,-0.02,0.41
179.8,1.51,-0.02,0.41
179.81,1.51,-0.02,0.41
179.82,1.51,-0.02,0.41
179.83,1.51,-0.02,0.41
179.84,1.51,-0.02,0.41
179.85,1.51,-0.02,0.41
179.86,1.51,-0.02,0.41
179.87,1.51,-0.02,0.41
179.88,1.51,-0.02,0.41
179.89,1.51,-0.01,0.41
179.9,1.51,-0.01,0.41
179.91,1.51,-0.01,0.41
179.92,1.51,-0.01,0.41
179.93,1.51,-0.01,0.41
179.94,1.5,-0.01,0.41
179.95,1.5,-0.01,0.41
179.96,1.5,-0.01,0.41
179.97,1.5,-0.01,0.41
179.98,1.5,-0.01,0.41
179.99,1.5,-0.01,0.41
180.0,1.5,-0.01,0.41
180.01,1.5,-0.01,0.41
180.02,1.5,-0.01,0.41
180.03,1.5,-0.01,0.41
180.04,1.5,-0.01,0.41
180.05,1.5,-0.01,0.41
180.06,1.5,-0.01,0.41
180.07,1.5,-0.01,0.41
180.08,1.5,-0.01,0.41
180.09,1.5,-0.01,0.41
180.1,1.5,-0.01,0.41
180.11,1.5,-0.01,0.41
180.12,1.5,-0.01,0.4
180.13,1.5,-0.01,0.4
180.14,1.5,-0.01,0.4
180.15,1.5,-0.01,0.4
180.16,1.5,-0.01,0.4
180.17,1.5,-0.01,0.4
180.18,1.5,-0.01,0.4
180.19,1.5,-0.01,0.4
180.2,1.5,-0.01,0.4
180.21,1.5,-0.01,0.4
180.22,1.5,-0.01,0.4
180.23,1.5,-0.01,0.4
180.24,1.5,-0.01,0.4
180.25,1.5,-0.01,0.4
180.26,1.5,-0.01,0.4
180.27,1.5,-0.01,0.4
180.28,1.5,-0.01,0.4
180.29,1.5,-0.01,0.4
180.3,1.5,-0.01,0.4
180.31,1.5,-0.01,0.4
180.32,1.5,-0.01,0.4
180.33,1.5,-0.01,0.4
180.34,1.5,-0.01,0.4
180.35,1.5,-0.01,0.4
180.36,1.5,-0.01,0.4
180.37,1.5,-0.01,0.4
180.38,1.5,-0.01,0.4
180.39,1.5,-0.01,0.4
180.4,1.5,-0.0,0.4
180.41,1.5,-0.0,0.4
180.42,1.5,-0.0,0.4
180.43,1.5,-0.0,0.4
180.44,1.5,-0.0,0.4
180.45,1.5,-0.0,0.4
180.46,1.5,-0.0,0.4
180.47,1.5,-0.0,0.4
180.48,1.5,-0.0,0.4
180.49,1.5,-0.0,0.4
180.5,1.5,-0.0,0.4
180.51,1.5,-0.0,0.4
180.52,1.5,-0.0,0.4
180.53,1.5,-0.0,0.4
180.54,1.5,-0.0,0.4
180.55,1.5,-0.0,0.4
180.56,1.5,-0.0,0.4
180.57,1.5,-0.0,0.4
180.58,1.5,-0.0,0.4
180.59,1.5,-0.0,0.4
180.6,1.5,-0.0,0.4
180.61,1.5,-0.0,0.4
180.62,1.5,-0.0,0.4
180.63,1.5,-0.0,0.4
180.64,1.5,-0.0,0.4
180.65,1.5,0.0,0.4
180.66,1.5,0.0,0.4
180.67,1.5,0.0,0.4
180.68,1.5,0.0,0.4
180.69,1.5,0.0,0.4
180.7,1.5,0.0,0.4
180.71,1.5,0.0,0.4
180.72,1.5,0.0,0.4
180.73,1.5,0.0,0.4
180.74,1.5,0.0,0.4
180.75,1.5,0.0,0.4
180.76,1.5,0.0,0.4
180.77,1.5,0.0,0.4
180.78,1.5,0.0,0.4
180.79,1.5,0.0,0.4
180.8,1.5,0.0,0.4
180.81,1.5,0.0,0.4
180.82,1.5,0.0,0.4
180.83,1.5,0.0,0.4
180.84,1.5,0.0,0.4
180.85,1.5,0.0,0.4
180.86,1.5,0.0,0.4
180.87,1.5,0.0,0.39
180.88,1.5,0.0,0.39
180.89,1.5,0.0,0.39
180.9,1.5,0.01,0.39
180.91,1.5,0.01,0.39
180.92,1.5,0.01,0.39
180.93,1.5,0.01,0.39
180.94,1.5,0.01,0.39
180.95,1.5,0.01,0.39
180.96,1.5,0.01,0.39
180.97,1.5,0.01,0.39
180.98,1.5,0.01,0.39
180.99,1.5,0.01,0.39
181.0,1.5,0.01,0.39
181.01,1.5,0.01,0.39
181.02,1.5,0.01,0.39
181.03,1.5,0.01,0.39
181.04,1.5,0.01,0.39
181.05,1.5,0.01,0.39
181.06,1.5,0.01,0.39
181.07,1.5,0.01,0.39
181.08,1.5,0.01,0.39
181.09,1.5,0.01,0.39
181.1,1.5,0.01,0.39
181.11,1.5,0.01,0.39
181.12,1.5,0.01,0.39
181.13,1.5,0.01,0.39
181.14,1.5,0.01,0.39
181.15,1.5,0.01,0.39
181.16,1.5,0.01,0.39
181.17,1.5,0.01,0.39
181.18,1.5,0.01,0.39
181.19,1.5,0.01,0.39
181.2,1.5,0.01,0.39
181.21,1.5,0.01,0.39
181.22,1.5,0.01,0.39
181.23,1.5,0.01,0.39
181.24,1.5,0.01,0.39
181.25,1.5,0.01,0.39
181.26,1.5,0.01,0.39
181.27,1.5,0.01,0.39
181.28,1.5,0.01,0.39
181.29,1.5,0.01,0.39
181.3,1.5,0.01,0.39
181.31,1.5,0.01,0.39
181.32,1.5,0.01,0.39
181.33,1.5,0.01,0.39
181.34,1.5,0.01,0.39
181.35,1.51,0.01,0.39
181.36,1.51,0.01,0.39
181.37,1.51,0.01,0.39
181.38,1.51,0.01,0.39
181.39,1.51,0.01,0.39
181.4,1.51,0.02,0.39
181.41,1.51,0.02,0.39
181.42,1.51,0.02,0.39
181.43,1.51,0.02,0.39
181.44,1.51,0.02,0.39
181.45,1.51,0.02,0.39
181.46,1.51,0.02,0.39
181.47,1.51,0.02,0.39
181.48,1.51,0.02,0.39
181.49,1.51,0.02,0.39
181.5,1.51,0.02,0.39
181.51,1.51,0.02,0.39
181.52,1.51,0.02,0.39
181.53,1.51,0.02,0.39
181.54,1.51,0.02,0.39
181.55,1.51,0.02,0.39
181.56,1.51,0.02,0.39
181.57,1.51,0.02,0.39
181.58,1.51,0.02,0.39
181.59,1.51,0.02,0.39
181.6,1.51,0.02,0.39
181.61,1.51,0.02,0.39
181.62,1.51,0.02,0.39
181.63,1.51,0.02,0.39
181.64,1.51,0.02,0.38
181.65,1.51,0.02,0.38
181.66,1.51,0.02,0.38
181.67,1.51,0.02,0.38
181.68,1.51,0.02,0.38
181.69,1.51,0.02,0.38
181.7,1.51,0.02,0.38
181.71,1.51,0.02,0.38
181.72,1.51,0.02,0.38
181.73,1.51,0.02,0.38
181.74,1.51,0.02,0.38
181.75,1.51,0.02,0.38
181.76,1.51,0.02,0.38
181.77,1.51,0.02,0.38
181.78,1.51,0.02,0.38
181.79,1.51,0.02,0.38
181.8,1.51,0.02,0.38
181.81,1.51,0.02,0.38
181.82,1.51,0.02,0.38
181.83,1.51,0.02,0.38
181.84,1.51,0.02,0.38
181.85,1.51,0.02,0.38
181.86,1.51,0.02,0.38
181.87,1.52,0.02,0.38
181.88,1.52,0.02,0.38
181.89,1.52,0.02,0.38
181.9,1.52,0.02,0.38
181.91,1.52,0.03,0.38
181.92,1.52,0.03,0.38
181.93,1.52,0.03,0.38
181.94,1.52,0.03,0.38
181.95,1.52,0.03,0.38
181.96,1.52,0.03,0.38
181.97,1.52,0.03,0.38
181.98,1.52,0.03,0.38
181.99,1.52,0.03,0.38
182.0,1.52,0.03,0.38
182.01,1.52,0.03,0.38
182.02,1.52,0.03,0.38
182.03,1.52,0.03,0.38
182.04,1.52,0.03,0.38
182.05,1.52,0.03,0.38
182.06,1.52,0.03,0.38
182.07,1.52,0.03,0.38
182.08,1.52,0.03,0.38
182.09,1.52,0.03,0.38
182.1,1.52,0.03,0.38
182.11,1.52,0.03,0.38
182.12,1.52,0.03,0.38
182.13,1.52,0.03,0.38
182.14,1.52,0.03,0.38
182.15,1.52,0.03,0.38
182.16,1.52,0.03,0.38
182.17,1.52,0.03,0.38
182.18,1.52,0.03,0.38
182.19,1.52,0.03,0.38
182.2,1.52,0.03,0.38
182.21,1.52,0.03,0.38
182.22,1.52,0.03,0.38
182.23,1.53,0.03,0.38
182.24,1.53,0.03,0.38
182.25,1.53,0.03,0.38
182.26,1.53,0.03,0.38
182.27,1.53,0.03,0.38
182.28,1.53,0.03,0.38
182.29,1.53,0.03,0.38
182.3,1.53,0.03,0.38
182.31,1.53,0.03,0.38
182.32,1.53,0.03,0.38
182.33,1.53,0.03,0.38
182.34,1.53,0.03,0.38
182.35,1.53,0.03,0.38
182.36,1.53,0.03,0.38
182.37,1.53,0.03,0.38
182.38,1.53,0.03,0.38
182.39,1.53,0.03,0.38
182.4,1.53,0.03,0.38
182.41,1.53,0.03,0.38
182.42,1.53,0.03,0.38
182.43,1.53,0.04,0.38
182.44,1.53,0.04,0.38
182.45,1.53,0.04,0.37
182.46,1.53,0.04,0.37
182.47,1.53,0.04,0.37
182.48,1.53,0.04,0.37
182.49,1.53,0.04,0.37
182.5,1.53,0.04,0.37
182.51,1.53,0.04,0.37
182.52,1.53,0.04,0.37
182.53,1.54,0.04,0.37
182.54,1.54,0.04,0.37
182.55,1.54,0.04,0.37
182.56,1.54,0.04,0.37
182.57,1.54,0.04,0.37
182.58,1.54,0.04,0.37
182.59,1.54,0.04,0.37
182.6,1.54,0.04,0.37
182.61,1.54,0.04,0.37
182.62,1.54,0.04,0.37
182.63,1.54,0.04,0.37
182.64,1.54,0.04,0.37
182.65,1.54,0.04,0.37
182.66,1.54,0.04,0.37
182.67,1.54,0.04,0.37
182.68,1.54,0.04,0.37
182.69,1.54,0.04,0.37
182.7,1.54,0.04,0.37
182.71,1.54,0.04,0.37
182.72,1.54,0.04,0.37
182.73,1.54,0.04,0.37
182.74,1.54,0.04,0.37
182.75,1.54,0.04,0.37
182.76,1.54,0.04,0.37
182.77,1.54,0.04,0.37
182.78,1.55,0.04,0.37
182.79,1.55,0.04,0.37
182.8,1.55,0.04,0.37
182.81,1.55,0.04,0.37
182.82,1.55,0.04,0.37
182.83,1.55,0.04,0.37
182.84,1.55,0.04,0.37
182.85,1.55,0.04,0.37
182.86,1.55,0.04,0.37
182.87,1.55,0.04,0.37
182.88,1.55,0.04,0.37
182.89,1.55,0.04,0.37
182.9,1.55,0.04,0.37
182.91,1.55,0.04,0.37
182.92,1.55,0.04,0.37
182.93,1.55,0.04,0.37
182.94,1.55,0.04,0.37
182.95,1.55,0.04,0.37
182.96,1.55,0.04,0.37
182.97,1.55,0.04,0.37
182.98,1.55,0.05,0.37
182.99,1.55,0.05,0.37
183.0,1.55,0.05,0.37
183.01,1.56,0.05,0.37
183.02,1.56,0.05,0.37
183.03,1.56,0.05,0.37
183.04,1.56,0.05,0.37
183.05,1.56,0.05,0.37
183.06,1.56,0.05,0.37
183.07,1.56,0.05,0.37
183.08,1.56,0.05,0.37
183.09,1.56,0.05,0.37
183.1,1.56,0.05,0.37
183.11,1.56,0.05,0.37
183.12,1.56,0.05,0.37
183.13,1.56,0.05,0.37
183.14,1.56,0.05,0.37
183.15,1.56,0.05,0.37
183.16,1.56,0.05,0.37
183.17,1.56,0.05,0.37
183.18,1.56,0.05,0.37
183.19,1.56,0.05,0.37
183.2,1.56,0.05,0.37
183.21,1.56,0.05,0.37
183.22,1.57,0.05,0.37
183.23,1.57,0.05,0.37
183.24,1.57,0.05,0.37
183.25,1.57,0.05,0.37
183.26,1.57,0.05,0.37
183.27,1.57,0.05,0.37
183.28,1.57,0.05,0.37
183.29,1.57,0.05,0.37
183.3,1.57,0.05,0.37
183.31,1.57,0.05,0.37
183.32,1.57,0.05,0.37
183.33,1.57,0.05,0.37
183.34,1.57,0.05,0.37
183.35,1.57,0.05,0.37
183.36,1.57,0.05,0.37
183.37,1.57,0.05,0.37
183.38,1.57,0.05,0.36
183.39,1.57,0.05,0.36
183.4,1.57,0.05,0.36
183.41,1.57,0.05,0.36
183.42,1.58,0.05,0.36
183.43,1.58,0.05,0.36
183.44,1.58,0.05,0.36
183.45,1.58,0.05,0.36
183.46,1.58,0.05,0.36
183.47,1.58,0.05,0.36
183.48,1.58,0.05,0.36
183.49,1.58,0.05,0.36
183.5,1.58,0.05,0.36
183.51,1.58,0.05,0.36
183.52,1.58,0.05,0.36
183.53,1.58,0.05,0.36
183.54,1.58,0.05,0.36
183.55,1.58,0.05,0.36
183.56,1.58,0.06,0.36
183.57,1.58,0.06,0.36
183.58,1.58,0.06,0.36
183.59,1.58,0.06,0.36
183.6,1.58,0.06,0.36
183.61,1.59,0.06,0.36
183.62,1.59,0.06,0.36
183.63,1.59,0.06,0.36
183.64,1.59,0.06,0.36
183.65,1.59,0.06,0.36
183.66,1.59,0.06,0.36
183.67,1.59,0.06,0.36
183.68,1.59,0.06,0.36
183.69,1.59,0.06,0.36
183.7,1.59,0.06,0.36
183.71,1.59,0.06,0.36
183.72,1.59,0.06,0.36
183.73,1.59,0.06,0.36
183.74,1.59,0.06,0.36
183.75,1.59,0.06,0.36
183.76,1.59,0.06,0.36
183.77,1.59,0.06,0.36
183.78,1.6,0.06,0.36
183.79,1.6,0.06,0.36
183.8,1.6,0.06,0.36
183.81,1.6,0.06,0.36
183.82,1.6,0.06,0.36
183.83,1.6,0.06,0.36
183.84,1.6,0.06,0.36
183.85,1.6,0.06,0.36
183.86,1.6,0.06,0.36
183.87,1.6,0.06,0.36
183.88,1.6,0.06,0.36
183.89,1.6,0.06,0.36
183.9,1.6,0.06,0.36
183.91,1.6,0.06,0.36
183.92,1.6,0.06,0.36
183.93,1.6,0.06,0.36
183.94,1.6,0.06,0.36
183.95,1.61,0.06,0.36
183.96,1.61,0.06,0.36
183.97,1.61,0.06,0.36
183.98,1.61,0.06,0.36
183.99,1.61,0.06,0.36
184.0,1.61,0.06,0.36
184.01,1.61,0.06,0.36
184.02,1.61,0.06,0.36
184.03,1.61,0.06,0.36
184.04,1.61,0.06,0.36
184.05,1.61,0.06,0.36
184.06,1.61,0.06,0.36
184.07,1.61,0.06,0.36
184.08,1.61,0.06,0.36
184.09,1.61,0.06,0.36
184.1,1.61,0.06,0.36
184.11,1.62,0.06,0.36
184.12,1.62,0.06,0.36
184.13,1.62,0.06,0.36
184.14,1.62,0.06,0.36
184.15,1.62,0.06,0.36
184.16,1.62,0.06,0.36
184.17,1.62,0.06,0.36
184.18,1.62,0.07,0.36
184.19,1.62,0.07,0.36
184.2,1.62,0.07,0.36
184.21,1.62,0.07,0.36
184.22,1.62,0.07,0.36
184.23,1.62,0.07,0.36
184.24,1.62,0.07,0.36
184.25,1.62,0.07,0.36
184.26,1.63,0.07,0.36
184.27,1.63,0.07,0.36
184.28,1.63,0.07,0.36
184.29,1.63,0.07,0.36
184.3,1.63,0.07,0.36
184.31,1.63,0.07,0.36
184.32,1.63,0.07,0.36
184.33,1.63,0.07,0.36
184.34,1.63,0.07,0.36
184.35,1.63,0.07,0.36
184.36,1.63,0.07,0.36
184.37,1.63,0.07,0.36
184.38,1.63,0.07,0.36
184.39,1.63,0.07,0.36
184.4,1.63,0.07,0.36
184.41,1.64,0.07,0.36
184.42,1.64,0.07,0.36
184.43,1.64,0.07,0.36
184.44,1.64,0.07,0.36
184.45,1.64,0.07,0.36
184.46,1.64,0.07,0.36
184.47,1.64,0.07,0.36
184.48,1.64,0.07,0.36
184.49,1.64,0.07,0.36
184.5,1.64,0.07,0.36
184.51,1.64,0.07,0.36
184.52,1.64,0.07,0.36
184.53,1.64,0.07,0.36
184.54,1.64,0.07,0.36
184.55,1.65,0.07,0.36
184.56,1.65,0.07,0.36
184.57,1.65,0.07,0.36
184.58,1.65,0.07,0.35
184.59,1.65,0.07,0.35
184.6,1.65,0.07,0.35
184.61,1.65,0.07,0.35
184.62,1.65,0.07,0.35
184.63,1.65,0.07,0.35
184.64,1.65,0.07,0.35
184.65,1.65,0.07,0.35
184.66,1.65,0.07,0.35
184.67,1.65,0.07,0.35
184.68,1.65,0.07,0.35
184.69,1.66,0.07,0.35
184.7,1.66,0.07,0.35
184.71,1.66,0.07,0.35
184.72,1.66,0.07,0.35
184.73,1.66,0.07,0.35
184.74,1.66,0.07,0.35
184.75,1.66,0.07,0.35
184.76,1.66,0.07,0.35
184.77,1.66,0.07,0.35
184.78,1.66,0.07,0.35
184.79,1.66,0.07,0.35
184.8,1.66,0.07,0.35
184.81,1.66,0.07,0.35
184.82,1.66,0.07,0.35
184.83,1.67,0.07,0.35
184.84,1.67,0.07,0.35
184.85,1.67,0.07,0.35
184.86,1.67,0.07,0.35
184.87,1.67,0.07,0.35
184.88,1.67,0.07,0.35
184.89,1.67,0.08,0.35
184.9,1.67,0.08,0.35
184.91,1.67,0.08,0.35
184.92,1.67,0.08,0.35
184.93,1.67,0.08,0.35
184.94,1.67,0.08,0.35
184.95,1.67,0.08,0.35
184.96,1.68,0.08,0.35
184.97,1.68,0.08,0.35
184.98,1.68,0.08,0.35
184.99,1.68,0.08,0.35
185.0,1.68,0.08,0.35
185.01,1.68,0.08,0.35
185.02,1.68,0.08,0.35
185.03,1.68,0.08,0.35
185.04,1.68,0.08,0.35
185.05,1.68,0.08,0.35
185.06,1.68,0.08,0.35
185.07,1.68,0.08,0.35
185.08,1.68,0.08,0.35
185.09,1.69,0.08,0.35
185.1,1.69,0.08,0.35
185.11,1.69,0.08,0.35
185.12,1.69,0.08,0.35
185.13,1.69,0.08,0.35
185.14,1.69,0.08,0.35
185.15,1.69,0.08,0.35
185.16,1.69,0.08,0.35
185.17,1.69,0.08,0.35
185.18,1.69,0.08,0.35
185.19,1.69,0.08,0.35
185.2,1.69,0.08,0.35
185.21,1.69,0.08,0.35
185.22,1.7,0.08,0.35
185.23,1.7,0.08,0.35
185.24,1.7,0.08,0.35
185.25,1.7,0.08,0.35
185.26,1.7,0.08,0.35
185.27,1.7,0.08,0.35
185.28,1.7,0.08,0.35
185.29,1.7,0.08,0.35
185.3,1.7,0.08,0.35
185.31,1.7,0.08,0.35
185.32,1.7,0.08,0.35
185.33,1.7,0.08,0.35
185.34,1.7,0.08,0.35
185.35,1.71,0.08,0.35
185.36,1.71,0.08,0.35
185.37,1.71,0.08,0.35
185.38,1.71,0.08,0.35
185.39,1.71,0.08,0.35
185.4,1.71,0.08,0.35
185.41,1.71,0.08,0.35
185.42,1.71,0.08,0.35
185.43,1.71,0.08,0.35
185.44,1.71,0.08,0.35
185.45,1.71,0.08,0.35
185.46,1.71,0.08,0.35
185.47,1.72,0.08,0.35
185.48,1.72,0.08,0.35
185.49,1.72,0.08,0.35
185.5,1.72,0.08,0.35
185.51,1.72,0.08,0.35
185.52,1.72,0.08,0.35
185.53,1.72,0.08,0.35
185.54,1.72,0.08,0.35
185.55,1.72,0.08,0.35
185.56,1.72,0.08,0.35
185.57,1.72,0.08,0.35
185.58,1.72,0.08,0.35
185.59,1.73,0.08,0.35
185.6,1.73,0.08,0.35
185.61,1.73,0.08,0.35
185.62,1.73,0.08,0.35
185.63,1.73,0.08,0.35
185.64,1.73,0.08,0.35
185.65,1.73,0.08,0.35
185.66,1.73,0.08,0.35
185.67,1.73,0.08,0.35
185.68,1.73,0.08,0.35
185.69,1.73,0.08,0.35
185.7,1.73,0.08,0.35
185.71,1.74,0.08,0.35
185.72,1.74,0.08,0.35
185.73,1.74,0.09,0.35
185.74,1.74,0.09,0.35
185.75,1.74,0.09,0.35
185.76,1.74,0.09,0.35
185.77,1.74,0.09,0.35
185.78,1.74,0.09,0.35
185.79,1.74,0.09,0.35
185.8,1.74,0.09,0.35
185.81,1.74,0.09,0.35
185.82,1.75,0.09,0.35
185.83,1.75,0.09,0.35
185.84,1.75,0.09,0.35
185.85,1.75,0.09,0.35
185.86,1.75,0.09,0.35
185.87,1.75,0.09,0.35
185.88,1.75,0.09,0.35
185.89,1.75,0.09,0.35
185.9,1.75,0.09,0.35
185.91,1.75,0.09,0.35
185.92,1.75,0.09,0.35
185.93,1.75,0.09,0.35
185.94,1.76,0.09,0.35
185.95,1.76,0.09,0.35
185.96,1.76,0.09,0.35
185.97,1.76,0.09,0.35
185.98,1.76,0.09,0.35
185.99,1.76,0.09,0.35
186.0,1.76,0.09,0.35
186.01,1.76,0.09,0.35
186.02,1.76,0.09,0.35
186.03,1.76,0.09,0.35
186.04,1.76,0.09,0.35
186.05,1.77,0.09,0.35
186.06,1.77,0.09,0.35
186.07,1.77,0.09,0.35
186.08,1.77,0.09,0.35
186.09,1.77,0.09,0.35
186.1,1.77,0.09,0.35
186.11,1.77,0.09,0.35
186.12,1.77,0.09,0.35
186.13,1.77,0.09,0.35
186.14,1.77,0.09,0.35
186.15,1.77,0.09,0.35
186.16,1.77,0.09,0.35
186.17,1.78,0.09,0.35
186.18,1.78,0.09,0.35
186.19,1.78,0.09,0.35
186.2,1.78,0.09,0.35
186.21,1.78,0.09,0.35
186.22,1.78,0.09,0.35
186.23,1.78,0.09,0.35
186.24,1.78,0.09,0.35
186.25,1.78,0.09,0.35
186.26,1.78,0.09,0.35
186.27,1.78,0.09,0.35
186.28,1.79,0.09,0.35
186.29,1.79,0.09,0.35
186.3,1.79,0.09,0.35
186.31,1.79,0.09,0.35
186.32,1.79,0.09,0.35
186.33,1.79,0.09,0.35
186.34,1.79,0.09,0.35
186.35,1.79,0.09,0.35
186.36,1.79,0.09,0.35
186.37,1.79,0.09,0.35
186.38,1.79,0.09,0.35
186.39,1.8,0.09,0.35
186.4,1.8,0.09,0.35
186.41,1.8,0.09,0.35
186.42,1.8,0.09,0.35
186.43,1.8,0.09,0.35
186.44,1.8,0.09,0.35
186.45,1.8,0.09,0.35
186.46,1.8,0.09,0.35
186.47,1.8,0.09,0.35
186.48,1.8,0.09,0.35
186.49,1.8,0.09,0.35
186.5,1.81,0.09,0.35
186.51,1.81,0.09,0.35
186.52,1.81,0.09,0.35
186.53,1.81,0.09,0.35
186.54,1.81,0.09,0.35
186.55,1.81,0.09,0.35
186.56,1.81,0.09,0.35
186.57,1.81,0.09,0.35
186.58,1.81,0.09,0.35
186.59,1.81,0.09,0.35
186.6,1.81,0.09,0.35
186.61,1.82,0.09,0.35
186.62,1.82,0.09,0.35
186.63,1.82,0.09,0.35
186.64,1.82,0.09,0.35
186.65,1.82,0.09,0.35
186.66,1.82,0.09,0.35
186.67,1.82,0.09,0.35
186.68,1.82,0.09,0.35
186.69,1.82,0.09,0.35
186.7,1.82,0.09,0.35
186.71,1.83,0.09,0.35
186.72,1.83,0.09,0.35
186.73,1.83,0.09,0.35
186.74,1.83,0.09,0.35
186.75,1.83,0.09,0.35
186.76,1.83,0.09,0.35
186.77,1.83,0.09,0.35
186.78,1.83,0.09,0.35
186.79,1.83,0.09,0.35
186.8,1.83,0.09,0.35
186.81,1.83,0.09,0.35
186.82,1.84,0.09,0.35
186.83,1.84,0.09,0.35
186.84,1.84,0.09,0.35
186.85,1.84,0.09,0.35
186.86,1.84,0.09,0.35
186.87,1.84,0.09,0.35
186.88,1.84,0.09,0.35
186.89,1.84,0.09,0.35
186.9,1.84,0.09,0.35
186.91,1.84,0.1,0.35
186.92,1.85,0.1,0.35
186.93,1.85,0.1,0.35
186.94,1.85,0.1,0.35
186.95,1.85,0.1,0.35
186.96,1.85,0.1,0.35
186.97,1.85,0.1,0.35
186.98,1.85,0.1,0.35
186.99,1.85,0.1,0.35
187.0,1.85,0.1,0.35
187.01,1.85,0.1,0.35
187.02,1.85,0.1,0.35
187.03,1.86,0.1,0.35
187.04,1.86,0.1,0.35
187.05,1.86,0.1,0.35
187.06,1.86,0.1,0.35
187.07,1.86,0.1,0.35
187.08,1.86,0.1,0.35
187.09,1.86,0.1,0.35
187.1,1.86,0.1,0.35
187.11,1.86,0.1,0.35
187.12,1.86,0.1,0.35
187.13,1.87,0.1,0.35
187.14,1.87,0.1,0.35
187.15,1.87,0.1,0.35
187.16,1.87,0.1,0.35
187.17,1.87,0.1,0.35
187.18,1.87,0.1,0.35
187.19,1.87,0.1,0.35
187.2,1.87,0.1,0.35
187.21,1.87,0.1,0.35
187.22,1.87,0.1,0.35
187.23,1.87,0.1,0.35
187.24,1.88,0.1,0.35
187.25,1.88,0.1,0.35
187.26,1.88,0.1,0.35
187.27,1.88,0.1,0.35
187.28,1.88,0.1,0.35
187.29,1.88,0.1,0.35
187.3,1.88,0.1,0.35
187.31,1.88,0.1,0.35
187.32,1.88,0.1,0.35
187.33,1.88,0.1,0.35
187.34,1.89,0.1,0.35
187.35,1.89,0.1,0.35
187.36,1.89,0.1,0.35
187.37,1.89,0.1,0.35
187.38,1.89,0.1,0.35
187.39,1.89,0.1,0.35
187.4,1.89,0.1,0.35
187.41,1.89,0.1,0.35
187.42,1.89,0.1,0.35
187.43,1.89,0.1,0.35
187.44,1.9,0.1,0.35
187.45,1.9,0.1,0.35
187.46,1.9,0.1,0.35
187.47,1.9,0.1,0.35
187.48,1.9,0.1,0.35
187.49,1.9,0.1,0.35
187.5,1.9,0.1,0.35
187.51,1.9,0.1,0.35
187.52,1.9,0.1,0.35
187.53,1.9,0.1,0.35
187.54,1.91,0.1,0.35
187.55,1.91,0.1,0.35
187.56,1.91,0.1,0.35
187.57,1.91,0.1,0.35
187.58,1.91,0.1,0.35
187.59,1.91,0.1,0.35
187.6,1.91,0.1,0.35
187.61,1.91,0.1,0.35
187.62,1.91,0.1,0.35
187.63,1.91,0.1,0.35
187.64,1.91,0.1,0.35
187.65,1.92,0.1,0.35
187.66,1.92,0.1,0.35
187.67,1.92,0.1,0.35
187.68,1.92,0.1,0.35
187.69,1.92,0.1,0.35
187.7,1.92,0.1,0.35
187.71,1.92,0.1,0.35
187.72,1.92,0.1,0.35
187.73,1.92,0.1,0.35
187.74,1.92,0.1,0.35
187.75,1.93,0.1,0.35
187.76,1.93,0.1,0.35
187.77,1.93,0.1,0.35
187.78,1.93,0.1,0.35
187.79,1.93,0.1,0.35
187.8,1.93,0.1,0.35
187.81,1.93,0.1,0.35
187.82,1.93,0.1,0.35
187.83,1.93,0.1,0.35
187.84,1.93,0.1,0.35
187.85,1.94,0.1,0.35
187.86,1.94,0.1,0.35
187.87,1.94,0.1,0.35
187.88,1.94,0.1,0.35
187.89,1.94,0.1,0.35
187.9,1.94,0.1,0.35
187.91,1.94,0.1,0.35
187.92,1.94,0.1,0.35
187.93,1.94,0.1,0.35
187.94,1.94,0.1,0.35
187.95,1.95,0.1,0.35
187.96,1.95,0.1,0.35
187.97,1.95,0.1,0.35
187.98,1.95,0.1,0.35
187.99,1.95,0.1,0.35
188.0,1.95,0.1,0.35
188.01,1.95,0.1,0.35
188.02,1.95,0.1,0.35
188.03,1.95,0.1,0.35
188.04,1.95,0.1,0.35
188.05,1.96,0.1,0.35
188.06,1.96,0.1,0.35
188.07,1.96,0.1,0.35
188.08,1.96,0.1,0.35
188.09,1.96,0.1,0.35
188.1,1.96,0.1,0.35
188.11,1.96,0.1,0.35
188.12,1.96,0.1,0.35
188.13,1.96,0.1,0.35
188.14,1.96,0.1,0.35
188.15,1.97,0.1,0.35
188.16,1.97,0.1,0.35
188.17,1.97,0.1,0.35
188.18,1.97,0.1,0.35
188.19,1.97,0.1,0.35
188.2,1.97,0.1,0.35
188.21,1.97,0.1,0.35
188.22,1.97,0.1,0.35
188.23,1.97,0.1,0.35
188.24,1.97,0.1,0.35
188.25,1.98,0.1,0.35
188.26,1.98,0.1,0.35
188.27,1.98,0.1,0.35
188.28,1.98,0.1,0.35
188.29,1.98,0.1,0.35
188.3,1.98,0.1,0.35
188.31,1.98,0.1,0.35
188.32,1.98,0.1,0.35
188.33,1.98,0.1,0.35
188.34,1.98,0.1,0.35
188.35,1.99,0.1,0.35
188.36,1.99,0.1,0.35
188.37,1.99,0.1,0.35
188.38,1.99,0.1,0.35
188.39,1.99,0.1,0.35
188.4,1.99,0.1,0.35
188.41,1.99,0.1,0.35
188.42,1.99,0.1,0.35
188.43,1.99,0.1,0.35
188.44,1.99,0.1,0.35
188.45,2.0,0.1,0.35
188.46,2.0,0.1,0.35
188.47,2.0,0.1,0.35
188.48,2.0,0.1,0.35
188.49,2.0,0.1,0.35
188.5,2.0,0.1,0.35
188.51,2.0,0.1,0.35
188.52,2.0,0.1,0.35
188.53,2.0,0.1,0.35
188.54,2.0,0.1,0.35
188.55,2.01,0.1,0.35
188.56,2.01,0.1,0.35
188.57,2.01,0.1,0.35
188.58,2.01,0.1,0.35
188.59,2.01,0.1,0.35
188.6,2.01,0.1,0.35
188.61,2.01,0.1,0.35
188.62,2.01,0.1,0.35
188.63,2.01,0.1,0.35
188.64,2.01,0.1,0.35
188.65,2.02,0.1,0.35
188.66,2.02,0.1,0.35
188.67,2.02,0.1,0.35
188.68,2.02,0.1,0.35
188.69,2.02,0.1,0.35
188.7,2.02,0.1,0.35
188.71,2.02,0.1,0.35
188.72,2.02,0.1,0.35
188.73,2.02,0.1,0.35
188.74,2.02,0.1,0.35
188.75,2.03,0.1,0.35
188.76,2.03,0.1,0.35
188.77,2.03,0.1,0.35
188.78,2.03,0.1,0.35
188.79,2.03,0.1,0.35
188.8,2.03,0.1,0.35
188.81,2.03,0.1,0.35
188.82,2.03,0.1,0.35
188.83,2.03,0.1,0.35
188.84,2.03,0.1,0.35
188.85,2.04,0.1,0.35
188.86,2.04,0.1,0.35
188.87,2.04,0.1,0.35
188.88,2.04,0.1,0.35
188.89,2.04,0.1,0.35
188.9,2.04,0.1,0.35
188.91,2.04,0.1,0.35
188.92,2.04,0.1,0.35
188.93,2.04,0.1,0.35
188.94,2.04,0.1,0.35
188.95,2.05,0.1,0.35
188.96,2.05,0.1,0.35
188.97,2.05,0.1,0.35
188.98,2.05,0.1,0.35
188.99,2.05,0.1,0.35
189.0,2.05,0.1,0.35
189.01,2.05,0.1,0.35
189.02,2.05,0.1,0.35
189.03,2.05,0.1,0.35
189.04,2.05,0.1,0.35
189.05,2.06,0.1,0.35
189.06,2.06,0.1,0.35
189.07,2.06,0.1,0.35
189.08,2.06,0.1,0.35
189.09,2.06,0.1,0.35
189.1,2.06,0.1,0.35
189.11,2.06,0.1,0.35
189.12,2.06,0.1,0.35
189.13,2.06,0.1,0.35
189.14,2.06,0.1,0.35
189.15,2.07,0.1,0.35
189.16,2.07,0.1,0.35
189.17,2.07,0.1,0.35
189.18,2.07,0.1,0.35
189.19,2.07,0.1,0.35
189.2,2.07,0.1,0.35
189.21,2.07,0.1,0.35
189.22,2.07,0.1,0.35
189.23,2.07,0.1,0.35
189.24,2.07,0.1,0.35
189.25,2.08,0.1,0.35
189.26,2.08,0.1,0.35
189.27,2.08,0.1,0.35
189.28,2.08,0.1,0.35
189.29,2.08,0.1,0.35
189.3,2.08,0.1,0.35
189.31,2.08,0.1,0.35
189.32,2.08,0.1,0.35
189.33,2.08,0.1,0.35
189.34,2.08,0.1,0.35
189.35,2.09,0.1,0.35
189.36,2.09,0.1,0.35
189.37,2.09,0.1,0.35
189.38,2.09,0.1,0.35
189.39,2.09,0.1,0.35
189.4,2.09,0.1,0.35
189.41,2.09,0.1,0.35
189.42,2.09,0.1,0.35
189.43,2.09,0.1,0.35
189.44,2.09,0.1,0.35
189.45,2.09,0.1,0.35
189.46,2.1,0.1,0.35
189.47,2.1,0.1,0.35
189.48,2.1,0.1,0.35
189.49,2.1,0.1,0.35
189.5,2.1,0.1,0.35
189.51,2.1,0.1,0.35
189.52,2.1,0.1,0.35
189.53,2.1,0.1,0.35
189.54,2.1,0.1,0.35
189.55,2.1,0.1,0.35
189.56,2.11,0.1,0.35
189.57,2.11,0.1,0.35
189.58,2.11,0.1,0.35
189.59,2.11,0.1,0.35
189.6,2.11,0.1,0.35
189.61,2.11,0.1,0.35
189.62,2.11,0.1,0.35
189.63,2.11,0.1,0.35
189.64,2.11,0.1,0.35
189.65,2.11,0.1,0.35
189.66,2.12,0.1,0.35
189.67,2.12,0.1,0.35
189.68,2.12,0.1,0.35
189.69,2.12,0.1,0.35
189.7,2.12,0.1,0.35
189.71,2.12,0.1,0.35
189.72,2.12,0.1,0.35
189.73,2.12,0.1,0.35
189.74,2.12,0.1,0.35
189.75,2.12,0.1,0.35
189.76,2.13,0.1,0.35
189.77,2.13,0.1,0.35
189.78,2.13,0.1,0.35
189.79,2.13,0.1,0.35
189.8,2.13,0.1,0.35
189.81,2.13,0.1,0.35
189.82,2.13,0.1,0.35
189.83,2.13,0.1,0.35
189.84,2.13,0.1,0.35
189.85,2.13,0.1,0.35
189.86,2.13,0.1,0.35
189.87,2.14,0.1,0.35
189.88,2.14,0.1,0.35
189.89,2.14,0.1,0.35
189.9,2.14,0.1,0.35
189.91,2.14,0.1,0.35
189.92,2.14,0.1,0.35
189.93,2.14,0.1,0.35
189.94,2.14,0.1,0.35
189.95,2.14,0.1,0.35
189.96,2.14,0.1,0.35
189.97,2.15,0.1,0.35
189.98,2.15,0.1,0.35
189.99,2.15,0.1,0.35
190.0,2.15,0.1,0.35
190.01,2.15,0.1,0.35
190.02,2.15,0.1,0.35
190.03,2.15,0.1,0.35
190.04,2.15,0.1,0.35
190.05,2.15,0.1,0.35
190.06,2.15,0.1,0.35
190.07,2.15,0.1,0.35
190.08,2.16,0.1,0.35
190.09,2.16,0.09,0.35
190.1,2.16,0.09,0.35
190.11,2.16,0.09,0.35
190.12,2.16,0.09,0.35
190.13,2.16,0.09,0.35
190.14,2.16,0.09,0.35
190.15,2.16,0.09,0.35
190.16,2.16,0.09,0.35
190.17,2.16,0.09,0.35
190.18,2.17,0.09,0.35
190.19,2.17,0.09,0.35
190.2,2.17,0.09,0.35
190.21,2.17,0.09,0.35
190.22,2.17,0.09,0.35
190.23,2.17,0.09,0.35
190.24,2.17,0.09,0.35
190.25,2.17,0.09,0.35
190.26,2.17,0.09,0.35
190.27,2.17,0.09,0.35
190.28,2.17,0.09,0.35
190.29,2.18,0.09,0.35
190.3,2.18,0.09,0.36
190.31,2.18,0.09,0.36
190.32,2.18,0.09,0.36
190.33,2.18,0.09,0.36
190.34,2.18,0.09,0.36
190.35,2.18,0.09,0.36
190.36,2.18,0.09,0.36
190.37,2.18,0.09,0.36
190.38,2.18,0.09,0.36
190.39,2.18,0.09,0.36
190.4,2.19,0.09,0.36
190.41,2.19,0.09,0.36
190.42,2.19,0.09,0.36
190.43,2.19,0.09,0.36
190.44,2.19,0.09,0.36
190.45,2.19,0.09,0.36
190.46,2.19,0.09,0.36
190.47,2.19,0.09,0.36
190.48,2.19,0.09,0.36
190.49,2.19,0.09,0.36
190.5,2.2,0.09,0.36
190.51,2.2,0.09,0.36
190.52,2.2,0.09,0.36
190.53,2.2,0.09,0.36
190.54,2.2,0.09,0.36
190.55,2.2,0.09,0.36
190.56,2.2,0.09,0.36
190.57,2.2,0.09,0.36
190.58,2.2,0.09,0.36
190.59,2.2,0.09,0.36
190.6,2.2,0.09,0.36
190.61,2.21,0.09,0.36
190.62,2.21,0.09,0.36
190.63,2.21,0.09,0.36
190.64,2.21,0.09,0.36
190.65,2.21,0.09,0.36
190.66,2.21,0.09,0.36
190.67,2.21,0.09,0.36
190.68,2.21,0.09,0.36
190.69,2.21,0.09,0.36
190.7,2.21,0.09,0.36
190.71,2.21,0.09,0.36
190.72,2.22,0.09,0.36
190.73,2.22,0.09,0.36
190.74,2.22,0.09,0.36
190.75,2.22,0.09,0.36
190.76,2.22,0.09,0.36
190.77,2.22,0.09,0.36
190.78,2.22,0.09,0.36
190.79,2.22,0.09,0.36
190.8,2.22,0.09,0.36
190.81,2.22,0.09,0.36
190.82,2.22,0.09,0.36
190.83,2.23,0.09,0.36
190.84,2.23,0.09,0.36
190.85,2.23,0.09,0.36
190.86,2.23,0.09,0.36
190.87,2.23,0.09,0.36
190.88,2.23,0.09,0.36
190.89,2.23,0.09,0.36
190.9,2.23,0.09,0.36
190.91,2.23,0.09,0.36
190.92,2.23,0.09,0.36
190.93,2.23,0.09,0.36
190.94,2.23,0.09,0.36
190.95,2.24,0.09,0.36
190.96,2.24,0.09,0.36
190.97,2.24,0.09,0.36
190.98,2.24,0.09,0.36
190.99,2.24,0.09,0.36
191.0,2.24,0.09,0.36
191.01,2.24,0.09,0.36
191.02,2.24,0.09,0.36
191.03,2.24,0.09,0.36
191.04,2.24,0.09,0.36
191.05,2.24,0.09,0.36
191.06,2.25,0.09,0.36
191.07,2.25,0.09,0.36
191.08,2.25,0.09,0.36
191.09,2.25,0.09,0.36
191.1,2.25,0.09,0.36
191.11,2.25,0.09,0.36
191.12,2.25,0.09,0.36
191.13,2.25,0.09,0.36
191.14,2.25,0.09,0.36
191.15,2.25,0.09,0.36
191.16,2.25,0.09,0.36
191.17,2.25,0.09,0.36
191.18,2.26,0.09,0.36
191.19,2.26,0.09,0.36
191.2,2.26,0.09,0.36
191.21,2.26,0.09,0.36
191.22,2.26,0.09,0.36
191.23,2.26,0.09,0.36
191.24,2.26,0.09,0.36
191.25,2.26,0.09,0.36
191.26,2.26,0.09,0.36
191.27,2.26,0.08,0.36
191.28,2.26,0.08,0.36
191.29,2.27,0.08,0.36
191.3,2.27,0.08,0.36
191.31,2.27,0.08,0.36
191.32,2.27,0.08,0.36
191.33,2.27,0.08,0.36
191.34,2.27,0.08,0.36
191.35,2.27,0.08,0.36
191.36,2.27,0.08,0.36
191.37,2.27,0.08,0.36
191.38,2.27,0.08,0.36
191.39,2.27,0.08,0.36
191.4,2.27,0.08,0.36
191.41,2.28,0.08,0.36
191.42,2.28,0.08,0.36
191.43,2.28,0.08,0.36
191.44,2.28,0.08,0.36
191.45,2.28,0.08,0.36
191.46,2.28,0.08,0.36
191.47,2.28,0.08,0.36
191.48,2.28,0.08,0.36
191.49,2.28,0.08,0.36
191.5,2.28,0.08,0.36
191.51,2.28,0.08,0.36
191.52,2.28,0.08,0.36
191.53,2.29,0.08,0.36
191.54,2.29,0.08,0.36
191.55,2.29,0.08,0.36
191.56,2.29,0.08,0.36
191.57,2.29,0.08,0.36
191.58,2.29,0.08,0.36
191.59,2.29,0.08,0.36
191.6,2.29,0.08,0.36
191.61,2.29,0.08,0.36
191.62,2.29,0.08,0.36
191.63,2.29,0.08,0.36
191.64,2.29,0.08,0.36
191.65,2.29,0.08,0.36
191.66,2.3,0.08,0.36
191.67,2.3,0.08,0.36
191.68,2.3,0.08,0.36
191.69,2.3,0.08,0.36
191.7,2.3,0.08,0.36
191.71,2.3,0.08,0.36
191.72,2.3,0.08,0.36
191.73,2.3,0.08,0.36
191.74,2.3,0.08,0.36
191.75,2.3,0.08,0.36
191.76,2.3,0.08,0.36
191.77,2.3,0.08,0.36
191.78,2.31,0.08,0.36
191.79,2.31,0.08,0.36
191.8,2.31,0.08,0.36
191.81,2.31,0.08,0.36
191.82,2.31,0.08,0.36
191.83,2.31,0.08,0.36
191.84,2.31,0.08,0.36
191.85,2.31,0.08,0.36
191.86,2.31,0.08,0.36
191.87,2.31,0.08,0.36
191.88,2.31,0.08,0.36
191.89,2.31,0.08,0.36
191.9,2.31,0.08,0.36
191.91,2.32,0.08,0.36
191.92,2.32,0.08,0.36
191.93,2.32,0.08,0.36
191.94,2.32,0.08,0.36
191.95,2.32,0.08,0.36
191.96,2.32,0.08,0.36
191.97,2.32,0.08,0.36
191.98,2.32,0.08,0.36
191.99,2.32,0.08,0.37
192.0,2.32,0.08,0.37
192.01,2.32,0.08,0.37
192.02,2.32,0.08,0.37
192.03,2.32,0.08,0.37
192.04,2.33,0.08,0.37
192.05,2.33,0.08,0.37
192.06,2.33,0.08,0.37
192.07,2.33,0.08,0.37
192.08,2.33,0.08,0.37
192.09,2.33,0.08,0.37
192.1,2.33,0.08,0.37
192.11,2.33,0.07,0.37
192.12,2.33,0.07,0.37
192.13,2.33,0.07,0.37
192.14,2.33,0.07,0.37
192.15,2.33,0.07,0.37
192.16,2.33,0.07,0.37
192.17,2.34,0.07,0.37
192.18,2.34,0.07,0.37
192.19,2.34,0.07,0.37
192.2,2.34,0.07,0.37
192.21,2.34,0.07,0.37
192.22,2.34,0.07,0.37
192.23,2.34,0.07,0.37
192.24,2.34,0.07,0.37
192.25,2.34,0.07,0.37
192.26,2.34,0.07,0.37
192.27,2.34,0.07,0.37
192.28,2.34,0.07,0.37
192.29,2.34,0.07,0.37
192.3,2.34,0.07,0.37
192.31,2.35,0.07,0.37
192.32,2.35,0.07,0.37
192.33,2.35,0.07,0.37
192.34,2.35,0.07,0.37
192.35,2.35,0.07,0.37
192.36,2.35,0.07,0.37
192.37,2.35,0.07,0.37
192.38,2.35,0.07,0.37
192.39,2.35,0.07,0.37
192.4,2.35,0.07,0.37
192.41,2.35,0.07,0.37
192.42,2.35,0.07,0.37
192.43,2.35,0.07,0.37
192.44,2.35,0.07,0.37
192.45,2.36,0.07,0.37
192.46,2.36,0.07,0.37
192.47,2.36,0.07,0.37
192.48,2.36,0.07,0.37
192.49,2.36,0.07,0.37
192.5,2.36,0.07,0.37
192.51,2.36,0.07,0.37
192.52,2.36,0.07,0.37
192.53,2.36,0.07,0.37
192.54,2.36,0.07,0.37
192.55,2.36,0.07,0.37
192.56,2.36,0.07,0.37
192.57,2.36,0.07,0.37
192.58,2.36,0.07,0.37
192.59,2.37,0.07,0.37
192.6,2.37,0.07,0.37
192.61,2.37,0.07,0.37
192.62,2.37,0.07,0.37
192.63,2.37,0.07,0.37
192.64,2.37,0.07,0.37
192.65,2.37,0.07,0.37
192.66,2.37,0.07,0.37
192.67,2.37,0.07,0.37
192.68,2.37,0.07,0.37
192.69,2.37,0.07,0.37
192.7,2.37,0.07,0.37
192.71,2.37,0.07,0.37
192.72,2.37,0.07,0.37
192.73,2.37,0.07,0.37
192.74,2.38,0.07,0.37
192.75,2.38,0.07,0.37
192.76,2.38,0.07,0.37
192.77,2.38,0.07,0.37
192.78,2.38,0.07,0.37
192.79,2.38,0.07,0.37
192.8,2.38,0.07,0.37
192.81,2.38,0.07,0.37
192.82,2.38,0.06,0.37
192.83,2.38,0.06,0.37
192.84,2.38,0.06,0.37
192.85,2.38,0.06,0.37
192.86,2.38,0.06,0.37
192.87,2.38,0.06,0.37
192.88,2.38,0.06,0.37
192.89,2.39,0.06,0.37
192.9,2.39,0.06,0.37
192.91,2.39,0.06,0.37
192.92,2.39,0.06,0.37
192.93,2.39,0.06,0.37
192.94,2.39,0.06,0.37
192.95,2.39,0.06,0.37
192.96,2.39,0.06,0.37
192.97,2.39,0.06,0.37
192.98,2.39,0.06,0.37
192.99,2.39,0.06,0.37
193.0,2.39,0.06,0.37
193.01,2.39,0.06,0.37
193.02,2.39,0.06,0.37
193.03,2.39,0.06,0.37
193.04,2.39,0.06,0.37
193.05,2.4,0.06,0.37
193.06,2.4,0.06,0.37
193.07,2.4,0.06,0.37
193.08,2.4,0.06,0.37
193.09,2.4,0.06,0.37
193.1,2.4,0.06,0.37
193.11,2.4,0.06,0.37
193.12,2.4,0.06,0.37
193.13,2.4,0.06,0.37
193.14,2.4,0.06,0.37
193.15,2.4,0.06,0.37
193.16,2.4,0.06,0.37
193.17,2.4,0.06,0.37
193.18,2.4,0.06,0.37
193.19,2.4,0.06,0.37
193.2,2.4,0.06,0.37
193.21,2.4,0.06,0.37
193.22,2.41,0.06,0.37
193.23,2.41,0.06,0.37
193.24,2.41,0.06,0.37
193.25,2.41,0.06,0.37
193.26,2.41,0.06,0.37
193.27,2.41,0.06,0.37
193.28,2.41,0.06,0.37
193.29,2.41,0.06,0.37
193.3,2.41,0.06,0.37
193.31,2.41,0.06,0.37
193.32,2.41,0.06,0.37
193.33,2.41,0.06,0.37
193.34,2.41,0.06,0.37
193.35,2.41,0.06,0.37
193.36,2.41,0.06,0.37
193.37,2.41,0.06,0.37
193.38,2.41,0.06,0.37
193.39,2.41,0.06,0.37
193.4,2.42,0.06,0.37
193.41,2.42,0.06,0.38
193.42,2.42,0.06,0.38
193.43,2.42,0.06,0.38
193.44,2.42,0.05,0.38
193.45,2.42,0.05,0.38
193.46,2.42,0.05,0.38
193.47,2.42,0.05,0.38
193.48,2.42,0.05,0.38
193.49,2.42,0.05,0.38
193.5,2.42,0.05,0.38
193.51,2.42,0.05,0.38
193.52,2.42,0.05,0.38
193.53,2.42,0.05,0.38
193.54,2.42,0.05,0.38
193.55,2.42,0.05,0.38
193.56,2.42,0.05,0.38
193.57,2.42,0.05,0.38
193.58,2.43,0.05,0.38
193.59,2.43,0.05,0.38
193.6,2.43,0.05,0.38
193.61,2.43,0.05,0.38
193.62,2.43,0.05,0.38
193.63,2.43,0.05,0.38
193.64,2.43,0.05,0.38
193.65,2.43,0.05,0.38
193.66,2.43,0.05,0.38
193.67,2.43,0.05,0.38
193.68,2.43,0.05,0.38
193.69,2.43,0.05,0.38
193.7,2.43,0.05,0.38
193.71,2.43,0.05,0.38
193.72,2.43,0.05,0.38
193.73,2.43,0.05,0.38
193.74,2.43,0.05,0.38
193.75,2.43,0.05,0.38
193.76,2.43,0.05,0.38
193.77,2.43,0.05,0.38
193.78,2.44,0.05,0.38
193.79,2.44,0.05,0.38
193.8,2.44,0.05,0.38
193.81,2.44,0.05,0.38
193.82,2.44,0.05,0.38
193.83,2.44,0.05,0.38
193.84,2.44,0.05,0.38
193.85,2.44,0.05,0.38
193.86,2.44,0.05,0.38
193.87,2.44,0.05,0.38
193.88,2.44,0.05,0.38
193.89,2.44,0.05,0.38
193.9,2.44,0.05,0.38
193.91,2.44,0.05,0.38
193.92,2.44,0.05,0.38
193.93,2.44,0.05,0.38
193.94,2.44,0.05,0.38
193.95,2.44,0.05,0.38
193.96,2.44,0.05,0.38
193.97,2.44,0.05,0.38
193.98,2.44,0.05,0.38
193.99,2.45,0.05,0.38
194.0,2.45,0.05,0.38
194.01,2.45,0.05,0.38
194.02,2.45,0.04,0.38
194.03,2.45,0.04,0.38
194.04,2.45,0.04,0.38
194.05,2.45,0.04,0.38
194.06,2.45,0.04,0.38
194.07,2.45,0.04,0.38
194.08,2.45,0.04,0.38
194.09,2.45,0.04,0.38
194.1,2.45,0.04,0.38
194.11,2.45,0.04,0.38
194.12,2.45,0.04,0.38
194.13,2.45,0.04,0.38
194.14,2.45,0.04,0.38
194.15,2.45,0.04,0.38
194.16,2.45,0.04,0.38
194.17,2.45,0.04,0.38
194.18,2.45,0.04,0.38
194.19,2.45,0.04,0.38
194.2,2.45,0.04,0.38
194.21,2.45,0.04,0.38
194.22,2.46,0.04,0.38
194.23,2.46,0.04,0.38
194.24,2.46,0.04,0.38
194.25,2.46,0.04,0.38
194.26,2.46,0.04,0.38
194.27,2.46,0.04,0.38
194.28,2.46,0.04,0.38
194.29,2.46,0.04,0.38
194.3,2.46,0.04,0.38
194.31,2.46,0.04,0.38
194.32,2.46,0.04,0.38
194.33,2.46,0.04,0.38
194.34,2.46,0.04,0.38
194.35,2.46,0.04,0.38
194.36,2.46,0.04,0.38
194.37,2.46,0.04,0.38
194.38,2.46,0.04,0.38
194.39,2.46,0.04,0.38
194.4,2.46,0.04,0.38
194.41,2.46,0.04,0.38
194.42,2.46,0.04,0.38
194.43,2.46,0.04,0.38
194.44,2.46,0.04,0.38
194.45,2.46,0.04,0.38
194.46,2.46,0.04,0.38
194.47,2.47,0.04,0.38
194.48,2.47,0.04,0.38
194.49,2.47,0.04,0.38
194.5,2.47,0.04,0.38
194.51,2.47,0.04,0.38
194.52,2.47,0.04,0.38
194.53,2.47,0.04,0.38
194.54,2.47,0.04,0.38
194.55,2.47,0.04,0.38
194.56,2.47,0.04,0.38
194.57,2.47,0.03,0.38
194.58,2.47,0.03,0.38
194.59,2.47,0.03,0.38
194.6,2.47,0.03,0.38
194.61,2.47,0.03,0.38
194.62,2.47,0.03,0.38
194.63,2.47,0.03,0.38
194.64,2.47,0.03,0.38
194.65,2.47,0.03,0.38
194.66,2.47,0.03,0.38
194.67,2.47,0.03,0.38
194.68,2.47,0.03,0.38
194.69,2.47,0.03,0.38
194.7,2.47,0.03,0.38
194.71,2.47,0.03,0.38
194.72,2.47,0.03,0.39
194.73,2.47,0.03,0.39
194.74,2.47,0.03,0.39
194.75,2.47,0.03,0.39
194.76,2.47,0.03,0.39
194.77,2.48,0.03,0.39
194.78,2.48,0.03,0.39
194.79,2.48,0.03,0.39
194.8,2.48,0.03,0.39
194.81,2.48,0.03,0.39
194.82,2.48,0.03,0.39
194.83,2.48,0.03,0.39
194.84,2.48,0.03,0.39
194.85,2.48,0.03,0.39
194.86,2.48,0.03,0.39
194.87,2.48,0.03,0.39
194.88,2.48,0.03,0.39
194.89,2.48,0.03,0.39
194.9,2.48,0.03,0.39
194.91,2.48,0.03,0.39
194.92,2.48,0.03,0.39
194.93,2.48,0.03,0.39
194.94,2.48,0.03,0.39
194.95,2.48,0.03,0.39
194.96,2.48,0.03,0.39
194.97,2.48,0.03,0.39
194.98,2.48,0.03,0.39
194.99,2.48,0.03,0.39
195.0,2.48,0.03,0.39
195.01,2.48,0.03,0.39
195.02,2.48,0.03,0.39
195.03,2.48,0.03,0.39
195.04,2.48,0.03,0.39
195.05,2.48,0.03,0.39
195.06,2.48,0.03,0.39
195.07,2.48,0.03,0.39
195.08,2.48,0.03,0.39
195.09,2.48,0.02,0.39
195.1,2.48,0.02,0.39
195.11,2.48,0.02,0.39
195.12,2.48,0.02,0.39
195.13,2.49,0.02,0.39
195.14,2.49,0.02,0.39
195.15,2.49,0.02,0.39
195.16,2.49,0.02,0.39
195.17,2.49,0.02,0.39
195.18,2.49,0.02,0.39
195.19,2.49,0.02,0.39
195.2,2.49,0.02,0.39
195.21,2.49,0.02,0.39
195.22,2.49,0.02,0.39
195.23,2.49,0.02,0.39
195.24,2.49,0.02,0.39
195.25,2.49,0.02,0.39
195.26,2.49,0.02,0.39
195.27,2.49,0.02,0.39
195.28,2.49,0.02,0.39
195.29,2.49,0.02,0.39
195.3,2.49,0.02,0.39
195.31,2.49,0.02,0.39
195.32,2.49,0.02,0.39
195.33,2.49,0.02,0.39
195.34,2.49,0.02,0.39
195.35,2.49,0.02,0.39
195.36,2.49,0.02,0.39
195.37,2.49,0.02,0.39
195.38,2.49,0.02,0.39
195.39,2.49,0.02,0.39
195.4,2.49,0.02,0.39
195.41,2.49,0.02,0.39
195.42,2.49,0.02,0.39
195.43,2.49,0.02,0.39
195.44,2.49,0.02,0.39
195.45,2.49,0.02,0.39
195.46,2.49,0.02,0.39
195.47,2.49,0.02,0.39
195.48,2.49,0.02,0.39
195.49,2.49,0.02,0.39
195.5,2.49,0.02,0.39
195.51,2.49,0.02,0.39
195.52,2.49,0.02,0.39
195.53,2.49,0.02,0.39
195.54,2.49,0.02,0.39
195.55,2.49,0.02,0.39
195.56,2.49,0.02,0.39
195.57,2.49,0.02,0.39
195.58,2.49,0.02,0.39
195.59,2.49,0.02,0.39
195.6,2.49,0.01,0.39
195.61,2.49,0.01,0.39
195.62,2.49,0.01,0.39
195.63,2.49,0.01,0.39
195.64,2.49,0.01,0.39
195.65,2.5,0.01,0.39
195.66,2.5,0.01,0.39
195.67,2.5,0.01,0.39
195.68,2.5,0.01,0.39
195.69,2.5,0.01,0.39
195.7,2.5,0.01,0.39
195.71,2.5,0.01,0.39
195.72,2.5,0.01,0.39
195.73,2.5,0.01,0.39
195.74,2.5,0.01,0.39
195.75,2.5,0.01,0.39
195.76,2.5,0.01,0.39
195.77,2.5,0.01,0.39
195.78,2.5,0.01,0.39
195.79,2.5,0.01,0.39
195.8,2.5,0.01,0.39
195.81,2.5,0.01,0.39
195.82,2.5,0.01,0.39
195.83,2.5,0.01,0.39
195.84,2.5,0.01,0.39
195.85,2.5,0.01,0.39
195.86,2.5,0.01,0.39
195.87,2.5,0.01,0.39
195.88,2.5,0.01,0.39
195.89,2.5,0.01,0.39
195.9,2.5,0.01,0.39
195.91,2.5,0.01,0.39
195.92,2.5,0.01,0.39
195.93,2.5,0.01,0.39
195.94,2.5,0.01,0.39
195.95,2.5,0.01,0.39
195.96,2.5,0.01,0.39
195.97,2.5,0.01,0.39
195.98,2.5,0.01,0.4
195.99,2.5,0.01,0.4
196.0,2.5,0.01,0.4
196.01,2.5,0.01,0.4
196.02,2.5,0.01,0.4
196.03,2.5,0.01,0.4
196.04,2.5,0.01,0.4
196.05,2.5,0.01,0.4
196.06,2.5,0.01,0.4
196.07,2.5,0.01,0.4
196.08,2.5,0.01,0.4
196.09,2.5,0.01,0.4
196.1,2.5,0.0,0.4
196.11,2.5,0.0,0.4
196.12,2.5,0.0,0.4
196.13,2.5,0.0,0.4
196.14,2.5,0.0,0.4
196.15,2.5,0.0,0.4
196.16,2.5,0.0,0.4
196.17,2.5,0.0,0.4
196.18,2.5,0.0,0.4
196.19,2.5,0.0,0.4
196.2,2.5,0.0,0.4
196.21,2.5,0.0,0.4
196.22,2.5,0.0,0.4
196.23,2.5,0.0,0.4
196.24,2.5,0.0,0.4
196.25,2.5,0.0,0.4
196.26,2.5,0.0,0.4
196.27,2.5,0.0,0.4
196.28,2.5,0.0,0.4
196.29,2.5,0.0,0.4
196.3,2.5,0.0,0.4
196.31,2.5,0.0,0.4
196.32,2.5,0.0,0.4
196.33,2.5,0.0,0.4
196.34,2.5,0.0,0.4
196.35,2.5,-0.0,0.4
196.36,2.5,-0.0,0.4
196.37,2.5,-0.0,0.4
196.38,2.5,-0.0,0.4
196.39,2.5,-0.0,0.4
196.4,2.5,-0.0,0.4
196.41,2.5,-0.0,0.4
196.42,2.5,-0.0,0.4
196.43,2.5,-0.0,0.4
196.44,2.5,-0.0,0.4
196.45,2.5,-0.0,0.4
196.46,2.5,-0.0,0.4
196.47,2.5,-0.0,0.4
196.48,2.5,-0.0,0.4
196.49,2.5,-0.0,0.4
196.5,2.5,-0.0,0.4
196.51,2.5,-0.0,0.4
196.52,2.5,-0.0,0.4
196.53,2.5,-0.0,0.4
196.54,2.5,-0.0,0.4
196.55,2.5,-0.0,0.4
196.56,2.5,-0.0,0.4
196.57,2.5,-0.0,0.4
196.58,2.5,-0.0,0.4
196.59,2.5,-0.0,0.4
196.6,2.5,-0.01,0.4
196.61,2.5,-0.01,0.4
196.62,2.5,-0.01,0.4
196.63,2.5,-0.01,0.4
196.64,2.5,-0.01,0.4
196.65,2.5,-0.01,0.4
196.66,2.5,-0.01,0.4
196.67,2.5,-0.01,0.4
196.68,2.5,-0.01,0.4
196.69,2.5,-0.01,0.4
196.7,2.5,-0.01,0.4
196.71,2.5,-0.01,0.4
196.72,2.5,-0.01,0.4
196.73,2.5,-0.01,0.4
196.74,2.5,-0.01,0.4
196.75,2.5,-0.01,0.4
196.76,2.5,-0.01,0.4
196.77,2.5,-0.01,0.4
196.78,2.5,-0.01,0.4
196.79,2.5,-0.01,0.4
196.8,2.5,-0.01,0.4
196.81,2.5,-0.01,0.4
196.82,2.5,-0.01,0.4
196.83,2.5,-0.01,0.4
196.84,2.5,-0.01,0.4
196.85,2.5,-0.01,0.4
196.86,2.5,-0.01,0.4
196.87,2.5,-0.01,0.4
196.88,2.5,-0.01,0.4
196.89,2.5,-0.01,0.4
196.9,2.5,-0.01,0.4
196.91,2.5,-0.01,0.4
196.92,2.5,-0.01,0.4
196.93,2.5,-0.01,0.4
196.94,2.5,-0.01,0.4
196.95,2.5,-0.01,0.4
196.96,2.5,-0.01,0.4
196.97,2.5,-0.01,0.4
196.98,2.5,-0.01,0.4
196.99,2.5,-0.01,0.4
197.0,2.5,-0.01,0.4
197.01,2.5,-0.01,0.4
197.02,2.5,-0.01,0.4
197.03,2.5,-0.01,0.4
197.04,2.5,-0.01,0.4
197.05,2.5,-0.01,0.4
197.06,2.49,-0.01,0.4
197.07,2.49,-0.01,0.4
197.08,2.49,-0.01,0.4
197.09,2.49,-0.01,0.4
197.1,2.49,-0.01,0.4
197.11,2.49,-0.02,0.4
197.12,2.49,-0.02,0.4
197.13,2.49,-0.02,0.4
197.14,2.49,-0.02,0.4
197.15,2.49,-0.02,0.4
197.16,2.49,-0.02,0.4
197.17,2.49,-0.02,0.4
197.18,2.49,-0.02,0.4
197.19,2.49,-0.02,0.4
197.2,2.49,-0.02,0.4
197.21,2.49,-0.02,0.4
197.22,2.49,-0.02,0.4
197.23,2.49,-0.02,0.41
197.24,2.49,-0.02,0.41
197.25,2.49,-0.02,0.41
197.26,2.49,-0.02,0.41
197.27,2.49,-0.02,0.41
197.28,2.49,-0.02,0.41
197.29,2.49,-0.02,0.41
197.3,2.49,-0.02,0.41
197.31,2.49,-0.02,0.41
197.32,2.49,-0.02,0.41
197.33,2.49,-0.02,0.41
197.34,2.49,-0.02,0.41
197.35,2.49,-0.02,0.41
197.36,2.49,-0.02,0.41
197.37,2.49,-0.02,0.41
197.38,2.49,-0.02,0.41
197.39,2.49,-0.02,0.41
197.4,2.49,-0.02,0.41
197.41,2.49,-0.02,0.41
197.42,2.49,-0.02,0.41
197.43,2.49,-0.02,0.41
197.44,2.49,-0.02,0.41
197.45,2.49,-0.02,0.41
197.46,2.49,-0.02,0.41
197.47,2.49,-0.02,0.41
197.48,2.49,-0.02,0.41
197.49,2.49,-0.02,0.41
197.5,2.49,-0.02,0.41
197.51,2.49,-0.02,0.41
197.52,2.49,-0.02,0.41
197.53,2.49,-0.02,0.41
197.54,2.49,-0.02,0.41
197.55,2.49,-0.02,0.41
197.56,2.49,-0.02,0.41
197.57,2.49,-0.02,0.41
197.58,2.48,-0.02,0.41
197.59,2.48,-0.02,0.41
197.6,2.48,-0.02,0.41
197.61,2.48,-0.02,0.41
197.62,2.48,-0.03,0.41
197.63,2.48,-0.03,0.41
197.64,2.48,-0.03,0.41
197.65,2.48,-0.03,0.41
197.66,2.48,-0.03,0.41
197.67,2.48,-0.03,0.41
197.68,2.48,-0.03,0.41
197.69,2.48,-0.03,0.41
197.7,2.48,-0.03,0.41
197.71,2.48,-0.03,0.41
197.72,2.48,-0.03,0.41
197.73,2.48,-0.03,0.41
197.74,2.48,-0.03,0.41
197.75,2.48,-0.03,0.41
197.76,2.48,-0.03,0.41
197.77,2.48,-0.03,0.41
197.78,2.48,-0.03,0.41
197.79,2.48,-0.03,0.41
197.8,2.48,-0.03,0.41
197.81,2.48,-0.03,0.41
197.82,2.48,-0.03,0.41
197.83,2.48,-0.03,0.41
197.84,2.48,-0.03,0.41
197.85,2.48,-0.03,0.41
197.86,2.48,-0.03,0.41
197.87,2.48,-0.03,0.41
197.88,2.48,-0.03,0.41
197.89,2.48,-0.03,0.41
197.9,2.48,-0.03,0.41
197.91,2.48,-0.03,0.41
197.92,2.48,-0.03,0.41
197.93,2.48,-0.03,0.41
197.94,2.47,-0.03,0.41
197.95,2.47,-0.03,0.41
197.96,2.47,-0.03,0.41
197.97,2.47,-0.03,0.41
197.98,2.47,-0.03,0.41
197.99,2.47,-0.03,0.41
198.0,2.47,-0.03,0.41
198.01,2.47,-0.03,0.41
198.02,2.47,-0.03,0.41
198.03,2.47,-0.03,0.41
198.04,2.47,-0.03,0.41
198.05,2.47,-0.03,0.41
198.06,2.47,-0.03,0.41
198.07,2.47,-0.03,0.41
198.08,2.47,-0.03,0.41
198.09,2.47,-0.03,0.41
198.1,2.47,-0.03,0.41
198.11,2.47,-0.03,0.41
198.12,2.47,-0.03,0.41
198.13,2.47,-0.03,0.41
198.14,2.47,-0.04,0.41
198.15,2.47,-0.04,0.41
198.16,2.47,-0.04,0.41
198.17,2.47,-0.04,0.41
198.18,2.47,-0.04,0.41
198.19,2.47,-0.04,0.41
198.2,2.47,-0.04,0.41
198.21,2.47,-0.04,0.41
198.22,2.47,-0.04,0.41
198.23,2.47,-0.04,0.41
198.24,2.46,-0.04,0.41
198.25,2.46,-0.04,0.41
198.26,2.46,-0.04,0.41
198.27,2.46,-0.04,0.41
198.28,2.46,-0.04,0.41
198.29,2.46,-0.04,0.41
198.3,2.46,-0.04,0.41
198.31,2.46,-0.04,0.41
198.32,2.46,-0.04,0.41
198.33,2.46,-0.04,0.41
198.34,2.46,-0.04,0.41
198.35,2.46,-0.04,0.41
198.36,2.46,-0.04,0.41
198.37,2.46,-0.04,0.41
198.38,2.46,-0.04,0.41
198.39,2.46,-0.04,0.41
198.4,2.46,-0.04,0.41
198.41,2.46,-0.04,0.41
198.42,2.46,-0.04,0.41
198.43,2.46,-0.04,0.41
198.44,2.46,-0.04,0.41
198.45,2.46,-0.04,0.41
198.46,2.46,-0.04,0.41
198.47,2.46,-0.04,0.41
198.48,2.46,-0.04,0.41
198.49,2.45,-0.04,0.41
198.5,2.45,-0.04,0.41
198.51,2.45,-0.04,0.42
198.52,2.45,-0.04,0.42
198.53,2.45,-0.04,0.42
198.54,2.45,-0.04,0.42
198.55,2.45,-0.04,0.42
198.56,2.45,-0.04,0.42
198.57,2.45,-0.04,0.42
198.58,2.45,-0.04,0.42
198.59,2.45,-0.04,0.42
198.6,2.45,-0.04,0.42
198.61,2.45,-0.04,0.42
198.62,2.45,-0.04,0.42
198.63,2.45,-0.04,0.42
198.64,2.45,-0.04,0.42
198.65,2.45,-0.04,0.42
198.66,2.45,-0.04,0.42
198.67,2.45,-0.04,0.42
198.68,2.45,-0.04,0.42
198.69,2.45,-0.05,0.42
198.7,2.45,-0.05,0.42
198.71,2.45,-0.05,0.42
198.72,2.44,-0.05,0.42
198.73,2.44,-0.05,0.42
198.74,2.44,-0.05,0.42
198.75,2.44,-0.05,0.42
198.76,2.44,-0.05,0.42
198.77,2.44,-0.05,0.42
198.78,2.44,-0.05,0.42
198.79,2.44,-0.05,0.42
198.8,2.44,-0.05,0.42
198.81,2.44,-0.05,0.42
198.82,2.44,-0.05,0.42
198.83,2.44,-0.05,0.42
198.84,2.44,-0.05,0.42
198.85,2.44,-0.05,0.42
198.86,2.44,-0.05,0.42
198.87,2.44,-0.05,0.42
198.88,2.44,-0.05,0.42
198.89,2.44,-0.05,0.42
198.9,2.44,-0.05,0.42
198.91,2.44,-0.05,0.42
198.92,2.44,-0.05,0.42
198.93,2.43,-0.05,0.42
198.94,2.43,-0.05,0.42
198.95,2.43,-0.05,0.42
198.96,2.43,-0.05,0.42
198.97,2.43,-0.05,0.42
198.98,2.43,-0.05,0.42
198.99,2.43,-0.05,0.42
199.0,2.43,-0.05,0.42
199.01,2.43,-0.05,0.42
199.02,2.43,-0.05,0.42
199.03,2.43,-0.05,0.42
199.04,2.43,-0.05,0.42
199.05,2.43,-0.05,0.42
199.06,2.43,-0.05,0.42
199.07,2.43,-0.05,0.42
199.08,2.43,-0.05,0.42
199.09,2.43,-0.05,0.42
199.1,2.43,-0.05,0.42
199.11,2.43,-0.05,0.42
199.12,2.43,-0.05,0.42
199.13,2.42,-0.05,0.42
199.14,2.42,-0.05,0.42
199.15,2.42,-0.05,0.42
199.16,2.42,-0.05,0.42
199.17,2.42,-0.05,0.42
199.18,2.42,-0.05,0.42
199.19,2.42,-0.05,0.42
199.2,2.42,-0.05,0.42
199.21,2.42,-0.05,0.42
199.22,2.42,-0.05,0.42
199.23,2.42,-0.05,0.42
199.24,2.42,-0.05,0.42
199.25,2.42,-0.05,0.42
199.26,2.42,-0.05,0.42
199.27,2.42,-0.06,0.42
199.28,2.42,-0.06,0.42
199.29,2.42,-0.06,0.42
199.3,2.42,-0.06,0.42
199.31,2.41,-0.06,0.42
199.32,2.41,-0.06,0.42
199.33,2.41,-0.06,0.42
199.34,2.41,-0.06,0.42
199.35,2.41,-0.06,0.42
199.36,2.41,-0.06,0.42
199.37,2.41,-0.06,0.42
199.38,2.41,-0.06,0.42
199.39,2.41,-0.06,0.42
199.4,2.41,-0.06,0.42
199.41,2.41,-0.06,0.42
199.42,2.41,-0.06,0.42
199.43,2.41,-0.06,0.42
199.44,2.41,-0.06,0.42
199.45,2.41,-0.06,0.42
199.46,2.41,-0.06,0.42
199.47,2.41,-0.06,0.42
199.48,2.41,-0.06,0.42
199.49,2.4,-0.06,0.42
199.5,2.4,-0.06,0.42
199.51,2.4,-0.06,0.42
199.52,2.4,-0.06,0.42
199.53,2.4,-0.06,0.42
199.54,2.4,-0.06,0.42
199.55,2.4,-0.06,0.42
199.56,2.4,-0.06,0.42
199.57,2.4,-0.06,0.42
199.58,2.4,-0.06,0.42
199.59,2.4,-0.06,0.42
199.6,2.4,-0.06,0.42
199.61,2.4,-0.06,0.42
199.62,2.4,-0.06,0.42
199.63,2.4,-0.06,0.42
199.64,2.4,-0.06,0.42
199.65,2.39,-0.06,0.42
199.66,2.39,-0.06,0.42
199.67,2.39,-0.06,0.42
199.68,2.39,-0.06,0.42
199.69,2.39,-0.06,0.42
199.7,2.39,-0.06,0.42
199.71,2.39,-0.06,0.42
199.72,2.39,-0.06,0.42
199.73,2.39,-0.06,0.42
199.74,2.39,-0.06,0.42
199.75,2.39,-0.06,0.42
199.76,2.39,-0.06,0.42
199.77,2.39,-0.06,0.42
199.78,2.39,-0.06,0.42
199.79,2.39,-0.06,0.42
199.8,2.39,-0.06,0.42
199.81,2.38,-0.06,0.42
199.82,2.38,-0.06,0.42
199.83,2.38,-0.06,0.42
199.84,2.38,-0.06,0.42
199.85,2.38,-0.06,0.43
199.86,2.38,-0.06,0.43
199.87,2.38,-0.06,0.43
199.88,2.38,-0.06,0.43
199.89,2.38,-0.07,0.43
199.9,2.38,-0.07,0.43
199.91,2.38,-0.07,0.43
199.92,2.38,-0.07,0.43
199.93,2.38,-0.07,0.43
199.94,2.38,-0.07,0.43
199.95,2.38,-0.07,0.43
199.96,2.38,-0.07,0.43
199.97,2.37,-0.07,0.43
199.98,2.37,-0.07,0.43
199.99,2.37,-0.07,0.43
